title,issn,eissn,year,jif,jif_without_self_cites,source_url
ACAD MANAG ANN,1941-6520,1941-6067,2024,16.5,15.8,https://journalsimpactfactors.com/journal.php?id=223
ACAD MANAGE REV,0363-7425,1930-3807,2024,13.9,13.2,https://journalsimpactfactors.com/journal.php?id=303
ACCOUNTS CHEM RES,0001-4842,1520-4898,2024,17.7,17.6,https://journalsimpactfactors.com/journal.php?id=196
ACM COMPUT SURV,0360-0300,1557-7341,2024,28.0,27.6,https://journalsimpactfactors.com/journal.php?id=86
ACS CATAL,2155-5435,2155-5435,2024,13.1,12.4,https://journalsimpactfactors.com/journal.php?id=345
ACS ENERGY LETT,2380-8195,2380-8195,2024,18.2,17.4,https://journalsimpactfactors.com/journal.php?id=187
ACS NANO,1936-0851,1936-086X,2024,16.0,15.3,https://journalsimpactfactors.com/journal.php?id=238
ACTA NUMER,0962-4929,1474-0508,2024,11.3,11.3,https://journalsimpactfactors.com/journal.php?id=456
ACTA PHARM SIN B,2211-3835,2211-3843,2024,14.6,13.8,https://journalsimpactfactors.com/journal.php?id=278
ACTA PHYS-CHIM SIN,1000-6818,,2024,13.5,12.2,https://journalsimpactfactors.com/journal.php?id=324
ADDIT MANUF,2214-8604,2214-7810,2024,11.1,10.1,https://journalsimpactfactors.com/journal.php?id=473
ADV APPL ENERGY,2666-7924,2666-7924,2024,13.8,12.9,https://journalsimpactfactors.com/journal.php?id=307
ADV COLLOID INTERFAC,0001-8686,1873-3727,2024,19.3,18.9,https://journalsimpactfactors.com/journal.php?id=172
ADV COMPOS HYBRID MA,2522-0128,2522-0136,2024,21.8,20.2,https://journalsimpactfactors.com/journal.php?id=137
ADV DRUG DELIVER REV,0169-409X,1872-8294,2024,17.6,17.1,https://journalsimpactfactors.com/journal.php?id=198
ADV ENERGY MATER,1614-6832,1614-6840,2024,26.0,24.9,https://journalsimpactfactors.com/journal.php?id=103
ADV FIBER MATER,2524-7921,2524-793X,2024,21.3,20.1,https://journalsimpactfactors.com/journal.php?id=141
ADV FUNCT MATER,1616-301X,1616-3028,2024,19.0,17.7,https://journalsimpactfactors.com/journal.php?id=178
ADV IND ENG POLY RES,2542-5048,2542-5048,2024,12.0,11.8,https://journalsimpactfactors.com/journal.php?id=402
ADV MATER,0935-9648,1521-4095,2024,26.8,25.4,https://journalsimpactfactors.com/journal.php?id=94
ADV METH PRACT PSYCH,2515-2459,2515-2467,2024,13.4,13.1,https://journalsimpactfactors.com/journal.php?id=325
ADV OPT PHOTONICS,1943-8206,,2024,23.8,23.6,https://journalsimpactfactors.com/journal.php?id=121
ADV PHYS,0001-8732,1460-6976,2024,13.8,13.8,https://journalsimpactfactors.com/journal.php?id=310
AGEING RES REV,1568-1637,1872-9649,2024,12.4,12.0,https://journalsimpactfactors.com/journal.php?id=383
ALLERGY,0105-4538,1398-9995,2024,12.0,10.7,https://journalsimpactfactors.com/journal.php?id=400
ALZHEIMERS DEMENT,1552-5260,1552-5279,2024,11.1,10.0,https://journalsimpactfactors.com/journal.php?id=470
AM ECON REV,0002-8282,1944-7981,2024,11.6,11.4,https://journalsimpactfactors.com/journal.php?id=429
AM J BIOETHICS,1526-5161,1536-0075,2024,20.8,13.7,https://journalsimpactfactors.com/journal.php?id=148
AM J PSYCHIAT,0002-953X,1535-7228,2024,14.7,14.3,https://journalsimpactfactors.com/journal.php?id=275
AM J RESP CRIT CARE,1073-449X,1535-4970,2024,19.4,17.8,https://journalsimpactfactors.com/journal.php?id=170
ANAL METHODS ACCID R,2213-6657,2213-6665,2024,12.6,10.0,https://journalsimpactfactors.com/journal.php?id=367
ANN INTERN MED,0003-4819,1539-3704,2024,15.2,14.7,https://journalsimpactfactors.com/journal.php?id=259
ANN ONCOL,0923-7534,1569-8041,2024,65.4,64.5,https://journalsimpactfactors.com/journal.php?id=13
ANN RHEUM DIS,0003-4967,1468-2060,2024,20.6,19.9,https://journalsimpactfactors.com/journal.php?id=154
ANNU REV ASTRON ASTR,0066-4146,1545-4282,2024,32.5,32.0,https://journalsimpactfactors.com/journal.php?id=71
ANNU REV BIOCHEM,0066-4154,1545-4509,2024,20.5,20.4,https://journalsimpactfactors.com/journal.php?id=155
ANNU REV BIOPHYS,1936-122X,1936-1238,2024,13.7,13.6,https://journalsimpactfactors.com/journal.php?id=315
ANNU REV CELL DEV BI,1081-0706,1530-8995,2024,11.4,11.4,https://journalsimpactfactors.com/journal.php?id=454
ANNU REV CHEM BIOMOL,1947-5438,1947-5446,2024,12.8,12.7,https://journalsimpactfactors.com/journal.php?id=362
ANNU REV CLIN PSYCHO,1548-5943,1548-5951,2024,16.5,16.3,https://journalsimpactfactors.com/journal.php?id=222
ANNU REV CONDEN MA P,1947-5454,1947-5462,2024,30.7,30.7,https://journalsimpactfactors.com/journal.php?id=79
ANNU REV EARTH PL SC,0084-6597,1545-4495,2024,13.0,12.9,https://journalsimpactfactors.com/journal.php?id=352
ANNU REV ECOL EVOL S,1543-592X,1545-2069,2024,11.4,11.2,https://journalsimpactfactors.com/journal.php?id=455
ANNU REV ECON,1941-1383,1941-1391,2024,11.4,11.4,https://journalsimpactfactors.com/journal.php?id=449
ANNU REV ENTOMOL,0066-4170,1545-4487,2024,16.7,16.6,https://journalsimpactfactors.com/journal.php?id=217
ANNU REV ENV RESOUR,1543-5938,1545-2050,2024,16.0,15.9,https://journalsimpactfactors.com/journal.php?id=239
ANNU REV FLUID MECH,0066-4189,1545-4479,2024,30.2,30.0,https://journalsimpactfactors.com/journal.php?id=80
ANNU REV FOOD SCI T,1941-1413,1941-1421,2024,12.4,12.3,https://journalsimpactfactors.com/journal.php?id=384
ANNU REV IMMUNOL,0732-0582,1545-3278,2024,33.3,33.2,https://journalsimpactfactors.com/journal.php?id=64
ANNU REV MAR SCI,1941-1405,1941-0611,2024,18.9,18.6,https://journalsimpactfactors.com/journal.php?id=179
ANNU REV MED,0066-4219,1545-326X,2024,22.1,22.1,https://journalsimpactfactors.com/journal.php?id=132
ANNU REV NEUROSCI,0147-006X,1545-4126,2024,13.2,13.1,https://journalsimpactfactors.com/journal.php?id=337
ANNU REV NUTR,0199-9885,1545-4312,2024,13.4,13.2,https://journalsimpactfactors.com/journal.php?id=330
ANNU REV ORGAN PSYCH,2327-0608,2327-0616,2024,31.1,30.9,https://journalsimpactfactors.com/journal.php?id=75
ANNU REV PATHOL-MECH,1553-4006,1553-4014,2024,34.5,34.4,https://journalsimpactfactors.com/journal.php?id=61
ANNU REV PHARMACOL,0362-1642,1545-4304,2024,13.1,13.0,https://journalsimpactfactors.com/journal.php?id=343
ANNU REV PHYS CHEM,0066-426X,1545-1593,2024,11.7,11.6,https://journalsimpactfactors.com/journal.php?id=428
ANNU REV PHYSIOL,0066-4278,1545-1585,2024,19.1,19.0,https://journalsimpactfactors.com/journal.php?id=177
ANNU REV PHYTOPATHOL,0066-4286,1545-2107,2024,11.9,11.7,https://journalsimpactfactors.com/journal.php?id=414
ANNU REV PLANT BIOL,1543-5008,1545-2123,2024,26.5,26.3,https://journalsimpactfactors.com/journal.php?id=100
ANNU REV PSYCHOL,0066-4308,1545-2085,2024,29.4,29.2,https://journalsimpactfactors.com/journal.php?id=82
ANNU REV PUBL HEALTH,0163-7525,1545-2093,2024,20.7,20.5,https://journalsimpactfactors.com/journal.php?id=152
APPL CATAL B-ENVIRON,0926-3373,1873-3883,2024,21.1,19.9,https://journalsimpactfactors.com/journal.php?id=146
APPL ENERG,0306-2619,1872-9118,2024,11.0,9.8,https://journalsimpactfactors.com/journal.php?id=481
APPL MECH REV,0003-6900,2379-0407,2024,16.1,16.0,https://journalsimpactfactors.com/journal.php?id=236
APPL PHYS REV,1931-9401,1931-9401,2024,11.6,11.3,https://journalsimpactfactors.com/journal.php?id=439
ARCH COMPUT METHOD E,1134-3060,1886-1784,2024,12.1,11.9,https://journalsimpactfactors.com/journal.php?id=393
ARTIF INTELL AGR,2097-2113,2589-7217,2024,12.4,12.1,https://journalsimpactfactors.com/journal.php?id=382
ARTIF INTELL REV,0269-2821,1573-7462,2024,13.9,13.4,https://journalsimpactfactors.com/journal.php?id=304
ASIAN J PHARM SCI,1818-0876,1818-0876,2024,11.9,11.7,https://journalsimpactfactors.com/journal.php?id=408
ASTRON ASTROPHYS REV,0935-4956,1432-0754,2024,26.5,26.5,https://journalsimpactfactors.com/journal.php?id=99
ASTROPHYS J LETT,2041-8205,2041-8213,2024,11.7,10.8,https://journalsimpactfactors.com/journal.php?id=426
AUTOMAT CONSTR,0926-5805,1872-7891,2024,11.5,9.6,https://journalsimpactfactors.com/journal.php?id=445
AUTOPHAGY,1554-8627,1554-8635,2024,14.3,13.9,https://journalsimpactfactors.com/journal.php?id=294
BEHAV BRAIN SCI,0140-525X,1469-1825,2024,13.7,13.4,https://journalsimpactfactors.com/journal.php?id=312
BIOCHAR,2524-7972,2524-7867,2024,13.5,12.9,https://journalsimpactfactors.com/journal.php?id=322
BIOFUEL RES J,2292-8782,2292-8782,2024,11.9,11.4,https://journalsimpactfactors.com/journal.php?id=412
BIOL REV,1464-7931,1469-185X,2024,11.7,11.4,https://journalsimpactfactors.com/journal.php?id=425
BIOMATERIALS,0142-9612,1878-5905,2024,12.9,12.6,https://journalsimpactfactors.com/journal.php?id=354
BIOTECHNOL ADV,0734-9750,1873-1899,2024,12.5,12.1,https://journalsimpactfactors.com/journal.php?id=376
BLOOD,0006-4971,1528-0020,2024,23.1,22.1,https://journalsimpactfactors.com/journal.php?id=126
BLOOD CANCER DISCOV,2643-3230,2643-3249,2024,11.5,11.3,https://journalsimpactfactors.com/journal.php?id=442
BLOOD CANCER J,2044-5385,2044-5385,2024,11.6,11.0,https://journalsimpactfactors.com/journal.php?id=432
BMEMAT,2751-7438,2751-7446,2024,15.5,15.0,https://journalsimpactfactors.com/journal.php?id=252
BMJ-BRIT MED J,0959-535X,1756-1833,2024,42.7,40.4,https://journalsimpactfactors.com/journal.php?id=36
BONE RES,2095-4700,2095-6231,2024,15.0,14.7,https://journalsimpactfactors.com/journal.php?id=266
BRAIN,0006-8950,1460-2156,2024,11.7,11.4,https://journalsimpactfactors.com/journal.php?id=424
BRIT J SPORT MED,0306-3674,1473-0480,2024,16.2,14.8,https://journalsimpactfactors.com/journal.php?id=231
BUS STRATEG ENVIRON,0964-4733,1099-0836,2024,13.3,11.5,https://journalsimpactfactors.com/journal.php?id=333
CA-CANCER J CLIN,0007-9235,1542-4863,2024,232.4,232.2,https://journalsimpactfactors.com/journal.php?id=1
CAN MED ASSOC J,0820-3946,1488-2329,2024,11.3,11.0,https://journalsimpactfactors.com/journal.php?id=457
CANCER CELL,1535-6108,1878-3686,2024,44.5,43.9,https://journalsimpactfactors.com/journal.php?id=34
CANCER DISCOV,2159-8274,2159-8290,2024,33.3,32.8,https://journalsimpactfactors.com/journal.php?id=63
CANCER RES,0008-5472,1538-7445,2024,16.6,16.5,https://journalsimpactfactors.com/journal.php?id=221
CARBOHYD POLYM,0144-8617,1879-1344,2024,12.5,11.6,https://journalsimpactfactors.com/journal.php?id=373
CARBON,0008-6223,1873-3891,2024,11.6,10.8,https://journalsimpactfactors.com/journal.php?id=437
CARBON NEUTRALITY,2788-8614,2731-3948,2024,12.5,11.9,https://journalsimpactfactors.com/journal.php?id=377
CARBON NEUTRALIZAT,2769-3333,2769-3325,2024,12.0,11.4,https://journalsimpactfactors.com/journal.php?id=403
CARDIOVASC RES,0008-6363,1755-3245,2024,13.3,12.9,https://journalsimpactfactors.com/journal.php?id=334
CELL,0092-8674,1097-4172,2024,42.5,41.9,https://journalsimpactfactors.com/journal.php?id=37
CELL DEATH DIFFER,1350-9047,1476-5403,2024,15.4,15.2,https://journalsimpactfactors.com/journal.php?id=256
CELL HOST MICROBE,1931-3128,1934-6069,2024,18.7,18.3,https://journalsimpactfactors.com/journal.php?id=182
CELL METAB,1550-4131,1932-7420,2024,30.9,30.4,https://journalsimpactfactors.com/journal.php?id=77
CELL MOL IMMUNOL,1672-7681,2042-0226,2024,19.8,19.7,https://journalsimpactfactors.com/journal.php?id=167
CELL RES,1001-0602,1748-7838,2024,25.9,25.7,https://journalsimpactfactors.com/journal.php?id=105
CELL STEM CELL,1934-5909,1875-9777,2024,20.4,19.8,https://journalsimpactfactors.com/journal.php?id=156
CEMENT CONCRETE COMP,0958-9465,1873-393X,2024,13.1,12.0,https://journalsimpactfactors.com/journal.php?id=344
CEMENT CONCRETE RES,0008-8846,1873-3948,2024,13.1,12.0,https://journalsimpactfactors.com/journal.php?id=342
CHEM CATALYSIS,2667-1093,2667-1093,2024,11.6,11.4,https://journalsimpactfactors.com/journal.php?id=440
CHEM ENG J,1385-8947,1873-3212,2024,13.2,11.8,https://journalsimpactfactors.com/journal.php?id=338
CHEM REV,0009-2665,1520-6890,2024,55.8,55.3,https://journalsimpactfactors.com/journal.php?id=20
CHEM SOC REV,0306-0012,1460-4744,2024,39.0,38.6,https://journalsimpactfactors.com/journal.php?id=47
CHEM-US,2451-9294,2451-9294,2024,19.6,19.4,https://journalsimpactfactors.com/journal.php?id=168
CHINESE J CATAL,0253-9837,1872-2067,2024,17.7,16.8,https://journalsimpactfactors.com/journal.php?id=195
CIRC RES,0009-7330,1524-4571,2024,16.2,15.9,https://journalsimpactfactors.com/journal.php?id=232
CIRCULATION,0009-7322,1524-4539,2024,38.6,37.7,https://journalsimpactfactors.com/journal.php?id=48
CLIN GASTROENTEROL H,1542-3565,1542-7714,2024,12.0,11.6,https://journalsimpactfactors.com/journal.php?id=397
CLIN MICROBIOL REV,0893-8512,1098-6618,2024,19.3,19.1,https://journalsimpactfactors.com/journal.php?id=173
CLIN MOL HEPATOL,2287-2728,2287-285X,2024,16.9,15.8,https://journalsimpactfactors.com/journal.php?id=214
CLIN PSYCHOL REV,0272-7358,1873-7811,2024,12.2,12.0,https://journalsimpactfactors.com/journal.php?id=389
CLIN REV ALLERG IMMU,1080-0549,1559-0267,2024,11.3,11.3,https://journalsimpactfactors.com/journal.php?id=460
COMMUN ACM,0001-0782,1557-7317,2024,12.2,12.0,https://journalsimpactfactors.com/journal.php?id=387
COMPOS PART B-ENG,1359-8368,1879-1069,2024,14.2,12.6,https://journalsimpactfactors.com/journal.php?id=296
COMPR REV FOOD SCI F,1541-4337,1541-4337,2024,14.1,13.7,https://journalsimpactfactors.com/journal.php?id=301
COMPUT SCI REV,1574-0137,1876-7745,2024,12.7,12.6,https://journalsimpactfactors.com/journal.php?id=365
COMPUT VIS MEDIA,2096-0433,2096-0662,2024,18.3,17.8,https://journalsimpactfactors.com/journal.php?id=185
COORDIN CHEM REV,0010-8545,1873-3840,2024,23.5,22.4,https://journalsimpactfactors.com/journal.php?id=123
CRIT REV ENV SCI TEC,1064-3389,1547-6537,2024,13.2,13.1,https://journalsimpactfactors.com/journal.php?id=339
CURR OBES REP,2162-4968,2162-4968,2024,11.0,10.7,https://journalsimpactfactors.com/journal.php?id=478
CURR OPIN SOLID ST M,1359-0286,1879-0348,2024,13.4,13.3,https://journalsimpactfactors.com/journal.php?id=331
CYTOKINE GROWTH F R,1359-6101,1879-0305,2024,11.8,11.7,https://journalsimpactfactors.com/journal.php?id=423
DIABETES CARE,0149-5992,1935-5548,2024,16.6,16.1,https://journalsimpactfactors.com/journal.php?id=218
DRUG RESIST UPDATE,1368-7646,1532-2084,2024,21.7,20.6,https://journalsimpactfactors.com/journal.php?id=138
DRUGS,0012-6667,1179-1950,2024,14.4,14.3,https://journalsimpactfactors.com/journal.php?id=287
EARTH SYST SCI DATA,1866-3508,1866-3516,2024,11.6,11.2,https://journalsimpactfactors.com/journal.php?id=430
EDUC PSYCHOL-US,0046-1520,1532-6985,2024,11.4,10.9,https://journalsimpactfactors.com/journal.php?id=448
ELECTROCHEM ENERGY R,2520-8489,2520-8136,2024,36.3,35.7,https://journalsimpactfactors.com/journal.php?id=56
ELIGHT,2097-1710,2662-8643,2024,32.1,31.8,https://journalsimpactfactors.com/journal.php?id=73
ENDOCR PATHOL,1046-3976,1559-0097,2024,14.7,13.8,https://journalsimpactfactors.com/journal.php?id=276
ENDOCR REV,0163-769X,1945-7189,2024,22.0,21.8,https://journalsimpactfactors.com/journal.php?id=134
ENDOSCOPY,0013-726X,1438-8812,2024,12.8,10.6,https://journalsimpactfactors.com/journal.php?id=356
ENERG ECON,0140-9883,1873-6181,2024,14.2,12.3,https://journalsimpactfactors.com/journal.php?id=295
ENERG ENVIRON SCI,1754-5692,1754-5706,2024,30.8,29.6,https://journalsimpactfactors.com/journal.php?id=78
ENERGY MATER ADV,2097-1133,2692-7640,2024,15.9,15.1,https://journalsimpactfactors.com/journal.php?id=241
ENERGY STORAGE MATER,2405-8297,2405-8289,2024,20.2,18.8,https://journalsimpactfactors.com/journal.php?id=161
ENERGYCHEM,2589-7780,2589-7780,2024,23.8,23.7,https://journalsimpactfactors.com/journal.php?id=122
ENGINEERING-PRC,2095-8099,2096-0026,2024,11.6,11.2,https://journalsimpactfactors.com/journal.php?id=431
ENVIRON CHEM LETT,1610-3653,1610-3661,2024,20.4,19.5,https://journalsimpactfactors.com/journal.php?id=158
ENVIRON IMPACT ASSES,0195-9255,1873-6432,2024,11.2,9.7,https://journalsimpactfactors.com/journal.php?id=465
ENVIRON SCI ECOTECH,2666-4984,2666-4984,2024,14.3,14.0,https://journalsimpactfactors.com/journal.php?id=293
ENVIRON SCI TECHNOL,0013-936X,1520-5851,2024,11.3,10.2,https://journalsimpactfactors.com/journal.php?id=461
ESCIENCE,2097-2431,2667-1417,2024,36.6,35.9,https://journalsimpactfactors.com/journal.php?id=54
ETRANSPORTATION,2590-1168,2590-1168,2024,17.0,15.8,https://journalsimpactfactors.com/journal.php?id=213
EUR HEART J,0195-668X,1522-9645,2024,35.6,32.6,https://journalsimpactfactors.com/journal.php?id=58
EUR RESPIR J,0903-1936,1399-3003,2024,21.0,19.8,https://journalsimpactfactors.com/journal.php?id=147
EUR UROL,0302-2838,1873-7560,2024,25.2,24.6,https://journalsimpactfactors.com/journal.php?id=109
EXP MOL MED,1226-3613,2092-6413,2024,12.9,12.8,https://journalsimpactfactors.com/journal.php?id=355
EXPLORATION-PRC,2766-8509,2766-2098,2024,22.5,22.2,https://journalsimpactfactors.com/journal.php?id=128
FACTA UNIV-SER MECH,0354-2025,2335-0164,2024,11.8,11.5,https://journalsimpactfactors.com/journal.php?id=419
FEMS MICROBIOL REV,0168-6445,1574-6976,2024,12.3,12.2,https://journalsimpactfactors.com/journal.php?id=385
FOOD HYDROCOLLOID,0268-005X,1873-7137,2024,12.4,10.4,https://journalsimpactfactors.com/journal.php?id=380
FOUND TRENDS INF RET,1554-0669,1554-0677,2024,12.9,12.6,https://journalsimpactfactors.com/journal.php?id=353
FOUND TRENDS MACH LE,1935-8237,1935-8245,2024,25.4,25.2,https://journalsimpactfactors.com/journal.php?id=108
FUNGAL DIVERS,1560-2745,1878-9129,2024,24.8,22.1,https://journalsimpactfactors.com/journal.php?id=115
GASTROENTEROLOGY,0016-5085,1528-0012,2024,25.1,24.5,https://journalsimpactfactors.com/journal.php?id=111
GENOME MED,1756-994X,1756-994X,2024,11.2,11.0,https://journalsimpactfactors.com/journal.php?id=464
GLOBAL CHANGE BIOL,1354-1013,1365-2486,2024,12.0,11.4,https://journalsimpactfactors.com/journal.php?id=398
GREEN ENERGY ENVIRON,2096-2797,2468-0257,2024,14.6,13.7,https://journalsimpactfactors.com/journal.php?id=282
GREEN ENERGY INTELL,2097-2512,2773-1537,2024,16.4,15.6,https://journalsimpactfactors.com/journal.php?id=227
GUT,0017-5749,1468-3288,2024,25.8,25.0,https://journalsimpactfactors.com/journal.php?id=106
GUT MICROBES,1949-0976,1949-0984,2024,11.0,10.5,https://journalsimpactfactors.com/journal.php?id=477
HEPATOLOGY,0270-9139,1527-3350,2024,15.8,15.2,https://journalsimpactfactors.com/journal.php?id=242
HUM REPROD UPDATE,1355-4786,1460-2369,2024,16.1,15.8,https://journalsimpactfactors.com/journal.php?id=234
HUM RESOUR MANAGE R,1053-4822,1873-7889,2024,13.0,12.7,https://journalsimpactfactors.com/journal.php?id=351
IEEE COMPUT INTELL M,1556-603X,1556-6048,2024,11.2,11.1,https://journalsimpactfactors.com/journal.php?id=467
IEEE GEOSC REM SEN M,2473-2397,2168-6831,2024,16.4,15.5,https://journalsimpactfactors.com/journal.php?id=225
IEEE J SEL AREA COMM,0733-8716,1558-0008,2024,17.2,16.8,https://journalsimpactfactors.com/journal.php?id=207
IEEE J-STSP,1932-4553,1941-0484,2024,13.7,13.5,https://journalsimpactfactors.com/journal.php?id=314
IEEE REV BIOMED ENG,1937-3333,1941-1189,2024,12.0,11.9,https://journalsimpactfactors.com/journal.php?id=399
IEEE T CIRC SYST VID,1051-8215,1558-2205,2024,11.1,8.1,https://journalsimpactfactors.com/journal.php?id=472
IEEE T EVOLUT COMPUT,1089-778X,1941-0026,2024,12.0,10.9,https://journalsimpactfactors.com/journal.php?id=395
IEEE T FUZZY SYST,1063-6706,1941-0034,2024,11.9,9.8,https://journalsimpactfactors.com/journal.php?id=405
IEEE T IMAGE PROCESS,1057-7149,1941-0042,2024,13.7,12.8,https://journalsimpactfactors.com/journal.php?id=316
IEEE T INTELL VEHICL,2379-8858,2379-8904,2024,14.3,11.2,https://journalsimpactfactors.com/journal.php?id=289
IEEE T PATTERN ANAL,0162-8828,1939-3539,2024,18.6,18.0,https://journalsimpactfactors.com/journal.php?id=183
IEEE WIREL COMMUN,1536-1284,1558-0687,2024,11.5,11.1,https://journalsimpactfactors.com/journal.php?id=443
IEEE-CAA J AUTOMATIC,2329-9266,2329-9274,2024,19.2,17.6,https://journalsimpactfactors.com/journal.php?id=174
IMETA,2770-5986,2770-596X,2024,33.2,32.0,https://journalsimpactfactors.com/journal.php?id=65
IMMUNITY,1074-7613,1097-4180,2024,26.3,25.7,https://journalsimpactfactors.com/journal.php?id=101
IMPLEMENT SCI,1748-5908,1748-5908,2024,13.4,12.7,https://journalsimpactfactors.com/journal.php?id=327
IND CHEM MATER,2755-2608,2755-2500,2024,11.9,11.7,https://journalsimpactfactors.com/journal.php?id=413
INFORM FUSION,1566-2535,1872-6305,2024,15.5,13.9,https://journalsimpactfactors.com/journal.php?id=250
INNOVATION-AMSTERDAM,2666-6758,2666-6758,2024,25.7,24.6,https://journalsimpactfactors.com/journal.php?id=107
INT J EDUC TECHNOL H,2365-9440,2365-9440,2024,16.7,16.1,https://journalsimpactfactors.com/journal.php?id=216
INT J EXTREME MANUF,2631-8644,2631-7990,2024,21.3,18.8,https://journalsimpactfactors.com/journal.php?id=143
INT J INFORM MANAGE,0268-4012,1873-4707,2024,27.0,25.7,https://journalsimpactfactors.com/journal.php?id=92
INT J MACH TOOL MANU,0890-6955,1879-2170,2024,18.8,17.7,https://journalsimpactfactors.com/journal.php?id=181
INT J MIN SCI TECHNO,2095-2686,2212-6066,2024,13.7,12.7,https://journalsimpactfactors.com/journal.php?id=311
INT J ORAL SCI,1674-2818,2049-3169,2024,12.2,12.1,https://journalsimpactfactors.com/journal.php?id=386
INT J PLASTICITY,0749-6419,1879-2154,2024,12.8,9.4,https://journalsimpactfactors.com/journal.php?id=357
INT J TRANSGEND HEAL,2689-5269,2689-5277,2024,14.8,13.4,https://journalsimpactfactors.com/journal.php?id=272
INT MATER REV,0950-6608,1743-2804,2024,15.5,15.5,https://journalsimpactfactors.com/journal.php?id=253
INTENS CARE MED,0342-4642,1432-1238,2024,21.2,19.5,https://journalsimpactfactors.com/journal.php?id=144
INTERD MATER,2767-4401,2767-441X,2024,31.6,30.7,https://journalsimpactfactors.com/journal.php?id=74
INTERD MED,2832-6237,2832-6245,2024,13.6,13.2,https://journalsimpactfactors.com/journal.php?id=320
ISPRS J PHOTOGRAMM,0924-2716,1872-8235,2024,12.2,11.3,https://journalsimpactfactors.com/journal.php?id=388
J ADV CERAM,2226-4108,2227-8508,2024,16.6,15.1,https://journalsimpactfactors.com/journal.php?id=219
J ADV RES,2090-1232,2090-1224,2024,13.0,12.9,https://journalsimpactfactors.com/journal.php?id=349
J ALLERGY CLIN IMMUN,0091-6749,1097-6825,2024,11.2,10.3,https://journalsimpactfactors.com/journal.php?id=466
J AM ACAD DERMATOL,0190-9622,1097-6787,2024,11.8,11.2,https://journalsimpactfactors.com/journal.php?id=416
J AM CHEM SOC,0002-7863,1520-5126,2024,15.6,14.5,https://journalsimpactfactors.com/journal.php?id=247
J AM COLL CARDIOL,0735-1097,1558-3597,2024,22.3,21.3,https://journalsimpactfactors.com/journal.php?id=130
J BIOMED SCI,1021-7770,1423-0127,2024,12.1,12.0,https://journalsimpactfactors.com/journal.php?id=392
J BIORESOUR BIOPROD,2097-2415,2369-9698,2024,13.0,12.8,https://journalsimpactfactors.com/journal.php?id=347
J CLIN INVEST,0021-9738,1558-8238,2024,13.6,13.4,https://journalsimpactfactors.com/journal.php?id=319
J CLIN ONCOL,0732-183X,1527-7755,2024,41.9,41.1,https://journalsimpactfactors.com/journal.php?id=38
J CONTROL RELEASE,0168-3659,1873-4995,2024,11.5,10.9,https://journalsimpactfactors.com/journal.php?id=444
J ENERGY CHEM,2095-4956,2095-4956,2024,14.9,13.4,https://journalsimpactfactors.com/journal.php?id=268
J FINANC ECON,0304-405X,,2024,12.0,11.7,https://journalsimpactfactors.com/journal.php?id=394
J HAZARD MATER,0304-3894,1873-3336,2024,11.3,10.1,https://journalsimpactfactors.com/journal.php?id=459
J HEPATOL,0168-8278,1600-0641,2024,33.0,31.7,https://journalsimpactfactors.com/journal.php?id=67
J IND INF INTEGR,2467-964X,2452-414X,2024,11.6,10.5,https://journalsimpactfactors.com/journal.php?id=436
J INFECTION,0163-4453,1532-2742,2024,11.9,11.3,https://journalsimpactfactors.com/journal.php?id=409
J INNOV KNOWL,2530-7614,2444-569X,2024,15.5,14.4,https://journalsimpactfactors.com/journal.php?id=249
J MAGNES ALLOY,2213-9567,2213-9567,2024,13.8,12.0,https://journalsimpactfactors.com/journal.php?id=306
J MANUF SYST,0278-6125,1878-6642,2024,14.2,12.7,https://journalsimpactfactors.com/journal.php?id=297
J MATER SCI TECHNOL,1005-0302,1941-1162,2024,14.3,13.5,https://journalsimpactfactors.com/journal.php?id=291
J NATL COMPR CANC NE,1540-1405,1540-1413,2024,16.4,16.3,https://journalsimpactfactors.com/journal.php?id=226
J OCEAN ENG SCI,2468-0133,2468-0133,2024,11.8,10.8,https://journalsimpactfactors.com/journal.php?id=421
J PHOTOCH PHOTOBIO C,1389-5567,1873-2739,2024,13.1,13.1,https://journalsimpactfactors.com/journal.php?id=346
J RES INTERACT MARK,2040-7122,2040-7130,2024,11.6,9.4,https://journalsimpactfactors.com/journal.php?id=435
J RETAIL CONSUM SERV,0969-6989,1873-1384,2024,13.1,9.7,https://journalsimpactfactors.com/journal.php?id=341
J STRATEGIC INF SYST,0963-8687,1873-1198,2024,11.8,10.5,https://journalsimpactfactors.com/journal.php?id=422
J THORAC ONCOL,1556-0864,1556-1380,2024,20.8,20.1,https://journalsimpactfactors.com/journal.php?id=150
JACC-CARDIOONCOL,2666-0873,2666-0873,2024,12.8,11.4,https://journalsimpactfactors.com/journal.php?id=358
JACC-CARDIOVASC IMAG,1936-878X,1876-7591,2024,15.2,14.1,https://journalsimpactfactors.com/journal.php?id=260
JACC-CARDIOVASC INTE,1936-8798,1876-7605,2024,11.4,10.3,https://journalsimpactfactors.com/journal.php?id=447
JACC-HEART FAIL,2213-1779,2213-1787,2024,11.8,11.1,https://journalsimpactfactors.com/journal.php?id=418
JAMA CARDIOL,2380-6583,2380-6591,2024,14.1,13.7,https://journalsimpactfactors.com/journal.php?id=298
JAMA DERMATOL,2168-6068,2168-6084,2024,11.0,10.5,https://journalsimpactfactors.com/journal.php?id=474
JAMA INTERN MED,2168-6106,2168-6114,2024,23.3,22.7,https://journalsimpactfactors.com/journal.php?id=125
JAMA NEUROL,2168-6149,2168-6157,2024,21.3,21.0,https://journalsimpactfactors.com/journal.php?id=140
JAMA ONCOL,2374-2437,2374-2445,2024,20.1,19.7,https://journalsimpactfactors.com/journal.php?id=162
JAMA PEDIATR,2168-6203,2168-6211,2024,18.0,17.5,https://journalsimpactfactors.com/journal.php?id=190
JAMA PSYCHIAT,2168-622X,2168-6238,2024,17.1,16.6,https://journalsimpactfactors.com/journal.php?id=210
JAMA SURG,2168-6254,2168-6262,2024,14.9,14.5,https://journalsimpactfactors.com/journal.php?id=267
JAMA-HEALTH FORUM,2689-0186,2689-0186,2024,11.3,10.9,https://journalsimpactfactors.com/journal.php?id=458
JAMA-J AM MED ASSOC,0098-7484,1538-3598,2024,55.0,53.9,https://journalsimpactfactors.com/journal.php?id=21
JOULE,2542-4351,2542-4351,2024,35.4,34.8,https://journalsimpactfactors.com/journal.php?id=59
KIDNEY INT,0085-2538,1523-1755,2024,12.6,12.1,https://journalsimpactfactors.com/journal.php?id=366
KIDNEY INT SUPPL,2157-1724,2157-1716,2024,89.6,89.6,https://journalsimpactfactors.com/journal.php?id=5
LANCET,0140-6736,1474-547X,2024,88.5,87.1,https://journalsimpactfactors.com/journal.php?id=6
LANCET CHILD ADOLESC,2352-4642,2352-4642,2024,15.5,15.3,https://journalsimpactfactors.com/journal.php?id=248
LANCET DIABETES ENDO,2213-8587,2213-8595,2024,41.8,41.1,https://journalsimpactfactors.com/journal.php?id=39
LANCET GLOB HEALTH,2214-109X,2214-109X,2024,18.0,17.8,https://journalsimpactfactors.com/journal.php?id=191
LANCET HAEMATOL,2352-3026,,2024,17.7,17.3,https://journalsimpactfactors.com/journal.php?id=194
LANCET HEALTH LONGEV,2666-7568,2666-7568,2024,14.6,14.4,https://journalsimpactfactors.com/journal.php?id=280
LANCET HIV,2352-3018,2352-3018,2024,13.0,12.4,https://journalsimpactfactors.com/journal.php?id=350
LANCET INFECT DIS,1473-3099,1474-4457,2024,31.0,30.4,https://journalsimpactfactors.com/journal.php?id=76
LANCET NEUROL,1474-4422,1474-4465,2024,45.5,44.6,https://journalsimpactfactors.com/journal.php?id=31
LANCET ONCOL,1470-2045,1474-5488,2024,35.9,35.3,https://journalsimpactfactors.com/journal.php?id=57
LANCET PUBLIC HEALTH,2468-2667,2468-2667,2024,25.2,24.9,https://journalsimpactfactors.com/journal.php?id=110
LANCET REG HEALTH-EU,2666-7762,2666-7762,2024,13.0,12.7,https://journalsimpactfactors.com/journal.php?id=348
LANCET RESP MED,2213-2600,,2024,32.8,32.6,https://journalsimpactfactors.com/journal.php?id=69
LANCET RHEUMATOL,2665-9913,2665-9913,2024,16.4,16.1,https://journalsimpactfactors.com/journal.php?id=224
LEUKEMIA,0887-6924,1476-5551,2024,13.4,12.8,https://journalsimpactfactors.com/journal.php?id=329
LIGHT-SCI APPL,2095-5545,2047-7538,2024,23.4,22.7,https://journalsimpactfactors.com/journal.php?id=124
LIVING REV RELATIV,2367-3613,1433-8351,2024,62.5,62.5,https://journalsimpactfactors.com/journal.php?id=14
LIVING REV SOL PHYS,2367-3648,1614-4961,2024,27.6,27.1,https://journalsimpactfactors.com/journal.php?id=88
MAT SCI ENG R,0927-796X,1879-212X,2024,26.8,26.4,https://journalsimpactfactors.com/journal.php?id=96
MATER TODAY,1369-7021,1873-4103,2024,22.0,21.8,https://journalsimpactfactors.com/journal.php?id=133
MATTER-US,2590-2393,2590-2385,2024,17.5,17.2,https://journalsimpactfactors.com/journal.php?id=201
MED IMAGE ANAL,1361-8415,1361-8423,2024,11.8,11.0,https://journalsimpactfactors.com/journal.php?id=420
MED RES REV,0198-6325,1098-1128,2024,11.6,11.6,https://journalsimpactfactors.com/journal.php?id=438
MED-CAMBRIDGE,2666-6340,2666-6340,2024,11.8,11.8,https://journalsimpactfactors.com/journal.php?id=417
METABOLISM,0026-0495,1532-8600,2024,11.9,11.3,https://journalsimpactfactors.com/journal.php?id=406
MICROBIOME,2049-2618,2049-2618,2024,12.7,12.3,https://journalsimpactfactors.com/journal.php?id=364
MILITARY MED RES,2095-7467,2054-9369,2024,22.9,22.1,https://journalsimpactfactors.com/journal.php?id=127
MMWR RECOMM REP,1057-5987,1545-8601,2024,60.1,60.0,https://journalsimpactfactors.com/journal.php?id=17
MMWR SURVEILL SUMM,1545-8636,1545-8636,2024,49.8,49.8,https://journalsimpactfactors.com/journal.php?id=27
MMWR-MORBID MORTAL W,0149-2195,1545-861X,2024,17.3,17.0,https://journalsimpactfactors.com/journal.php?id=204
MOL CELL,1097-2765,1097-4164,2024,16.6,15.9,https://journalsimpactfactors.com/journal.php?id=220
MOL PLANT,1674-2052,1752-9867,2024,24.1,23.5,https://journalsimpactfactors.com/journal.php?id=118
MOL THER,1525-0016,1525-0024,2024,12.0,11.8,https://journalsimpactfactors.com/journal.php?id=396
MYCOSPHERE,2077-7000,2077-7019,2024,15.1,12.8,https://journalsimpactfactors.com/journal.php?id=262
NANO ENERGY,2211-2855,2211-3282,2024,17.1,15.9,https://journalsimpactfactors.com/journal.php?id=212
NANO MATER SCI,2096-6482,2589-9651,2024,17.9,17.2,https://journalsimpactfactors.com/journal.php?id=192
NANO-MICRO LETT,2311-6706,2150-5551,2024,36.3,34.6,https://journalsimpactfactors.com/journal.php?id=55
NAT ASTRON,2397-3366,2397-3366,2024,14.3,13.9,https://journalsimpactfactors.com/journal.php?id=290
NAT BIOMED ENG,2157-846X,2157-846X,2024,26.6,26.3,https://journalsimpactfactors.com/journal.php?id=98
NAT BIOTECHNOL,1087-0156,1546-1696,2024,41.7,41.0,https://journalsimpactfactors.com/journal.php?id=40
NAT CATAL,2520-1158,2520-1158,2024,44.6,44.2,https://journalsimpactfactors.com/journal.php?id=33
NAT CELL BIOL,1465-7392,1476-4679,2024,19.1,18.8,https://journalsimpactfactors.com/journal.php?id=176
NAT CHEM,1755-4330,1755-4349,2024,20.2,20.0,https://journalsimpactfactors.com/journal.php?id=160
NAT CHEM BIOL,1552-4450,1552-4469,2024,13.7,13.5,https://journalsimpactfactors.com/journal.php?id=313
NAT CLIM CHANGE,1758-678X,1758-6798,2024,27.1,26.7,https://journalsimpactfactors.com/journal.php?id=90
NAT ECOL EVOL,2397-334X,2397-334X,2024,14.5,14.2,https://journalsimpactfactors.com/journal.php?id=284
NAT ELECTRON,2520-1131,2520-1131,2024,40.9,40.1,https://journalsimpactfactors.com/journal.php?id=41
NAT ENERGY,2058-7546,2058-7546,2024,60.1,59.4,https://journalsimpactfactors.com/journal.php?id=18
NAT GENET,1061-4036,1546-1718,2024,29.0,28.2,https://journalsimpactfactors.com/journal.php?id=83
NAT GEOSCI,1752-0894,1752-0908,2024,16.1,15.9,https://journalsimpactfactors.com/journal.php?id=235
NAT HUM BEHAV,2397-3374,2397-3374,2024,15.9,15.5,https://journalsimpactfactors.com/journal.php?id=240
NAT IMMUNOL,1529-2908,1529-2916,2024,27.6,27.2,https://journalsimpactfactors.com/journal.php?id=87
NAT MATER,1476-1122,1476-4660,2024,38.5,38.2,https://journalsimpactfactors.com/journal.php?id=50
NAT MED,1078-8956,1546-170X,2024,50.0,49.2,https://journalsimpactfactors.com/journal.php?id=26
NAT METHODS,1548-7091,1548-7105,2024,32.1,31.1,https://journalsimpactfactors.com/journal.php?id=72
NAT MICROBIOL,2058-5276,2058-5276,2024,19.4,19.0,https://journalsimpactfactors.com/journal.php?id=169
NAT NANOTECHNOL,1748-3387,1748-3395,2024,34.9,34.6,https://journalsimpactfactors.com/journal.php?id=60
NAT NEUROSCI,1097-6256,1546-1726,2024,20.0,19.5,https://journalsimpactfactors.com/journal.php?id=163
NAT PHOTONICS,1749-4885,1749-4893,2024,32.9,32.3,https://journalsimpactfactors.com/journal.php?id=68
NAT PHYS,1745-2473,1745-2481,2024,18.4,18.0,https://journalsimpactfactors.com/journal.php?id=184
NAT PLANTS,2055-026X,2055-0278,2024,13.6,13.2,https://journalsimpactfactors.com/journal.php?id=318
NAT PROTOC,1754-2189,1750-2799,2024,16.0,15.8,https://journalsimpactfactors.com/journal.php?id=237
NAT REV CANCER,1474-175X,1474-1768,2024,66.8,66.4,https://journalsimpactfactors.com/journal.php?id=11
NAT REV CARDIOL,1759-5002,1759-5010,2024,44.2,43.7,https://journalsimpactfactors.com/journal.php?id=35
NAT REV CLIN ONCOL,1759-4774,1759-4782,2024,82.2,81.7,https://journalsimpactfactors.com/journal.php?id=8
NAT REV DIS PRIMERS,2056-676X,2056-676X,2024,60.6,60.6,https://journalsimpactfactors.com/journal.php?id=16
NAT REV DRUG DISCOV,1474-1776,1474-1784,2024,101.8,101.1,https://journalsimpactfactors.com/journal.php?id=3
NAT REV ENDOCRINOL,1759-5029,1759-5037,2024,40.0,39.6,https://journalsimpactfactors.com/journal.php?id=43
NAT REV GASTRO HEPAT,1759-5045,1759-5053,2024,51.0,50.4,https://journalsimpactfactors.com/journal.php?id=25
NAT REV GENET,1471-0056,1471-0064,2024,52.0,51.5,https://journalsimpactfactors.com/journal.php?id=23
NAT REV IMMUNOL,1474-1733,1474-1741,2024,60.9,60.5,https://journalsimpactfactors.com/journal.php?id=15
NAT REV MATER,2058-8437,2058-8437,2024,86.2,85.9,https://journalsimpactfactors.com/journal.php?id=7
NAT REV MICROBIOL,1740-1526,1740-1534,2024,103.3,102.8,https://journalsimpactfactors.com/journal.php?id=2
NAT REV MOL CELL BIO,1471-0072,1471-0080,2024,90.2,89.6,https://journalsimpactfactors.com/journal.php?id=4
NAT REV NEPHROL,1759-5061,1759-507X,2024,39.8,39.3,https://journalsimpactfactors.com/journal.php?id=45
NAT REV NEUROL,1759-4758,1759-4766,2024,33.1,32.8,https://journalsimpactfactors.com/journal.php?id=66
NAT REV NEUROSCI,1471-003X,1471-0048,2024,26.7,26.5,https://journalsimpactfactors.com/journal.php?id=97
NAT REV RHEUMATOL,1759-4790,1759-4804,2024,32.7,32.2,https://journalsimpactfactors.com/journal.php?id=70
NAT REV UROL,1759-4812,1759-4820,2024,14.6,14.3,https://journalsimpactfactors.com/journal.php?id=281
NAT SUSTAIN,2398-9629,2398-9629,2024,27.1,26.8,https://journalsimpactfactors.com/journal.php?id=91
NATL SCI REV,2095-5138,2053-714X,2024,17.1,16.7,https://journalsimpactfactors.com/journal.php?id=211
NATURE,0028-0836,1476-4687,2024,48.5,47.7,https://journalsimpactfactors.com/journal.php?id=28
NEURO-ONCOLOGY,1522-8517,1523-5866,2024,13.4,12.4,https://journalsimpactfactors.com/journal.php?id=326
NEURON,0896-6273,1097-4199,2024,15.0,14.6,https://journalsimpactfactors.com/journal.php?id=265
NEW ASTRON REV,1387-6473,1872-9630,2024,26.8,26.7,https://journalsimpactfactors.com/journal.php?id=95
NEW ENGL J MED,0028-4793,1533-4406,2024,78.5,77.9,https://journalsimpactfactors.com/journal.php?id=9
NPJ CLEAN WATER,2059-7037,2059-7037,2024,11.4,11.0,https://journalsimpactfactors.com/journal.php?id=453
NPJ DIGIT MED,2398-6352,2398-6352,2024,15.1,14.5,https://journalsimpactfactors.com/journal.php?id=263
NUCLEIC ACIDS RES,0305-1048,1362-4962,2024,13.1,12.4,https://journalsimpactfactors.com/journal.php?id=340
ONE EARTH,2590-3330,2590-3322,2024,15.3,14.8,https://journalsimpactfactors.com/journal.php?id=257
OPTO-ELECTRON ADV,2096-4579,2097-3993,2024,22.4,21.6,https://journalsimpactfactors.com/journal.php?id=129
P IEEE,0018-9219,1558-2256,2024,25.9,25.6,https://journalsimpactfactors.com/journal.php?id=104
PERIODONTOL 2000,0906-6713,1600-0757,2024,15.7,15.2,https://journalsimpactfactors.com/journal.php?id=244
PHARMACOL REV,0031-6997,1521-0081,2024,17.3,17.2,https://journalsimpactfactors.com/journal.php?id=205
PHARMACOL THERAPEUT,0163-7258,1879-016X,2024,12.5,12.5,https://journalsimpactfactors.com/journal.php?id=374
PHYS LIFE REV,1571-0645,1873-1457,2024,14.3,11.9,https://journalsimpactfactors.com/journal.php?id=292
PHYS REP,0370-1573,1873-6270,2024,29.5,29.3,https://journalsimpactfactors.com/journal.php?id=81
PHYS REV X,2160-3308,2160-3308,2024,15.7,15.3,https://journalsimpactfactors.com/journal.php?id=243
PHYSIOL REV,0031-9333,1522-1210,2024,28.7,28.5,https://journalsimpactfactors.com/journal.php?id=84
PLANT CELL,1040-4651,1532-298X,2024,11.6,11.1,https://journalsimpactfactors.com/journal.php?id=433
PLANT COMMUN,2590-3462,2590-3462,2024,11.6,11.3,https://journalsimpactfactors.com/journal.php?id=434
POLYM REV,1558-3724,1558-3716,2024,11.9,11.8,https://journalsimpactfactors.com/journal.php?id=415
PROG AEROSP SCI,0376-0421,1873-1724,2024,16.2,15.7,https://journalsimpactfactors.com/journal.php?id=233
PROG ENERG COMBUST,0360-1285,1873-216X,2024,37.0,36.8,https://journalsimpactfactors.com/journal.php?id=53
PROG LIPID RES,0163-7827,1873-2194,2024,14.9,14.9,https://journalsimpactfactors.com/journal.php?id=269
PROG MATER SCI,0079-6425,1873-2208,2024,40.0,39.6,https://journalsimpactfactors.com/journal.php?id=44
PROG PART NUCL PHYS,0146-6410,1873-2224,2024,17.9,17.7,https://journalsimpactfactors.com/journal.php?id=193
PROG POLYM SCI,0079-6700,1873-1619,2024,26.1,25.8,https://journalsimpactfactors.com/journal.php?id=102
PROG QUANT ELECTRON,0079-6727,1873-1627,2024,12.5,12.4,https://journalsimpactfactors.com/journal.php?id=378
PROG RETIN EYE RES,1350-9462,1873-1635,2024,14.7,14.4,https://journalsimpactfactors.com/journal.php?id=274
PROT CONTR MOD POW,2367-2617,2367-0983,2024,11.9,10.7,https://journalsimpactfactors.com/journal.php?id=410
PROTEIN CELL,1674-800X,1674-8018,2024,12.8,12.5,https://journalsimpactfactors.com/journal.php?id=361
PSYCHOL BULL,0033-2909,1939-1455,2024,19.8,19.5,https://journalsimpactfactors.com/journal.php?id=166
PSYCHOTHER PSYCHOSOM,0033-3190,1423-0348,2024,17.4,15.1,https://journalsimpactfactors.com/journal.php?id=203
Q J ECON,0033-5533,1531-4650,2024,12.7,12.4,https://journalsimpactfactors.com/journal.php?id=363
QUAL PSYCHOL,2326-3601,2326-3598,2024,14.3,14.1,https://journalsimpactfactors.com/journal.php?id=288
RADIOL-ARTIF INTELL,2638-6100,2638-6100,2024,13.2,12.6,https://journalsimpactfactors.com/journal.php?id=336
RADIOLOGY,0033-8419,,2024,15.2,14.4,https://journalsimpactfactors.com/journal.php?id=258
REDOX BIOL,2213-2317,2213-2317,2024,11.9,11.5,https://journalsimpactfactors.com/journal.php?id=407
REMOTE SENS ENVIRON,0034-4257,1879-0704,2024,11.4,10.4,https://journalsimpactfactors.com/journal.php?id=450
RENEW SUST ENERG REV,1364-0321,1879-0690,2024,16.3,15.7,https://journalsimpactfactors.com/journal.php?id=229
REP PROG PHYS,0034-4885,1361-6633,2024,20.7,20.6,https://journalsimpactfactors.com/journal.php?id=153
REV AQUACULT,1753-5123,1753-5131,2024,11.3,10.9,https://journalsimpactfactors.com/journal.php?id=462
REV GEOPHYS,8755-1209,1944-9208,2024,37.3,37.2,https://journalsimpactfactors.com/journal.php?id=52
REV MOD PHYS,0034-6861,1539-0756,2024,44.8,44.6,https://journalsimpactfactors.com/journal.php?id=32
ROBOT CIM-INT MANUF,0736-5845,1879-2537,2024,11.4,10.1,https://journalsimpactfactors.com/journal.php?id=451
SCI ADV,2375-2548,2375-2548,2024,12.5,12.3,https://journalsimpactfactors.com/journal.php?id=372
SCI BULL,2095-9273,2095-9281,2024,21.1,20.5,https://journalsimpactfactors.com/journal.php?id=145
SCI IMMUNOL,2470-9468,2470-9468,2024,16.3,16.1,https://journalsimpactfactors.com/journal.php?id=228
SCI ROBOT,2470-9476,2470-9476,2024,27.5,26.8,https://journalsimpactfactors.com/journal.php?id=89
SCI TRANSL MED,1946-6234,1946-6242,2024,14.6,14.5,https://journalsimpactfactors.com/journal.php?id=279
SCIENCE,0036-8075,1095-9203,2024,45.8,45.3,https://journalsimpactfactors.com/journal.php?id=30
SEMIN CANCER BIOL,1044-579X,1096-3650,2024,15.7,15.6,https://journalsimpactfactors.com/journal.php?id=245
SIGNAL TRANSDUCT TAR,2095-9907,2059-3635,2024,52.7,52.1,https://journalsimpactfactors.com/journal.php?id=22
SMALL,1613-6810,1613-6829,2024,12.1,11.5,https://journalsimpactfactors.com/journal.php?id=391
SMART MED,2751-1871,2751-1871,2024,11.6,11.1,https://journalsimpactfactors.com/journal.php?id=441
SMARTMAT,2766-8525,2688-819X,2024,12.8,12.4,https://journalsimpactfactors.com/journal.php?id=360
STAT SURV,1935-7516,1935-7516,2024,15.4,15.4,https://journalsimpactfactors.com/journal.php?id=254
STUD MYCOL,0166-0616,1872-9797,2024,17.1,16.5,https://journalsimpactfactors.com/journal.php?id=209
SUSMAT,2766-8479,2692-4552,2024,21.3,20.6,https://journalsimpactfactors.com/journal.php?id=142
SUSTAIN CITIES SOC,2210-6707,2210-6715,2024,12.0,10.3,https://journalsimpactfactors.com/journal.php?id=401
TECHNOL FORECAST SOC,0040-1625,1873-5509,2024,13.3,12.2,https://journalsimpactfactors.com/journal.php?id=335
TECHNOL SOC,0160-791X,1879-3274,2024,12.5,11.6,https://journalsimpactfactors.com/journal.php?id=371
THERANOSTICS,1838-7640,1838-7640,2024,13.3,13.1,https://journalsimpactfactors.com/journal.php?id=332
TOURISM MANAGE,0261-5177,1879-3193,2024,12.4,11.3,https://journalsimpactfactors.com/journal.php?id=379
TRAC-TREND ANAL CHEM,0165-9936,1879-3142,2024,12.0,11.4,https://journalsimpactfactors.com/journal.php?id=404
TRANSL NEURODEGENER,2047-9158,2047-9158,2024,15.2,14.9,https://journalsimpactfactors.com/journal.php?id=261
TRENDS BIOTECHNOL,0167-7799,1879-3096,2024,14.9,14.7,https://journalsimpactfactors.com/journal.php?id=270
TRENDS CANCER,2405-8033,2405-8025,2024,17.5,17.4,https://journalsimpactfactors.com/journal.php?id=202
TRENDS CELL BIOL,0962-8924,1879-3088,2024,18.1,18.0,https://journalsimpactfactors.com/journal.php?id=189
TRENDS COGN SCI,1364-6613,1879-307X,2024,17.2,16.8,https://journalsimpactfactors.com/journal.php?id=208
TRENDS ECOL EVOL,0169-5347,1872-8383,2024,17.3,16.9,https://journalsimpactfactors.com/journal.php?id=206
TRENDS ENDOCRIN MET,1043-2760,1879-3061,2024,12.6,12.5,https://journalsimpactfactors.com/journal.php?id=369
TRENDS ENVIRON ANAL,2214-1588,2214-1588,2024,13.4,13.3,https://journalsimpactfactors.com/journal.php?id=328
TRENDS FOOD SCI TECH,0924-2244,1879-3053,2024,15.4,14.8,https://journalsimpactfactors.com/journal.php?id=255
TRENDS GENET,0168-9525,1362-4555,2024,16.3,16.1,https://journalsimpactfactors.com/journal.php?id=230
TRENDS IMMUNOL,1471-4906,1471-4981,2024,13.9,13.9,https://journalsimpactfactors.com/journal.php?id=305
TRENDS MICROBIOL,0966-842X,1878-4380,2024,14.9,14.7,https://journalsimpactfactors.com/journal.php?id=271
TRENDS MOL MED,1471-4914,1471-499X,2024,13.8,13.7,https://journalsimpactfactors.com/journal.php?id=308
TRENDS NEUROSCI,0166-2236,1878-108X,2024,15.1,15.0,https://journalsimpactfactors.com/journal.php?id=264
TRENDS PHARMACOL SCI,0165-6147,1873-3735,2024,19.9,19.8,https://journalsimpactfactors.com/journal.php?id=165
TRENDS PLANT SCI,1360-1385,1878-4372,2024,20.8,20.4,https://journalsimpactfactors.com/journal.php?id=151
TUNGSTEN-SINGAPORE,2661-8028,2661-8036,2024,11.2,10.6,https://journalsimpactfactors.com/journal.php?id=468
WATER RES,0043-1354,1879-2448,2024,12.4,11.2,https://journalsimpactfactors.com/journal.php?id=381
WIRES COMPUT MOL SCI,1759-0876,1759-0884,2024,27.0,26.9,https://journalsimpactfactors.com/journal.php?id=93
WIRES DATA MIN KNOWL,1942-4787,1942-4795,2024,11.7,11.5,https://journalsimpactfactors.com/journal.php?id=427
WORLD PSYCHIATRY,1723-8617,2051-5545,2024,65.8,60.7,https://journalsimpactfactors.com/journal.php?id=12
PRX QUANTUM,N/A,2691-3399,2024,11.000,10.200,https://journalsimpactfactors.com/journal.php?id=475
J HOSP MARKET MANAG,1936-8623,1936-8631,2024,11.000,10.000,https://journalsimpactfactors.com/journal.php?id=476
RELIAB ENG SYST SAFE,0951-8320,1879-0836,2024,11.000,7.400,https://journalsimpactfactors.com/journal.php?id=479
RARE METALS,1001-0521,1867-7185,2024,11.000,8.900,https://journalsimpactfactors.com/journal.php?id=480
TRENDS BIOCHEM SCI,0968-0004,1362-4326,2024,11.000,10.900,https://journalsimpactfactors.com/journal.php?id=482
NANO CONVERG,2196-5404,2196-5404,2024,11.000,9.900,https://journalsimpactfactors.com/journal.php?id=483
ARTHRITIS RHEUMATOL,2326-5191,2326-5205,2024,10.900,10.500,https://journalsimpactfactors.com/journal.php?id=484
TECHNOVATION,0166-4972,1879-2383,2024,10.900,10.000,https://journalsimpactfactors.com/journal.php?id=485
ENERG CONVERS MANAGE,0196-8904,1879-2227,2024,10.900,9.800,https://journalsimpactfactors.com/journal.php?id=486
IEEE T CONSUM ELECTR,0098-3063,1558-4127,2024,10.900,5.200,https://journalsimpactfactors.com/journal.php?id=487
NANO TODAY,1748-0132,1878-044X,2024,10.900,10.500,https://journalsimpactfactors.com/journal.php?id=488
RESOUR CONSERV RECY,0921-3449,1879-0658,2024,10.900,10.400,https://journalsimpactfactors.com/journal.php?id=489
EUR J HEART FAIL,1388-9842,1879-0844,2024,10.800,9.500,https://journalsimpactfactors.com/journal.php?id=490
OECON COPERNIC,2083-1277,2353-1827,2024,10.800,10.000,https://journalsimpactfactors.com/journal.php?id=491
EBIOMEDICINE,2352-3964,2352-3964,2024,10.800,10.700,https://journalsimpactfactors.com/journal.php?id=493
INT J MANAG REV,1460-8545,1468-2370,2024,10.800,10.200,https://journalsimpactfactors.com/journal.php?id=494
ADV PHYS-X,2374-6149,2374-6149,2024,10.800,10.800,https://journalsimpactfactors.com/journal.php?id=496
NBER MACROECON ANNU,0889-3365,1537-2642,2024,10.700,10.400,https://journalsimpactfactors.com/journal.php?id=498
IEEE T WIREL COMMUN,1536-1276,1558-2248,2024,10.700,9.000,https://journalsimpactfactors.com/journal.php?id=499
RESEARCH-CHINA,2096-5168,2639-5274,2024,10.700,9.900,https://journalsimpactfactors.com/journal.php?id=500
MATER HORIZ,2051-6347,2051-6355,2024,10.700,10.300,https://journalsimpactfactors.com/journal.php?id=502
ANNU REV CONTROL,1367-5788,1872-9088,2024,10.700,10.500,https://journalsimpactfactors.com/journal.php?id=503
J ECON LIT,0022-0515,2328-8175,2024,10.600,10.500,https://journalsimpactfactors.com/journal.php?id=504
EDUC RES REV-NETH,1747-938X,1878-0385,2024,10.600,10.400,https://journalsimpactfactors.com/journal.php?id=505
J EXP MED,0022-1007,1540-9538,2024,10.600,10.400,https://journalsimpactfactors.com/journal.php?id=506
CELL REP MED,2666-3791,2666-3791,2024,10.600,10.500,https://journalsimpactfactors.com/journal.php?id=508
LIGHT-ADV MANUF,2689-9620,2831-4093,2024,10.600,10.200,https://journalsimpactfactors.com/journal.php?id=510
FOOD PACKAGING SHELF,2214-2894,2214-2894,2024,10.600,10.000,https://journalsimpactfactors.com/journal.php?id=511
NAT PROD REP,0265-0568,1460-4752,2024,10.600,10.400,https://journalsimpactfactors.com/journal.php?id=512
REV ENVIRON SCI BIO,1569-1705,1572-9826,2024,10.600,10.600,https://journalsimpactfactors.com/journal.php?id=513
COMPUT EDUC,0360-1315,1873-782X,2024,10.500,9.900,https://journalsimpactfactors.com/journal.php?id=514
ACAD MANAGE J,0001-4273,1948-0989,2024,10.500,10.000,https://journalsimpactfactors.com/journal.php?id=515
PHARMACOL RES,1043-6618,1096-1186,2024,10.500,10.200,https://journalsimpactfactors.com/journal.php?id=516
BIOSENS BIOELECTRON,0956-5663,1873-4235,2024,10.500,9.900,https://journalsimpactfactors.com/journal.php?id=517
IEEE T ROBOT,1552-3098,1941-0468,2024,10.500,10.000,https://journalsimpactfactors.com/journal.php?id=518
PLANT BIOTECHNOL J,1467-7644,1467-7652,2024,10.500,10.200,https://journalsimpactfactors.com/journal.php?id=519
IEEE T CYBERNETICS,2168-2267,2168-2275,2024,10.500,9.500,https://journalsimpactfactors.com/journal.php?id=520
J HIGH ENERGY ASTROP,2214-4048,2214-4056,2024,10.500,10.100,https://journalsimpactfactors.com/journal.php?id=521
CANCER TREAT REV,0305-7372,1532-1967,2024,10.500,10.400,https://journalsimpactfactors.com/journal.php?id=522
CARBON CAPTURE SCI T,2772-6568,2772-6568,2024,10.500,9.500,https://journalsimpactfactors.com/journal.php?id=523
PROG SOLID STATE CH,0079-6786,1873-1643,2024,10.500,10.300,https://journalsimpactfactors.com/journal.php?id=524
PERS SOC PSYCHOL REV,1088-8683,1532-7957,2024,10.400,10.300,https://journalsimpactfactors.com/journal.php?id=525
IEEE T KNOWL DATA EN,1041-4347,1558-2191,2024,10.400,9.500,https://journalsimpactfactors.com/journal.php?id=526
EUR RESPIR REV,0905-9180,1600-0617,2024,10.400,10.200,https://journalsimpactfactors.com/journal.php?id=527
ACS CENTRAL SCI,2374-7943,2374-7951,2024,10.400,10.200,https://journalsimpactfactors.com/journal.php?id=528
J MARKETING,0022-2429,1547-7185,2024,10.400,9.600,https://journalsimpactfactors.com/journal.php?id=529
J OPER MANAG,0272-6963,1873-1317,2024,10.400,9.400,https://journalsimpactfactors.com/journal.php?id=530
BUS INFORM SYST ENG+,2363-7005,1867-0202,2024,10.400,9.500,https://journalsimpactfactors.com/journal.php?id=531
ANNU REV MATER RES,1531-7331,1545-4118,2024,10.400,10.400,https://journalsimpactfactors.com/journal.php?id=532
J SPORT HEALTH SCI,2095-2546,2213-2961,2024,10.300,10.100,https://journalsimpactfactors.com/journal.php?id=533
SOIL BIOL BIOCHEM,0038-0717,1879-3428,2024,10.300,9.700,https://journalsimpactfactors.com/journal.php?id=534
CURR CLIM CHANGE REP,2198-6061,2198-6061,2024,10.300,10.300,https://journalsimpactfactors.com/journal.php?id=535
CHINESE J STRUC CHEM,0254-5861,0254-5861,2024,10.300,9.900,https://journalsimpactfactors.com/journal.php?id=536
WIRES CLIM CHANGE,1757-7780,1757-7799,2024,10.300,10.000,https://journalsimpactfactors.com/journal.php?id=537
MOL ASPECTS MED,0098-2997,1872-9452,2024,10.300,10.300,https://journalsimpactfactors.com/journal.php?id=538
PHYSIOLOGY,1548-9213,1548-9221,2024,10.300,10.300,https://journalsimpactfactors.com/journal.php?id=539
J ROCK MECH GEOTECH,1674-7755,2589-0417,2024,10.200,9.200,https://journalsimpactfactors.com/journal.php?id=540
CLIN CANCER RES,1078-0432,1557-3265,2024,10.200,10.000,https://journalsimpactfactors.com/journal.php?id=541
DIABETOLOGIA,0012-186X,1432-0428,2024,10.200,9.900,https://journalsimpactfactors.com/journal.php?id=542
MATER TODAY BIO,2590-0064,2590-0064,2024,10.200,9.900,https://journalsimpactfactors.com/journal.php?id=543
J RETAILING,0022-4359,1873-3271,2024,10.200,9.400,https://journalsimpactfactors.com/journal.php?id=544
CELL MOL BIOL LETT,1425-8153,1689-1392,2024,10.200,9.700,https://journalsimpactfactors.com/journal.php?id=545
INT J SURG,1743-9191,1743-9159,2024,10.100,9.400,https://journalsimpactfactors.com/journal.php?id=547
NAT STRUCT MOL BIOL,1545-9993,1545-9985,2024,10.100,9.800,https://journalsimpactfactors.com/journal.php?id=548
CANCER LETT,0304-3835,1872-7980,2024,10.100,8.400,https://journalsimpactfactors.com/journal.php?id=549
MOL PSYCHIATR,1359-4184,1476-5578,2024,10.100,9.700,https://journalsimpactfactors.com/journal.php?id=550
SATELLITE NAVIG,2662-9291,2662-1363,2024,10.100,9.600,https://journalsimpactfactors.com/journal.php?id=552
CSH PERSPECT MED,2157-1422,2157-1422,2024,10.100,9.600,https://journalsimpactfactors.com/journal.php?id=553
J ACAD MARKET SCI,0092-0703,1552-7824,2024,10.100,9.700,https://journalsimpactfactors.com/journal.php?id=554
CATAL REV,0161-4940,1520-5703,2024,10.100,10.000,https://journalsimpactfactors.com/journal.php?id=556
GOV INFORM Q,0740-624X,1872-9517,2024,10.000,8.800,https://journalsimpactfactors.com/journal.php?id=558
ISME J,1751-7362,1751-7370,2024,10.000,9.500,https://journalsimpactfactors.com/journal.php?id=559
EARTH-SCI REV,0012-8252,1872-6828,2024,10.000,9.600,https://journalsimpactfactors.com/journal.php?id=561
INT J BIOL SCI,1449-2288,1449-2288,2024,10.000,9.900,https://journalsimpactfactors.com/journal.php?id=562
INT J PROD ECON,0925-5273,1873-7579,2024,10.000,9.000,https://journalsimpactfactors.com/journal.php?id=563
LASER PHOTONICS REV,1863-8880,1863-8899,2024,10.000,9.100,https://journalsimpactfactors.com/journal.php?id=564
IEEE T SUSTAIN ENERG,1949-3029,1949-3037,2024,10.000,9.300,https://journalsimpactfactors.com/journal.php?id=565
J CLEAN PROD,0959-6526,1879-1786,2024,10.000,9.300,https://journalsimpactfactors.com/journal.php?id=566
ADV GEO-ENERGY RES,2207-9963,2208-598X,2024,10.000,8.900,https://journalsimpactfactors.com/journal.php?id=567
PLOS MED,1549-1277,1549-1676,2024,9.900,9.800,https://journalsimpactfactors.com/journal.php?id=568
ULTRAFAST SCI,2097-0331,2765-8791,2024,9.900,9.700,https://journalsimpactfactors.com/journal.php?id=569
J SUPPLY CHAIN MANAG,1523-2409,1745-493X,2024,9.900,8.700,https://journalsimpactfactors.com/journal.php?id=570
IEEE T IND INFORM,1551-3203,1941-0050,2024,9.900,9.100,https://journalsimpactfactors.com/journal.php?id=571
ADV ENG INFORM,1474-0346,1873-5320,2024,9.900,7.800,https://journalsimpactfactors.com/journal.php?id=572
AM J HEMATOL,0361-8609,1096-8652,2024,9.900,9.400,https://journalsimpactfactors.com/journal.php?id=573
STUD SCI EDUC,0305-7267,1940-8412,2024,9.900,9.700,https://journalsimpactfactors.com/journal.php?id=574
TRANSPORT REV,0144-1647,1464-5327,2024,9.900,9.700,https://journalsimpactfactors.com/journal.php?id=575
MICROSYST NANOENG,2055-7434,2055-7434,2024,9.900,9.500,https://journalsimpactfactors.com/journal.php?id=576
BATTERY ENERGY,2768-1688,2768-1696,2024,9.900,9.700,https://journalsimpactfactors.com/journal.php?id=577
ENERGY STRATEG REV,2211-467X,2211-4688,2024,9.900,9.400,https://journalsimpactfactors.com/journal.php?id=578
ANNU REV MICROBIOL,0066-4227,1545-3251,2024,9.900,9.900,https://journalsimpactfactors.com/journal.php?id=579
INT REV FINANC ANAL,1057-5219,1873-8079,2024,9.800,8.600,https://journalsimpactfactors.com/journal.php?id=580
ENVIRON HEALTH PERSP,0091-6765,1552-9924,2024,9.800,9.400,https://journalsimpactfactors.com/journal.php?id=581
IEEE T MED IMAGING,0278-0062,1558-254X,2024,9.800,9.300,https://journalsimpactfactors.com/journal.php?id=582
IEEE T AFFECT COMPUT,1949-3045,1949-3045,2024,9.800,8.900,https://journalsimpactfactors.com/journal.php?id=583
IEEE T SMART GRID,1949-3053,1949-3061,2024,9.800,8.800,https://journalsimpactfactors.com/journal.php?id=584
CIRC-ARRHYTHMIA ELEC,1941-3149,1941-3084,2024,9.800,9.400,https://journalsimpactfactors.com/journal.php?id=585
J BUS RES,0148-2963,1873-7978,2024,9.800,9.300,https://journalsimpactfactors.com/journal.php?id=586
FOOD CHEM,0308-8146,1873-7072,2024,9.800,8.500,https://journalsimpactfactors.com/journal.php?id=587
DESALINATION,0011-9164,1873-4464,2024,9.800,7.600,https://journalsimpactfactors.com/journal.php?id=588
COMPOS SCI TECHNOL,0266-3538,1879-1050,2024,9.800,9.000,https://journalsimpactfactors.com/journal.php?id=589
J ENERGY STORAGE,2352-152X,2352-1538,2024,9.800,7.900,https://journalsimpactfactors.com/journal.php?id=590
JAMA NETW OPEN,2574-3805,2574-3805,2024,9.700,9.400,https://journalsimpactfactors.com/journal.php?id=592
LEADERSHIP QUART,1048-9843,1873-3409,2024,9.700,8.700,https://journalsimpactfactors.com/journal.php?id=593
IEEE T MULTIMEDIA,1520-9210,1941-0077,2024,9.700,7.700,https://journalsimpactfactors.com/journal.php?id=594
ULTRASON SONOCHEM,1350-4177,1873-2828,2024,9.700,8.600,https://journalsimpactfactors.com/journal.php?id=595
HEALTH PSYCHOL REV,1743-7199,1743-7202,2024,9.700,9.600,https://journalsimpactfactors.com/journal.php?id=596
MATER TODAY PHYS,2542-5293,2542-5293,2024,9.700,9.400,https://journalsimpactfactors.com/journal.php?id=597
SLEEP MED REV,1087-0792,1532-2955,2024,9.700,9.500,https://journalsimpactfactors.com/journal.php?id=598
ENVIRON INT,0160-4120,1873-6750,2024,9.700,9.200,https://journalsimpactfactors.com/journal.php?id=599
J COLLOID INTERF SCI,0021-9797,1095-7103,2024,9.700,9.000,https://journalsimpactfactors.com/journal.php?id=600
SCI CHINA CHEM,1674-7291,1869-1870,2024,9.700,8.500,https://journalsimpactfactors.com/journal.php?id=601
BRIT J DERMATOL,0007-0963,1365-2133,2024,9.600,9.000,https://journalsimpactfactors.com/journal.php?id=602
BURNS TRAUMA,2321-3868,2321-3876,2024,9.600,9.000,https://journalsimpactfactors.com/journal.php?id=603
IEEE SIGNAL PROC MAG,1053-5888,1558-0792,2024,9.600,9.400,https://journalsimpactfactors.com/journal.php?id=604
DIALOGUES HUM GEOGR,2043-8206,2043-8214,2024,9.600,8.100,https://journalsimpactfactors.com/journal.php?id=605
SUSTAIN PROD CONSUMP,2352-5509,2352-5509,2024,9.600,9.000,https://journalsimpactfactors.com/journal.php?id=606
AM J PUBLIC HEALTH,0090-0036,1541-0048,2024,9.600,9.200,https://journalsimpactfactors.com/journal.php?id=607
GLOB FOOD SECUR-AGR,2211-9124,2211-9124,2024,9.600,9.400,https://journalsimpactfactors.com/journal.php?id=608
ACTA BIOMATER,1742-7061,1878-7568,2024,9.600,9.400,https://journalsimpactfactors.com/journal.php?id=609
J MATERIOMICS,2352-8478,2352-8478,2024,9.600,8.800,https://journalsimpactfactors.com/journal.php?id=610
REV MANAG SCI,1863-6683,1863-6691,2024,9.600,8.200,https://journalsimpactfactors.com/journal.php?id=611
BIOMATER RES,1226-4601,2055-7124,2024,9.600,9.400,https://journalsimpactfactors.com/journal.php?id=612
ADV HEALTHC MATER,2192-2640,2192-2659,2024,9.600,9.100,https://journalsimpactfactors.com/journal.php?id=613
CELL DEATH DIS,2041-4889,2041-4889,2024,9.600,9.400,https://journalsimpactfactors.com/journal.php?id=614
CLIN NUCL MED,0363-9762,1536-0229,2024,9.600,6.400,https://journalsimpactfactors.com/journal.php?id=615
ENERGY AI,2666-5468,2666-5468,2024,9.600,8.800,https://journalsimpactfactors.com/journal.php?id=617
ANNU REV BIOMED ENG,1523-9829,1545-4274,2024,9.600,9.600,https://journalsimpactfactors.com/journal.php?id=618
ANNU REV POLIT SCI,1094-2939,1545-1577,2024,9.500,9.400,https://journalsimpactfactors.com/journal.php?id=619
OPHTHALMOLOGY,0161-6420,1549-4713,2024,9.500,9.100,https://journalsimpactfactors.com/journal.php?id=620
J AM ACAD CHILD PSY,0890-8567,1527-5418,2024,9.500,9.100,https://journalsimpactfactors.com/journal.php?id=621
J FINANC,0022-1082,1540-6261,2024,9.500,9.200,https://journalsimpactfactors.com/journal.php?id=622
ACM T GRAPHIC,0730-0301,1557-7368,2024,9.500,8.100,https://journalsimpactfactors.com/journal.php?id=623
EUROINTERVENTION,1774-024X,1969-6213,2024,9.500,8.800,https://journalsimpactfactors.com/journal.php?id=624
J KNOWL MANAG,1367-3270,1758-7484,2024,9.500,8.300,https://journalsimpactfactors.com/journal.php?id=625
SCI CHINA LIFE SCI,1674-7305,1869-1889,2024,9.500,8.300,https://journalsimpactfactors.com/journal.php?id=626
J MATER CHEM A,2050-7488,2050-7496,2024,9.500,9.000,https://journalsimpactfactors.com/journal.php?id=627
ENERGY NEXUS,2772-4271,2772-4271,2024,9.500,9.300,https://journalsimpactfactors.com/journal.php?id=628
J AM SOC NEPHROL,1046-6673,1533-3450,2024,9.400,9.000,https://journalsimpactfactors.com/journal.php?id=631
J PHYSIOTHER,1836-9553,1836-9561,2024,9.400,7.800,https://journalsimpactfactors.com/journal.php?id=632
GENOME BIOL,1474-760X,1474-760X,2024,9.400,9.100,https://journalsimpactfactors.com/journal.php?id=633
SPORTS MED,0112-1642,1179-2035,2024,9.400,9.000,https://journalsimpactfactors.com/journal.php?id=634
INT J MECH SCI,0020-7403,1879-2162,2024,9.400,7.700,https://journalsimpactfactors.com/journal.php?id=635
BRIT ACCOUNT REV,0890-8389,1095-8347,2024,9.400,8.600,https://journalsimpactfactors.com/journal.php?id=636
J NATL CANCER CTR,2667-0054,2667-0054,2024,9.400,9.300,https://journalsimpactfactors.com/journal.php?id=637
COCHRANE DB SYST REV,1469-493X,1361-6137,2024,9.400,9.200,https://journalsimpactfactors.com/journal.php?id=638
CURR OPIN GREEN SUST,2452-2236,2452-2236,2024,9.400,9.300,https://journalsimpactfactors.com/journal.php?id=639
ENERGY,0360-5442,1873-6785,2024,9.400,7.900,https://journalsimpactfactors.com/journal.php?id=640
GENES DIS,2352-4820,2352-3042,2024,9.400,9.300,https://journalsimpactfactors.com/journal.php?id=641
ACTA NEUROPATHOL,0001-6322,1432-0533,2024,9.300,8.700,https://journalsimpactfactors.com/journal.php?id=642
CRIT CARE,1364-8535,1466-609X,2024,9.300,8.900,https://journalsimpactfactors.com/journal.php?id=644
J INTEGR PLANT BIOL,1672-9072,1744-7909,2024,9.300,8.800,https://journalsimpactfactors.com/journal.php?id=645
ACTA MATER,1359-6454,1873-2453,2024,9.300,8.600,https://journalsimpactfactors.com/journal.php?id=646
INT J COMPUT VISION,0920-5691,1573-1405,2024,9.300,8.600,https://journalsimpactfactors.com/journal.php?id=647
FOUND TRENDS COMPUT,1572-2740,1572-2759,2024,9.300,9.300,https://journalsimpactfactors.com/journal.php?id=648
PROG ELECTROMAGN RES,1070-4698,1559-8985,2024,9.300,9.100,https://journalsimpactfactors.com/journal.php?id=649
JAMA OPHTHALMOL,2168-6165,2168-6173,2024,9.200,8.600,https://journalsimpactfactors.com/journal.php?id=650
BRIT J ANAESTH,0007-0912,1471-6771,2024,9.200,8.300,https://journalsimpactfactors.com/journal.php?id=651
IEEE T MOBILE COMPUT,1536-1233,1558-0660,2024,9.200,7.800,https://journalsimpactfactors.com/journal.php?id=652
LANDSCAPE URBAN PLAN,0169-2046,1872-6062,2024,9.200,8.700,https://journalsimpactfactors.com/journal.php?id=653
ANGIOGENESIS,0969-6970,1573-7209,2024,9.200,8.900,https://journalsimpactfactors.com/journal.php?id=655
ENERG POLICY,0301-4215,1873-6777,2024,9.200,8.800,https://journalsimpactfactors.com/journal.php?id=656
J INTERN MED,0954-6820,1365-2796,2024,9.200,9.100,https://journalsimpactfactors.com/journal.php?id=657
ARCH BRONCONEUMOL,0300-2896,1579-2129,2024,9.200,8.500,https://journalsimpactfactors.com/journal.php?id=659
SUSTAIN MATER TECHNO,2214-9937,2214-9937,2024,9.200,8.700,https://journalsimpactfactors.com/journal.php?id=660
GREEN CHEM,1463-9262,1463-9270,2024,9.200,8.600,https://journalsimpactfactors.com/journal.php?id=661
SEMIN IMMUNOPATHOL,1863-2297,1863-2300,2024,9.200,9.200,https://journalsimpactfactors.com/journal.php?id=662
ADV NUTR,2161-8313,2156-5376,2024,9.200,9.000,https://journalsimpactfactors.com/journal.php?id=663
COLLAGEN LEATHER,2097-1419,2731-6998,2024,9.200,8.400,https://journalsimpactfactors.com/journal.php?id=664
ANESTHESIOLOGY,0003-3022,1528-1175,2024,9.100,8.500,https://journalsimpactfactors.com/journal.php?id=665
J NUCL MED,0161-5505,1535-5667,2024,9.100,8.400,https://journalsimpactfactors.com/journal.php?id=666
GLOBAL ENVIRON CHANG,0959-3780,1872-9495,2024,9.100,8.800,https://journalsimpactfactors.com/journal.php?id=667
P NATL ACAD SCI USA,0027-8424,1091-6490,2024,9.100,8.900,https://journalsimpactfactors.com/journal.php?id=668
ACM T INFORM SYST,1046-8188,1558-2868,2024,9.100,7.800,https://journalsimpactfactors.com/journal.php?id=669
J CACHEXIA SARCOPENI,2190-5991,2190-6009,2024,9.100,8.800,https://journalsimpactfactors.com/journal.php?id=670
LIVER CANCER,2235-1795,1664-5553,2024,9.100,8.400,https://journalsimpactfactors.com/journal.php?id=672
PSYCHOL MARKET,0742-6046,1520-6793,2024,9.100,8.000,https://journalsimpactfactors.com/journal.php?id=673
CORP SOC RESP ENV MA,1535-3958,1535-3966,2024,9.100,7.600,https://journalsimpactfactors.com/journal.php?id=674
COMPUT IND,0166-3615,1872-6194,2024,9.100,8.700,https://journalsimpactfactors.com/journal.php?id=675
COMPUT-AIDED CIV INF,1093-9687,1467-8667,2024,9.100,6.800,https://journalsimpactfactors.com/journal.php?id=676
CURR OPIN FOOD SCI,2214-7993,2214-8000,2024,9.100,9.000,https://journalsimpactfactors.com/journal.php?id=677
NANO LETT,1530-6984,1530-6992,2024,9.100,8.600,https://journalsimpactfactors.com/journal.php?id=678
RENEW ENERG,0960-1481,1879-0682,2024,9.100,8.200,https://journalsimpactfactors.com/journal.php?id=679
ACS SENSORS,2379-3694,2379-3694,2024,9.100,8.500,https://journalsimpactfactors.com/journal.php?id=680
DROPLET,2769-2159,2731-4375,2024,9.100,8.400,https://journalsimpactfactors.com/journal.php?id=681
SMALL METHODS,2366-9608,2366-9608,2024,9.100,9.000,https://journalsimpactfactors.com/journal.php?id=682
ANNU REV SOCIOL,0360-0572,1545-2115,2024,9.000,8.700,https://journalsimpactfactors.com/journal.php?id=683
TRENDS CARDIOVAS MED,1050-1738,1873-2615,2024,9.000,8.700,https://journalsimpactfactors.com/journal.php?id=684
OSTEOARTHR CARTILAGE,1063-4584,1522-9653,2024,9.000,8.200,https://journalsimpactfactors.com/journal.php?id=685
MANAG REV Q,2198-1620,2198-1639,2024,9.000,7.700,https://journalsimpactfactors.com/journal.php?id=686
PHYS REV LETT,0031-9007,1079-7114,2024,9.000,8.300,https://journalsimpactfactors.com/journal.php?id=687
BIOL PSYCHIAT,0006-3223,1873-2402,2024,9.000,8.700,https://journalsimpactfactors.com/journal.php?id=688
ALCOHOL RES-CURR REV,1535-7414,1930-0573,2024,9.000,8.900,https://journalsimpactfactors.com/journal.php?id=689
INT J CONTEMP HOSP M,0959-6119,1757-1049,2024,9.000,8.000,https://journalsimpactfactors.com/journal.php?id=690
J TRAVEL TOUR MARK,1054-8408,1540-7306,2024,9.000,5.800,https://journalsimpactfactors.com/journal.php?id=691
HUM RESOUR MANAGE-US,0090-4848,1099-050X,2024,9.000,8.200,https://journalsimpactfactors.com/journal.php?id=692
CELL GENOM,2666-979X,2666-979X,2024,9.000,8.700,https://journalsimpactfactors.com/journal.php?id=693
J MANAGE,0149-2063,1557-1211,2024,9.000,8.400,https://journalsimpactfactors.com/journal.php?id=694
BIORESOURCE TECHNOL,0960-8524,1873-2976,2024,9.000,8.200,https://journalsimpactfactors.com/journal.php?id=695
J MEMBRANE SCI,0376-7388,1873-3123,2024,9.000,7.300,https://journalsimpactfactors.com/journal.php?id=696
J INT BUS STUD,0047-2506,1478-6990,2024,9.000,8.100,https://journalsimpactfactors.com/journal.php?id=697
NANO RES,1998-0124,1998-0000,2024,9.000,8.600,https://journalsimpactfactors.com/journal.php?id=698
LEARN INDIVID DIFFER,1041-6080,1873-3425,2024,9.000,8.600,https://journalsimpactfactors.com/journal.php?id=699
SEP PURIF TECHNOL,1383-5866,1873-3794,2024,9.000,7.600,https://journalsimpactfactors.com/journal.php?id=700
COMPUT HUM BEHAV,0747-5632,1873-7692,2024,8.900,8.500,https://journalsimpactfactors.com/journal.php?id=705
GEOSCI FRONT,1674-9871,1674-9871,2024,8.900,8.600,https://journalsimpactfactors.com/journal.php?id=706
STROKE,0039-2499,1524-4628,2024,8.900,8.500,https://journalsimpactfactors.com/journal.php?id=707
IEEE INTERNET THINGS,2327-4662,2327-4662,2024,8.900,7.500,https://journalsimpactfactors.com/journal.php?id=708
IEEE T NEUR NET LEAR,2162-237X,2162-2388,2024,8.900,8.000,https://journalsimpactfactors.com/journal.php?id=709
MECH SYST SIGNAL PR,0888-3270,1096-1216,2024,8.900,7.700,https://journalsimpactfactors.com/journal.php?id=710
ECON GEOGR,0013-0095,1944-8287,2024,8.900,8.800,https://journalsimpactfactors.com/journal.php?id=711
COMPUT ELECTRON AGR,0168-1699,1872-7107,2024,8.900,7.400,https://journalsimpactfactors.com/journal.php?id=712
J PHARM ANAL,2095-1779,2214-0883,2024,8.900,8.600,https://journalsimpactfactors.com/journal.php?id=713
CHINESE CHEM LETT,1001-8417,1878-5964,2024,8.900,7.900,https://journalsimpactfactors.com/journal.php?id=715
J BUS VENTURING,0883-9026,1873-2003,2024,8.900,7.800,https://journalsimpactfactors.com/journal.php?id=716
COMPOS PART A-APPL S,1359-835X,1878-5840,2024,8.900,8.300,https://journalsimpactfactors.com/journal.php?id=717
CHIN HERB MED,1674-6384,1674-6384,2024,8.900,8.500,https://journalsimpactfactors.com/journal.php?id=718
DIALOGUES CLIN NEURO,1294-8322,1958-5969,2024,8.900,8.900,https://journalsimpactfactors.com/journal.php?id=719
CRIT REV SOLID STATE,1040-8436,1547-6561,2024,8.900,8.800,https://journalsimpactfactors.com/journal.php?id=721
AM J CLIN DERMATOL,1175-0561,1179-1888,2024,8.800,8.700,https://journalsimpactfactors.com/journal.php?id=722
BJS-BRIT J SURG,0007-1323,1365-2168,2024,8.800,8.300,https://journalsimpactfactors.com/journal.php?id=723
EDUC PSYCHOL REV,1040-726X,1573-336X,2024,8.800,7.800,https://journalsimpactfactors.com/journal.php?id=724
J ECON PERSPECT,0895-3309,1944-7965,2024,8.800,8.700,https://journalsimpactfactors.com/journal.php?id=725
TRANSPORT RES E-LOG,1366-5545,1878-5794,2024,8.800,7.300,https://journalsimpactfactors.com/journal.php?id=727
J WORLD BUS,1090-9516,1878-5573,2024,8.800,8.300,https://journalsimpactfactors.com/journal.php?id=728
VIRTUAL PHYS PROTOTY,1745-2759,1745-2767,2024,8.800,7.900,https://journalsimpactfactors.com/journal.php?id=729
ENVIRON SCI TECH LET,2328-8930,N/A,2024,8.800,8.500,https://journalsimpactfactors.com/journal.php?id=731
CRIT REV FOOD SCI,1040-8398,1549-7852,2024,8.800,8.600,https://journalsimpactfactors.com/journal.php?id=732
TOPICS CURR CHEM,2365-0869,2364-8961,2024,8.800,8.800,https://journalsimpactfactors.com/journal.php?id=733
ANNU REV ANIM BIOSCI,2165-8102,2165-8110,2024,8.700,8.700,https://journalsimpactfactors.com/journal.php?id=734
ANNU REV STAT APPL,2326-8298,2326-831X,2024,8.700,8.600,https://journalsimpactfactors.com/journal.php?id=735
ECON ANAL POLICY,0313-5926,0313-5926,2024,8.700,8.000,https://journalsimpactfactors.com/journal.php?id=736
DEV CELL,1534-5807,1878-1551,2024,8.700,8.600,https://journalsimpactfactors.com/journal.php?id=738
MACH INTELL RES,2731-538X,2731-5398,2024,8.700,8.300,https://journalsimpactfactors.com/journal.php?id=739
J PURCH SUPPLY MANAG,1478-4092,1873-6505,2024,8.700,7.200,https://journalsimpactfactors.com/journal.php?id=740
J CROHNS COLITIS,1873-9946,1876-4479,2024,8.700,8.100,https://journalsimpactfactors.com/journal.php?id=741
IEEE T SYST MAN CY-S,2168-2216,2168-2232,2024,8.700,7.600,https://journalsimpactfactors.com/journal.php?id=742
INT J COAL SCI TECHN,2095-8293,2198-7823,2024,8.700,8.100,https://journalsimpactfactors.com/journal.php?id=743
INT J STROKE,1747-4930,1747-4949,2024,8.700,8.200,https://journalsimpactfactors.com/journal.php?id=744
CANCER METAST REV,0167-7659,1573-7233,2024,8.700,8.700,https://journalsimpactfactors.com/journal.php?id=748
APPL SURF SCI ADV,2666-5239,2666-5239,2024,8.700,8.500,https://journalsimpactfactors.com/journal.php?id=749
SURF SCI REP,0167-5729,1879-274X,2024,8.700,8.600,https://journalsimpactfactors.com/journal.php?id=750
UKR J PHYS OPT,1609-1833,N/A,2024,8.600,7.800,https://journalsimpactfactors.com/journal.php?id=751
GONDWANA RES,1342-937X,1878-0571,2024,8.600,8.300,https://journalsimpactfactors.com/journal.php?id=752
CHEST,0012-3692,1931-3543,2024,8.600,8.200,https://journalsimpactfactors.com/journal.php?id=753
IEEE T GEOSCI REMOTE,0196-2892,1558-0644,2024,8.600,5.900,https://journalsimpactfactors.com/journal.php?id=754
EUR J INFORM SYST,0960-085X,1476-9344,2024,8.600,8.300,https://journalsimpactfactors.com/journal.php?id=755
J STROKE,2287-6391,2287-6405,2024,8.600,8.400,https://journalsimpactfactors.com/journal.php?id=756
INT J APPL EARTH OBS,1569-8432,1872-826X,2024,8.600,7.700,https://journalsimpactfactors.com/journal.php?id=757
J SERV RES-US,1094-6705,1552-7379,2024,8.600,8.200,https://journalsimpactfactors.com/journal.php?id=758
MATER TODAY ENERGY,2468-6069,2468-6069,2024,8.600,8.300,https://journalsimpactfactors.com/journal.php?id=759
ANNU REV GENET,0066-4197,1545-2948,2024,8.600,8.600,https://journalsimpactfactors.com/journal.php?id=760
J ROAD ENG,2097-0498,2773-0077,2024,8.600,8.100,https://journalsimpactfactors.com/journal.php?id=761
NEUROLOGY,0028-3878,1526-632X,2024,8.500,8.200,https://journalsimpactfactors.com/journal.php?id=762
OPTICA,2334-2536,2334-2536,2024,8.500,8.200,https://journalsimpactfactors.com/journal.php?id=763
CLIN MICROBIOL INFEC,1198-743X,1469-0691,2024,8.500,8.100,https://journalsimpactfactors.com/journal.php?id=764
HORTIC RES-ENGLAND,2662-6810,2052-7276,2024,8.500,7.800,https://journalsimpactfactors.com/journal.php?id=765
SWARM EVOL COMPUT,2210-6502,2210-6510,2024,8.500,7.000,https://journalsimpactfactors.com/journal.php?id=766
ASTROPHYS J SUPPL S,0067-0049,1538-4365,2024,8.500,8.000,https://journalsimpactfactors.com/journal.php?id=767
CORROS SCI,0010-938X,1879-0496,2024,8.500,7.300,https://journalsimpactfactors.com/journal.php?id=768
MED J AUSTRALIA,0025-729X,1326-5377,2024,8.500,7.900,https://journalsimpactfactors.com/journal.php?id=769
INT J BIOL MACROMOL,0141-8130,1879-0003,2024,8.500,6.700,https://journalsimpactfactors.com/journal.php?id=770
DIABETES METAB J,2233-6079,2233-6087,2024,8.500,8.100,https://journalsimpactfactors.com/journal.php?id=771
INT J ARTIF INTELL E,1560-4292,1560-4306,2024,8.500,8.000,https://journalsimpactfactors.com/journal.php?id=772
T TIANJIN U,1006-4982,1995-8196,2024,8.500,8.200,https://journalsimpactfactors.com/journal.php?id=773
VIEW-CHINA,2688-3988,2688-268X,2024,8.500,8.400,https://journalsimpactfactors.com/journal.php?id=774
PERSPECT PSYCHOL SCI,1745-6916,1745-6924,2024,8.400,8.300,https://journalsimpactfactors.com/journal.php?id=775
AM J OBSTET GYNECOL,0002-9378,1097-6868,2024,8.400,7.800,https://journalsimpactfactors.com/journal.php?id=776
CIRC-HEART FAIL,1941-3289,1941-3297,2024,8.400,8.200,https://journalsimpactfactors.com/journal.php?id=778
REV FINANC,1572-3097,1573-692X,2024,8.400,8.400,https://journalsimpactfactors.com/journal.php?id=779
ENG GEOL,0013-7952,1872-6917,2024,8.400,7.000,https://journalsimpactfactors.com/journal.php?id=780
NPJ CLIM ATMOS SCI,2397-3722,2397-3722,2024,8.400,7.800,https://journalsimpactfactors.com/journal.php?id=781
BRAIN STIMUL,1935-861X,1876-4754,2024,8.400,7.800,https://journalsimpactfactors.com/journal.php?id=782
IEEE T INTELL TRANSP,1524-9050,1558-0016,2024,8.400,7.400,https://journalsimpactfactors.com/journal.php?id=783
SUPPLY CHAIN MANAG,1359-8546,1758-6852,2024,8.400,7.500,https://journalsimpactfactors.com/journal.php?id=784
J ENVIRON MANAGE,0301-4797,1095-8630,2024,8.400,7.800,https://journalsimpactfactors.com/journal.php?id=785
ANNU REV RESOUR ECON,1941-1340,1941-1359,2024,8.400,8.200,https://journalsimpactfactors.com/journal.php?id=786
ACTA PHARMACOL SIN,1671-4083,1745-7254,2024,8.400,8.200,https://journalsimpactfactors.com/journal.php?id=787
CSH PERSPECT BIOL,1943-0264,1943-0264,2024,8.400,8.200,https://journalsimpactfactors.com/journal.php?id=788
J PHYS-PHOTONICS,2515-7647,2515-7647,2024,8.400,8.200,https://journalsimpactfactors.com/journal.php?id=789
J CO2 UTIL,2212-9820,2212-9839,2024,8.400,8.000,https://journalsimpactfactors.com/journal.php?id=790
ANNU REV NUCL PART S,0163-8998,1545-4134,2024,8.400,8.200,https://journalsimpactfactors.com/journal.php?id=791
CANCER BIOL MED,2095-3941,2095-3941,2024,8.400,7.700,https://journalsimpactfactors.com/journal.php?id=792
INTEGR ENVIRON ASSES,1551-3777,1551-3793,2024,8.400,8.200,https://journalsimpactfactors.com/journal.php?id=793
INT J HOSP MANAG,0278-4319,1873-4693,2024,8.300,6.800,https://journalsimpactfactors.com/journal.php?id=794
TELEMAT INFORM,0736-5853,N/A,2024,8.300,8.000,https://journalsimpactfactors.com/journal.php?id=795
PHYTOMEDICINE,0944-7113,1618-095X,2024,8.300,7.700,https://journalsimpactfactors.com/journal.php?id=796
BMC MED,1741-7015,1741-7015,2024,8.300,8.200,https://journalsimpactfactors.com/journal.php?id=797
EMBO MOL MED,1757-4676,1757-4684,2024,8.300,8.300,https://journalsimpactfactors.com/journal.php?id=798
UNDERGR SPACE,2096-2754,2467-9674,2024,8.300,7.700,https://journalsimpactfactors.com/journal.php?id=799
IEEE T COMMUN,0090-6778,1558-0857,2024,8.300,7.700,https://journalsimpactfactors.com/journal.php?id=800
INFORM SYST FRONT,1387-3326,1572-9419,2024,8.300,7.700,https://journalsimpactfactors.com/journal.php?id=801
IEEE T TRANSP ELECTR,2332-7782,2332-7782,2024,8.300,7.100,https://journalsimpactfactors.com/journal.php?id=803
ANNU REV VIROL,2327-056X,2327-0578,2024,8.300,8.200,https://journalsimpactfactors.com/journal.php?id=804
EMBO J,0261-4189,1460-2075,2024,8.300,8.200,https://journalsimpactfactors.com/journal.php?id=805
COMPUT ENVIRON URBAN,0198-9715,1873-7587,2024,8.300,7.900,https://journalsimpactfactors.com/journal.php?id=806
AUTOIMMUN REV,1568-9972,1873-0183,2024,8.300,8.000,https://journalsimpactfactors.com/journal.php?id=808
BBA-REV CANCER,0304-419X,1879-2561,2024,8.300,8.200,https://journalsimpactfactors.com/journal.php?id=809
NPG ASIA MATER,1884-4049,1884-4057,2024,8.300,8.300,https://journalsimpactfactors.com/journal.php?id=810
INT J HYDROGEN ENERG,0360-3199,1879-3487,2024,8.300,6.200,https://journalsimpactfactors.com/journal.php?id=811
SMALL SCI,2688-4046,2688-4046,2024,8.300,8.100,https://journalsimpactfactors.com/journal.php?id=812
IMMUNOL REV,0105-2896,1600-065X,2024,8.300,8.300,https://journalsimpactfactors.com/journal.php?id=813
PROG THEOR EXP PHYS,2050-3911,N/A,2024,8.300,8.000,https://journalsimpactfactors.com/journal.php?id=814
AM J KIDNEY DIS,0272-6386,1523-6838,2024,8.200,7.900,https://journalsimpactfactors.com/journal.php?id=815
AM J TRANSPLANT,1600-6135,1600-6143,2024,8.200,7.700,https://journalsimpactfactors.com/journal.php?id=816
INFORM MANAGE-AMSTER,0378-7206,1872-7530,2024,8.200,7.600,https://journalsimpactfactors.com/journal.php?id=817
J INT FIN MANAG ACC,0954-1314,1467-646X,2024,8.200,8.000,https://journalsimpactfactors.com/journal.php?id=818
PART FIBRE TOXICOL,1743-8977,1743-8977,2024,8.200,7.900,https://journalsimpactfactors.com/journal.php?id=819
SUSTAIN DEV,0968-0802,1099-1719,2024,8.200,6.900,https://journalsimpactfactors.com/journal.php?id=822
IEEE COMMUN MAG,0163-6804,1558-1896,2024,8.200,8.000,https://journalsimpactfactors.com/journal.php?id=823
HYPERTENSION,0194-911X,1524-4563,2024,8.200,7.800,https://journalsimpactfactors.com/journal.php?id=824
CANCER IMMUNOL RES,2326-6066,2326-6074,2024,8.200,8.100,https://journalsimpactfactors.com/journal.php?id=825
J CARD FAIL,1071-9164,1532-8414,2024,8.200,7.700,https://journalsimpactfactors.com/journal.php?id=826
FREE RADICAL BIO MED,0891-5849,1873-4596,2024,8.200,7.900,https://journalsimpactfactors.com/journal.php?id=828
FRICTION,2223-7690,2223-7704,2024,8.200,7.700,https://journalsimpactfactors.com/journal.php?id=829
FOOD CHEM X,2590-1575,2590-1575,2024,8.200,7.600,https://journalsimpactfactors.com/journal.php?id=833
ACS APPL MATER INTER,1944-8244,1944-8252,2024,8.200,7.700,https://journalsimpactfactors.com/journal.php?id=834
FUTURE FOODS,2666-8335,2666-8335,2024,8.200,7.900,https://journalsimpactfactors.com/journal.php?id=835
MATER TODAY NANO,2588-8420,2588-8420,2024,8.200,8.100,https://journalsimpactfactors.com/journal.php?id=836
PROG NUCL MAG RES SP,0079-6565,1873-3301,2024,8.200,8.000,https://journalsimpactfactors.com/journal.php?id=837
WIRES NANOMED NANOBI,1939-5116,1939-0041,2024,8.200,8.100,https://journalsimpactfactors.com/journal.php?id=838
BRIT J EDUC TECHNOL,0007-1013,1467-8535,2024,8.100,7.600,https://journalsimpactfactors.com/journal.php?id=839
HEALTH AFFAIR,0278-2715,0278-2715,2024,8.100,7.900,https://journalsimpactfactors.com/journal.php?id=840
J STAT SOFTW,1548-7660,1548-7660,2024,8.100,8.000,https://journalsimpactfactors.com/journal.php?id=841
AM J HUM GENET,0002-9297,1537-6605,2024,8.100,7.800,https://journalsimpactfactors.com/journal.php?id=843
DRUG DELIV,1071-7544,1521-0464,2024,8.100,8.100,https://journalsimpactfactors.com/journal.php?id=844
NEW PHYTOL,0028-646X,1469-8137,2024,8.100,7.500,https://journalsimpactfactors.com/journal.php?id=845
DIAGN INTERV IMAG,2211-5684,2211-5684,2024,8.100,6.600,https://journalsimpactfactors.com/journal.php?id=846
TUMOUR VIRUS RES,2666-6790,2666-6790,2024,8.100,7.900,https://journalsimpactfactors.com/journal.php?id=847
CURR POLLUT REP,2198-6592,2198-6592,2024,8.100,7.900,https://journalsimpactfactors.com/journal.php?id=848
MOL HORTIC,2730-9401,2730-9401,2024,8.100,7.500,https://journalsimpactfactors.com/journal.php?id=849
ADOLESC RES REV,2363-8346,2363-8354,2024,8.100,8.000,https://journalsimpactfactors.com/journal.php?id=850
J TOXICOL ENV HEAL B,1093-7404,1521-6950,2024,8.100,7.800,https://journalsimpactfactors.com/journal.php?id=851
APOPTOSIS,1360-8185,1573-675X,2024,8.100,8.000,https://journalsimpactfactors.com/journal.php?id=852
REGEN BIOMATER,2056-3418,2056-3426,2024,8.100,6.500,https://journalsimpactfactors.com/journal.php?id=853
J HAZARD MATER LETT,2666-9110,2666-9110,2024,8.100,7.900,https://journalsimpactfactors.com/journal.php?id=855
INT J STEM EDUC,2196-7822,2196-7822,2024,8.000,7.300,https://journalsimpactfactors.com/journal.php?id=856
INVEST RADIOL,0020-9996,1536-0210,2024,8.000,6.700,https://journalsimpactfactors.com/journal.php?id=857
BASIC RES CARDIOL,0300-8428,1435-1803,2024,8.000,7.100,https://journalsimpactfactors.com/journal.php?id=858
J EUR ACAD DERMATOL,0926-9959,1468-3083,2024,8.000,7.500,https://journalsimpactfactors.com/journal.php?id=859
IEEE T INF FOREN SEC,1556-6013,1556-6021,2024,8.000,6.900,https://journalsimpactfactors.com/journal.php?id=860
PETROL EXPLOR DEV+,2096-4803,1876-3804,2024,8.000,6.900,https://journalsimpactfactors.com/journal.php?id=861
RES POLICY,0048-7333,1873-7625,2024,8.000,7.500,https://journalsimpactfactors.com/journal.php?id=862
REV ENDOCR METAB DIS,1389-9155,1573-2606,2024,8.000,7.800,https://journalsimpactfactors.com/journal.php?id=863
ENG APPL ARTIF INTEL,0952-1976,1873-6769,2024,8.000,7.000,https://journalsimpactfactors.com/journal.php?id=864
GEOGR SUSTAIN,2096-7438,2666-6839,2024,8.000,7.600,https://journalsimpactfactors.com/journal.php?id=866
J PROD INNOVAT MANAG,0737-6782,1540-5885,2024,8.000,7.200,https://journalsimpactfactors.com/journal.php?id=867
J NETW COMPUT APPL,1084-8045,1095-8592,2024,8.000,7.600,https://journalsimpactfactors.com/journal.php?id=868
FOOD RES INT,0963-9969,1873-7145,2024,8.000,7.500,https://journalsimpactfactors.com/journal.php?id=869
SCI TOTAL ENVIRON,0048-9697,1879-1026,2024,8.000,7.400,https://journalsimpactfactors.com/journal.php?id=870
BIOFABRICATION,1758-5082,1758-5090,2024,8.000,7.700,https://journalsimpactfactors.com/journal.php?id=871
CONSTR BUILD MATER,0950-0618,1879-0526,2024,8.000,6.100,https://journalsimpactfactors.com/journal.php?id=872
MATER TODAY ADV,2590-0498,2590-0498,2024,8.000,7.900,https://journalsimpactfactors.com/journal.php?id=873
ACM T COMPUT HEALTHC,2691-1957,2637-8051,2024,8.000,7.900,https://journalsimpactfactors.com/journal.php?id=874
IEEE T NETW SCI ENG,2327-4697,2327-4697,2024,7.900,7.200,https://journalsimpactfactors.com/journal.php?id=876
GENOM PROTEOM BIOINF,1672-0229,2210-3244,2024,7.900,7.800,https://journalsimpactfactors.com/journal.php?id=877
RESULTS ENG,2590-1230,2590-1230,2024,7.900,5.700,https://journalsimpactfactors.com/journal.php?id=878
TOUR REV,1660-5373,1759-8451,2024,7.900,6.200,https://journalsimpactfactors.com/journal.php?id=879
ECOL LETT,1461-023X,1461-0248,2024,7.900,7.500,https://journalsimpactfactors.com/journal.php?id=880
J HEADACHE PAIN,1129-2369,1129-2377,2024,7.900,6.600,https://journalsimpactfactors.com/journal.php?id=881
HAEMATOLOGICA,0390-6078,1592-8721,2024,7.900,7.600,https://journalsimpactfactors.com/journal.php?id=882
BREAST,0960-9776,1532-3080,2024,7.900,7.700,https://journalsimpactfactors.com/journal.php?id=883
J SERV MANAGE,1757-5818,1757-5826,2024,7.900,7.200,https://journalsimpactfactors.com/journal.php?id=884
NEUROSCI BIOBEHAV R,0149-7634,1873-7528,2024,7.900,7.600,https://journalsimpactfactors.com/journal.php?id=885
MATER RES LETT,2166-3831,2166-3831,2024,7.900,7.500,https://journalsimpactfactors.com/journal.php?id=886
TRANSPORT RES C-EMER,0968-090X,1879-2359,2024,7.900,6.900,https://journalsimpactfactors.com/journal.php?id=887
MATER DESIGN,0264-1275,1873-4197,2024,7.900,7.500,https://journalsimpactfactors.com/journal.php?id=888
ENTREP THEORY PRACT,1042-2587,1540-6520,2024,7.900,7.500,https://journalsimpactfactors.com/journal.php?id=889
MATER TODAY SUSTAIN,2589-2347,2589-2347,2024,7.900,7.600,https://journalsimpactfactors.com/journal.php?id=890
J POWER SOURCES,0378-7753,1873-2755,2024,7.900,7.300,https://journalsimpactfactors.com/journal.php?id=891
J NANOSTRUCTURE CHEM,2008-9244,2193-8865,2024,7.900,7.900,https://journalsimpactfactors.com/journal.php?id=892
J OBES METAB SYNDR,2508-6235,2508-7576,2024,7.900,7.700,https://journalsimpactfactors.com/journal.php?id=893
ANNU REV GENOM HUM G,1527-8204,1545-293X,2024,7.900,7.900,https://journalsimpactfactors.com/journal.php?id=894
J ORTHOP TRANSL,2214-031X,2214-031X,2024,7.800,7.400,https://journalsimpactfactors.com/journal.php?id=895
EUR REV SOC PSYCHOL,1046-3283,1479-277X,2024,7.800,7.800,https://journalsimpactfactors.com/journal.php?id=896
ANN TOURISM RES,0160-7383,1873-7722,2024,7.800,6.900,https://journalsimpactfactors.com/journal.php?id=897
PSYCHOL METHODS,1082-989X,1939-1463,2024,7.800,7.500,https://journalsimpactfactors.com/journal.php?id=898
EUROSURVEILLANCE,1025-496X,1560-7917,2024,7.800,7.500,https://journalsimpactfactors.com/journal.php?id=899
J MIX METHOD RES,1558-6898,1558-6901,2024,7.800,6.400,https://journalsimpactfactors.com/journal.php?id=900
JPAD-J PREV ALZHEIM,2274-5807,2426-0266,2024,7.800,7.400,https://journalsimpactfactors.com/journal.php?id=901
J HOSP TOUR MANAG,1447-6770,1839-5260,2024,7.800,7.100,https://journalsimpactfactors.com/journal.php?id=902
RESOUR ENVIRON SUST,2666-9161,2666-9161,2024,7.800,7.500,https://journalsimpactfactors.com/journal.php?id=903
FORTSCHR PHYS,0015-8208,1521-3978,2024,7.800,7.400,https://journalsimpactfactors.com/journal.php?id=904
J INTERACT MARK,1094-9968,1520-6653,2024,7.800,7.300,https://journalsimpactfactors.com/journal.php?id=905
J SUSTAIN TOUR,0966-9582,1747-7646,2024,7.800,7.000,https://journalsimpactfactors.com/journal.php?id=906
J INTEL CONNECT VEH,2399-9802,2399-9802,2024,7.800,7.300,https://journalsimpactfactors.com/journal.php?id=908
HEPATOBIL SURG NUTR,2304-3881,2304-389X,2024,7.800,7.100,https://journalsimpactfactors.com/journal.php?id=909
PROCESS SAF ENVIRON,0957-5820,1744-3598,2024,7.800,6.600,https://journalsimpactfactors.com/journal.php?id=910
MICROBIOL MOL BIOL R,1092-2172,1098-5557,2024,7.800,7.800,https://journalsimpactfactors.com/journal.php?id=911
SEMIN IMMUNOL,1044-5323,1096-3618,2024,7.800,7.700,https://journalsimpactfactors.com/journal.php?id=912
HARVARD BUS REV,0017-8012,0017-8012,2024,7.800,7.800,https://journalsimpactfactors.com/journal.php?id=913
ANN NEUROL,0364-5134,1531-8249,2024,7.700,7.500,https://journalsimpactfactors.com/journal.php?id=914
THORAX,0040-6376,1468-3296,2024,7.700,7.500,https://journalsimpactfactors.com/journal.php?id=915
JACC-CLIN ELECTROPHY,2405-500X,2405-5018,2024,7.700,7.000,https://journalsimpactfactors.com/journal.php?id=917
ENVIRON RES,0013-9351,1096-0953,2024,7.700,7.300,https://journalsimpactfactors.com/journal.php?id=918
BRIEF BIOINFORM,1467-5463,1477-4054,2024,7.700,7.000,https://journalsimpactfactors.com/journal.php?id=919
BRIT J PHARMACOL,0007-1188,1476-5381,2024,7.700,5.900,https://journalsimpactfactors.com/journal.php?id=920
INT J SUST DEV WORLD,1350-4509,1745-2627,2024,7.700,7.500,https://journalsimpactfactors.com/journal.php?id=922
MOL SYST BIOL,1744-4292,1744-4292,2024,7.700,7.500,https://journalsimpactfactors.com/journal.php?id=923
TRANSPORT RES D-TR E,1361-9209,1879-2340,2024,7.700,6.700,https://journalsimpactfactors.com/journal.php?id=924
GENE DEV,0890-9369,1549-5477,2024,7.700,7.600,https://journalsimpactfactors.com/journal.php?id=925
CELL SYST,2405-4712,2405-4720,2024,7.700,7.500,https://journalsimpactfactors.com/journal.php?id=926
NEOPLASIA,1476-5586,1476-5586,2024,7.700,7.700,https://journalsimpactfactors.com/journal.php?id=927
CLIN SCI,0143-5221,1470-8736,2024,7.700,7.500,https://journalsimpactfactors.com/journal.php?id=929
COMPOS COMMUN,2452-2139,2452-2139,2024,7.700,6.300,https://journalsimpactfactors.com/journal.php?id=930
FUEL PROCESS TECHNOL,0378-3820,1873-7188,2024,7.700,7.600,https://journalsimpactfactors.com/journal.php?id=932
PUBL ASTRON SOC PAC,0004-6280,1538-3873,2024,7.700,7.400,https://journalsimpactfactors.com/journal.php?id=933
J HAZARD MATER ADV,2772-4166,2772-4166,2024,7.700,7.600,https://journalsimpactfactors.com/journal.php?id=934
CRIT REV BIOTECHNOL,0738-8551,1549-7801,2024,7.700,7.600,https://journalsimpactfactors.com/journal.php?id=935
FRONT ENG MANAG,2095-7513,2096-0255,2024,7.700,7.300,https://journalsimpactfactors.com/journal.php?id=936
LANCET REG HEALTH-AM,2667-193X,2667-193X,2024,7.600,7.500,https://journalsimpactfactors.com/journal.php?id=939
CHINA FINANC REV INT,2044-1398,2044-1401,2024,7.600,7.200,https://journalsimpactfactors.com/journal.php?id=940
EUR J NUCL MED MOL I,1619-7070,1619-7089,2024,7.600,6.800,https://journalsimpactfactors.com/journal.php?id=941
ORGAN RES METHODS,1094-4281,1552-7425,2024,7.600,7.400,https://journalsimpactfactors.com/journal.php?id=943
BRIT J PSYCHIAT,0007-1250,1472-1465,2024,7.600,7.400,https://journalsimpactfactors.com/journal.php?id=944
BRAIN BEHAV IMMUN,0889-1591,1090-2139,2024,7.600,7.100,https://journalsimpactfactors.com/journal.php?id=945
BIOSCIENCE,0006-3568,1525-3244,2024,7.600,7.400,https://journalsimpactfactors.com/journal.php?id=946
MOVEMENT DISORD,0885-3185,1531-8257,2024,7.600,6.900,https://journalsimpactfactors.com/journal.php?id=947
AM J GASTROENTEROL,0002-9270,1572-0241,2024,7.600,7.300,https://journalsimpactfactors.com/journal.php?id=948
FRONT ECOL ENVIRON,1540-9295,1540-9309,2024,7.600,7.500,https://journalsimpactfactors.com/journal.php?id=949
PHYTOCHEM REV,1568-7767,1572-980X,2024,7.600,7.500,https://journalsimpactfactors.com/journal.php?id=950
PATTERN RECOGN,0031-3203,1873-5142,2024,7.600,6.100,https://journalsimpactfactors.com/journal.php?id=951
BMJ EVID-BASED MED,2515-446X,2515-4478,2024,7.600,7.100,https://journalsimpactfactors.com/journal.php?id=952
FOOD ENG REV,1866-7910,1866-7929,2024,7.600,7.500,https://journalsimpactfactors.com/journal.php?id=954
SCI CHINA INFORM SCI,1674-733X,1869-1919,2024,7.600,6.800,https://journalsimpactfactors.com/journal.php?id=955
INTERNET THINGS-NETH,2543-1536,2542-6605,2024,7.600,7.000,https://journalsimpactfactors.com/journal.php?id=956
INT J CONSUM STUD,1470-6423,1470-6431,2024,7.600,6.300,https://journalsimpactfactors.com/journal.php?id=957
ENERG CONVERS MAN-X,2590-1745,2590-1745,2024,7.600,6.500,https://journalsimpactfactors.com/journal.php?id=958
KNOWL-BASED SYST,0950-7051,1872-7409,2024,7.600,6.700,https://journalsimpactfactors.com/journal.php?id=959
MUCOSAL IMMUNOL,1933-0219,1935-3456,2024,7.600,7.500,https://journalsimpactfactors.com/journal.php?id=960
SENSOR ACTUATOR REP,2666-0539,2666-0539,2024,7.600,7.500,https://journalsimpactfactors.com/journal.php?id=961
BIO-DES MANUF,2096-5524,2522-8552,2024,7.600,7.200,https://journalsimpactfactors.com/journal.php?id=962
PROG CARDIOVASC DIS,0033-0620,1873-1740,2024,7.600,6.500,https://journalsimpactfactors.com/journal.php?id=963
PROG PHOTOVOLTAICS,1062-7995,1099-159X,2024,7.600,7.200,https://journalsimpactfactors.com/journal.php?id=964
BUILD ENVIRON,0360-1323,1873-684X,2024,7.600,6.100,https://journalsimpactfactors.com/journal.php?id=965
GREEN CHEM ENG,2096-9147,2666-9528,2024,7.600,7.400,https://journalsimpactfactors.com/journal.php?id=966
ANIM NUTR,2405-6383,2405-6545,2024,7.500,7.200,https://journalsimpactfactors.com/journal.php?id=968
J NEUROL NEUROSUR PS,0022-3050,1468-330X,2024,7.500,7.400,https://journalsimpactfactors.com/journal.php?id=969
NEUROL-NEUROIMMUNOL,2332-7812,2332-7812,2024,7.500,7.100,https://journalsimpactfactors.com/journal.php?id=970
IEEE T DEPEND SECURE,1545-5971,1941-0018,2024,7.500,7.100,https://journalsimpactfactors.com/journal.php?id=971
INT J ROCK MECH MIN,1365-1609,1873-4545,2024,7.500,7.000,https://journalsimpactfactors.com/journal.php?id=972
EUR J PREV CARDIOL,2047-4873,2047-4881,2024,7.500,6.800,https://journalsimpactfactors.com/journal.php?id=974
ECOL MONOGR,0012-9615,1557-7015,2024,7.500,7.400,https://journalsimpactfactors.com/journal.php?id=975
SCI CHINA PHYS MECH,1674-7348,1869-1927,2024,7.500,6.800,https://journalsimpactfactors.com/journal.php?id=977
ANNU REV ANAL CHEM,1936-1327,1936-1335,2024,7.500,7.500,https://journalsimpactfactors.com/journal.php?id=978
DIGIT COMMUN NETW,2468-5925,2352-8648,2024,7.500,7.300,https://journalsimpactfactors.com/journal.php?id=979
INT J PROJ MANAG,0263-7863,1873-4634,2024,7.500,5.800,https://journalsimpactfactors.com/journal.php?id=980
IND MARKET MANAG,0019-8501,1873-2062,2024,7.500,6.400,https://journalsimpactfactors.com/journal.php?id=981
BIOMED PHARMACOTHER,0753-3322,1950-6007,2024,7.500,7.300,https://journalsimpactfactors.com/journal.php?id=983
GASTROINTEST ENDOSC,0016-5107,1097-6779,2024,7.500,6.700,https://journalsimpactfactors.com/journal.php?id=984
CURR BIOL,0960-9822,1879-0445,2024,7.500,7.300,https://journalsimpactfactors.com/journal.php?id=985
DIABETES,0012-1797,1939-327X,2024,7.500,7.300,https://journalsimpactfactors.com/journal.php?id=986
EXPERT SYST APPL,0957-4174,1873-6793,2024,7.500,6.800,https://journalsimpactfactors.com/journal.php?id=987
ARCH PHARM RES,0253-6269,1976-3786,2024,7.500,7.100,https://journalsimpactfactors.com/journal.php?id=988
INT J RES MARK,0167-8116,1873-8001,2024,7.500,7.300,https://journalsimpactfactors.com/journal.php?id=989
J MATER PROCESS TECH,0924-0136,1873-4774,2024,7.500,7.000,https://journalsimpactfactors.com/journal.php?id=990
FUEL,0016-2361,1873-7153,2024,7.500,6.700,https://journalsimpactfactors.com/journal.php?id=992
DRUG DISCOV TODAY,1359-6446,1878-5832,2024,7.500,7.400,https://journalsimpactfactors.com/journal.php?id=993
CARBON RES CONVERS,2588-9133,2588-9133,2024,7.500,6.900,https://journalsimpactfactors.com/journal.php?id=994
CURR OPIN PLANT BIOL,1369-5266,1879-0356,2024,7.500,7.300,https://journalsimpactfactors.com/journal.php?id=995
CURR OPIN MICROBIOL,1369-5274,1879-0364,2024,7.500,7.100,https://journalsimpactfactors.com/journal.php?id=996
CHEM REC,1527-8999,1528-0691,2024,7.500,7.300,https://journalsimpactfactors.com/journal.php?id=997
REV EDUC RES,0034-6543,1935-1046,2024,7.400,7.300,https://journalsimpactfactors.com/journal.php?id=998
INT J MANAG EDUC-OXF,1472-8117,2352-3565,2024,7.400,5.600,https://journalsimpactfactors.com/journal.php?id=999
J DESTIN MARK MANAGE,2212-571X,2212-5752,2024,7.400,6.700,https://journalsimpactfactors.com/journal.php?id=1000
INFORM PROCESS AGR,2214-3173,2214-3173,2024,7.400,7.100,https://journalsimpactfactors.com/journal.php?id=1001
J BUS LOGIST,0735-3766,2158-1592,2024,7.400,6.000,https://journalsimpactfactors.com/journal.php?id=1002
EUROPACE,1099-5129,1532-2092,2024,7.400,6.000,https://journalsimpactfactors.com/journal.php?id=1003
SERV IND J,0264-2069,1743-9507,2024,7.400,6.300,https://journalsimpactfactors.com/journal.php?id=1005
ARTERIOSCL THROM VAS,1079-5642,1524-4636,2024,7.400,7.100,https://journalsimpactfactors.com/journal.php?id=1006
CELL MOL GASTROENTER,2352-345X,2352-345X,2024,7.400,7.200,https://journalsimpactfactors.com/journal.php?id=1007
INT J OPER PROD MAN,0144-3577,1758-6593,2024,7.400,6.300,https://journalsimpactfactors.com/journal.php?id=1008
ECOL INDIC,1470-160X,1872-7034,2024,7.400,6.600,https://journalsimpactfactors.com/journal.php?id=1009
CIRC-CARDIOVASC INTE,1941-7640,1941-7632,2024,7.400,7.200,https://journalsimpactfactors.com/journal.php?id=1010
CNS DRUGS,1172-7047,1179-1934,2024,7.400,7.200,https://journalsimpactfactors.com/journal.php?id=1011
CLIN NUTR,0261-5614,1532-1983,2024,7.400,7.000,https://journalsimpactfactors.com/journal.php?id=1012
TUNN UNDERGR SP TECH,0886-7798,1878-4364,2024,7.400,6.100,https://journalsimpactfactors.com/journal.php?id=1013
DIABETES RES CLIN PR,0168-8227,1872-8227,2024,7.400,7.200,https://journalsimpactfactors.com/journal.php?id=1014
POLYM DEGRAD STABIL,0141-3910,1873-2321,2024,7.400,6.600,https://journalsimpactfactors.com/journal.php?id=1016
ENERGY RES SOC SCI,2214-6296,2214-6326,2024,7.400,6.000,https://journalsimpactfactors.com/journal.php?id=1017
PATTERNS,2666-3899,2666-3899,2024,7.400,7.300,https://journalsimpactfactors.com/journal.php?id=1018
OBES REV,1467-7881,1467-789X,2024,7.400,7.200,https://journalsimpactfactors.com/journal.php?id=1019
CHEM SCI,2041-6520,2041-6539,2024,7.400,7.000,https://journalsimpactfactors.com/journal.php?id=1020
J TRANSL INTERN MED,2450-131X,2224-4018,2024,7.400,7.100,https://journalsimpactfactors.com/journal.php?id=1021
AMYLOID,1350-6129,1744-2818,2024,7.400,6.800,https://journalsimpactfactors.com/journal.php?id=1022
REDOX REP,1351-0002,1743-2928,2024,7.400,7.300,https://journalsimpactfactors.com/journal.php?id=1023
SCI CHINA MATER,2095-8226,2199-4501,2024,7.400,6.900,https://journalsimpactfactors.com/journal.php?id=1024
SPACE SCI REV,0038-6308,1572-9672,2024,7.400,6.800,https://journalsimpactfactors.com/journal.php?id=1025
J INTELL MANUF,0956-5515,1572-8145,2024,7.400,6.400,https://journalsimpactfactors.com/journal.php?id=1026
FUZZY OPTIM DECIS MA,1568-4539,1573-2908,2024,7.400,6.100,https://journalsimpactfactors.com/journal.php?id=1027
RIV NUOVO CIMENTO,0393-697X,1826-9850,2024,7.400,7.400,https://journalsimpactfactors.com/journal.php?id=1029
PERSOONIA,0031-5850,N/A,2024,7.300,7.300,https://journalsimpactfactors.com/journal.php?id=1030
COMPUT METHOD APPL M,0045-7825,1879-2138,2024,7.300,6.100,https://journalsimpactfactors.com/journal.php?id=1031
BOTTOM LINE,0888-045X,2054-1724,2024,7.300,4.500,https://journalsimpactfactors.com/journal.php?id=1032
CLIN INFECT DIS,1058-4838,1537-6591,2024,7.300,7.000,https://journalsimpactfactors.com/journal.php?id=1033
ECOL INFORM,1574-9541,1878-0512,2024,7.300,5.600,https://journalsimpactfactors.com/journal.php?id=1034
EUR MANAG J,0263-2373,1873-5681,2024,7.300,7.100,https://journalsimpactfactors.com/journal.php?id=1035
MABS-AUSTIN,1942-0862,1942-0870,2024,7.300,6.600,https://journalsimpactfactors.com/journal.php?id=1036
INT SOIL WATER CONSE,2095-6339,2589-059X,2024,7.300,7.100,https://journalsimpactfactors.com/journal.php?id=1037
INT J PHYS DISTR LOG,0960-0035,1758-664X,2024,7.300,6.500,https://journalsimpactfactors.com/journal.php?id=1038
ONCOGENE,0950-9232,1476-5594,2024,7.300,7.200,https://journalsimpactfactors.com/journal.php?id=1039
IEEE-ASME T MECH,1083-4435,1941-014X,2024,7.300,6.300,https://journalsimpactfactors.com/journal.php?id=1040
NEW TECH WORK EMPLOY,0268-1072,1468-005X,2024,7.300,6.300,https://journalsimpactfactors.com/journal.php?id=1041
ENVIRON POLLUT,0269-7491,1873-6424,2024,7.300,6.900,https://journalsimpactfactors.com/journal.php?id=1042
CALIF MANAGE REV,0008-1256,2162-8564,2024,7.300,6.800,https://journalsimpactfactors.com/journal.php?id=1043
PEDOSPHERE,1002-0160,2210-5107,2024,7.300,7.200,https://journalsimpactfactors.com/journal.php?id=1044
CHINESE MED J-PEKING,0366-6999,2542-5641,2024,7.300,7.000,https://journalsimpactfactors.com/journal.php?id=1046
ACS SUSTAIN CHEM ENG,2168-0485,2168-0485,2024,7.300,6.900,https://journalsimpactfactors.com/journal.php?id=1048
INT J PROD RES,0020-7543,1366-588X,2024,7.300,6.000,https://journalsimpactfactors.com/journal.php?id=1049
PROG ORG COAT,0300-9440,1873-331X,2024,7.300,6.400,https://journalsimpactfactors.com/journal.php?id=1050
CAAI T INTELL TECHNO,2468-6557,2468-2322,2024,7.300,7.000,https://journalsimpactfactors.com/journal.php?id=1051
ORGAN ENVIRON,1086-0266,1552-7417,2024,7.300,6.600,https://journalsimpactfactors.com/journal.php?id=1052
PULSE,2235-8676,2235-8668,2024,7.300,6.400,https://journalsimpactfactors.com/journal.php?id=1053
AM PSYCHOL,0003-066X,1935-990X,2024,7.200,7.000,https://journalsimpactfactors.com/journal.php?id=1054
CURR FOR REP,2198-6436,2198-6436,2024,7.200,7.100,https://journalsimpactfactors.com/journal.php?id=1055
PHOTONICS RES,2327-9125,2327-9125,2024,7.200,6.900,https://journalsimpactfactors.com/journal.php?id=1057
JACC-BASIC TRANSL SC,2452-302X,2452-302X,2024,7.200,7.100,https://journalsimpactfactors.com/journal.php?id=1058
JNCI-J NATL CANCER I,0027-8874,1460-2105,2024,7.200,7.000,https://journalsimpactfactors.com/journal.php?id=1059
IEEE T IND ELECTRON,0278-0046,1557-9948,2024,7.200,6.200,https://journalsimpactfactors.com/journal.php?id=1060
EARTH SYST DYNAM,2190-4979,2190-4987,2024,7.200,6.900,https://journalsimpactfactors.com/journal.php?id=1061
PLOS BIOL,1544-9173,1545-7885,2024,7.200,7.000,https://journalsimpactfactors.com/journal.php?id=1062
IEEE T POWER SYST,0885-8950,1558-0679,2024,7.200,6.400,https://journalsimpactfactors.com/journal.php?id=1063
ADV OPT MATER,2195-1071,2195-1071,2024,7.200,6.800,https://journalsimpactfactors.com/journal.php?id=1064
OMEGA-INT J MANAGE S,0305-0483,1873-5274,2024,7.200,6.100,https://journalsimpactfactors.com/journal.php?id=1065
INT J MIN MET MATER,1674-4799,1869-103X,2024,7.200,6.100,https://journalsimpactfactors.com/journal.php?id=1066
CELL CHEM BIOL,2451-9456,2451-9448,2024,7.200,7.000,https://journalsimpactfactors.com/journal.php?id=1067
STRATEGIC MANAGE J,0143-2095,1097-0266,2024,7.200,6.600,https://journalsimpactfactors.com/journal.php?id=1068
IEEE VEH TECHNOL MAG,1556-6072,1556-6080,2024,7.200,7.100,https://journalsimpactfactors.com/journal.php?id=1069
SUSTAIN ACCOUNT MANA,2040-8021,2040-803X,2024,7.200,6.400,https://journalsimpactfactors.com/journal.php?id=1070
J RARE EARTH,1002-0721,1002-0721,2024,7.200,6.300,https://journalsimpactfactors.com/journal.php?id=1073
J ENVIRON CHEM ENG,2213-2929,2213-3437,2024,7.200,6.600,https://journalsimpactfactors.com/journal.php?id=1074
PROG SURF SCI,0079-6816,1878-4240,2024,7.200,6.700,https://journalsimpactfactors.com/journal.php?id=1075
INT J NURS STUD,0020-7489,1873-491X,2024,7.100,6.800,https://journalsimpactfactors.com/journal.php?id=1077
ECONOMETRICA,0012-9682,1468-0262,2024,7.100,7.000,https://journalsimpactfactors.com/journal.php?id=1078
CLIN J AM SOC NEPHRO,1555-9041,1555-905X,2024,7.100,6.800,https://journalsimpactfactors.com/journal.php?id=1079
INT J FORECASTING,0169-2070,1872-8200,2024,7.100,6.700,https://journalsimpactfactors.com/journal.php?id=1080
BORSA ISTANB REV,2214-8450,2214-8469,2024,7.100,6.700,https://journalsimpactfactors.com/journal.php?id=1081
INT ENDOD J,0143-2885,1365-2591,2024,7.100,6.300,https://journalsimpactfactors.com/journal.php?id=1082
J ROY SOC MED,0141-0768,1758-1095,2024,7.100,6.700,https://journalsimpactfactors.com/journal.php?id=1083
BLOOD ADV,2473-9529,2473-9537,2024,7.100,6.800,https://journalsimpactfactors.com/journal.php?id=1085
NEUROPSYCHOPHARMACOL,0893-133X,1740-634X,2024,7.100,6.900,https://journalsimpactfactors.com/journal.php?id=1086
DTSCH ARZTEBL INT,1866-0452,1866-0452,2024,7.100,6.700,https://journalsimpactfactors.com/journal.php?id=1087
EUR J CANCER,0959-8049,1879-0852,2024,7.100,6.900,https://journalsimpactfactors.com/journal.php?id=1088
AGING CELL,1474-9718,1474-9726,2024,7.100,6.800,https://journalsimpactfactors.com/journal.php?id=1089
IEEE T VEH TECHNOL,0018-9545,1939-9359,2024,7.100,6.400,https://journalsimpactfactors.com/journal.php?id=1090
ORGAN PSYCHOL REV,2041-3866,2041-3874,2024,7.100,6.700,https://journalsimpactfactors.com/journal.php?id=1091
AGE AGEING,0002-0729,1468-2834,2024,7.100,6.700,https://journalsimpactfactors.com/journal.php?id=1092
COMPOS STRUCT,0263-8223,1879-1085,2024,7.100,6.500,https://journalsimpactfactors.com/journal.php?id=1093
SURV GEOPHYS,0169-3298,1573-0956,2024,7.100,6.800,https://journalsimpactfactors.com/journal.php?id=1094
ENVIRON TECHNOL INNO,2352-1864,2352-1864,2024,7.100,6.900,https://journalsimpactfactors.com/journal.php?id=1095
ENERG BUILDINGS,0378-7788,1872-6178,2024,7.100,6.100,https://journalsimpactfactors.com/journal.php?id=1096
J GENET GENOMICS,1673-8527,1873-5533,2024,7.100,6.700,https://journalsimpactfactors.com/journal.php?id=1097
WASTE MANAGE,0956-053X,1879-2456,2024,7.100,6.700,https://journalsimpactfactors.com/journal.php?id=1098
INT J GEO-ENG,2092-9196,2198-2783,2024,7.100,6.600,https://journalsimpactfactors.com/journal.php?id=1099
CHIP-PRC,2709-4723,2772-2724,2024,7.100,6.800,https://journalsimpactfactors.com/journal.php?id=1100
IEEE ROBOT AUTOM MAG,1070-9932,1558-223X,2024,7.100,7.000,https://journalsimpactfactors.com/journal.php?id=1101
PROG NAT SCI-MATER,1002-0071,1745-5391,2024,7.100,6.200,https://journalsimpactfactors.com/journal.php?id=1102
ACTA ECOL SINICA,1872-2032,1872-2032,2024,7.100,7.100,https://journalsimpactfactors.com/journal.php?id=1103
CHEM ENG J ADV,2666-8211,2666-8211,2024,7.100,7.100,https://journalsimpactfactors.com/journal.php?id=1104
FERTIL STERIL,0015-0282,1556-5653,2024,7.000,6.500,https://journalsimpactfactors.com/journal.php?id=1105
J TRAVEL RES,0047-2875,1552-6763,2024,7.000,6.100,https://journalsimpactfactors.com/journal.php?id=1106
J ADVERTISING,0091-3367,1557-7805,2024,7.000,6.400,https://journalsimpactfactors.com/journal.php?id=1107
INF TECHNOL TOUR,1098-3058,1943-4294,2024,7.000,6.600,https://journalsimpactfactors.com/journal.php?id=1108
J ENVIRON PSYCHOL,0272-4944,1522-9610,2024,7.000,6.200,https://journalsimpactfactors.com/journal.php?id=1109
CIRC-CARDIOVASC IMAG,1941-9651,1942-0080,2024,7.000,6.800,https://journalsimpactfactors.com/journal.php?id=1110
IEEE T COGN COMMUN,2332-7731,2332-7731,2024,7.000,6.600,https://journalsimpactfactors.com/journal.php?id=1111
J CHILD PSYCHOL PSYC,0021-9630,1469-7610,2024,7.000,6.600,https://journalsimpactfactors.com/journal.php?id=1112
HABITAT INT,0197-3975,1873-5428,2024,7.000,6.100,https://journalsimpactfactors.com/journal.php?id=1113
J AUTOIMMUN,0896-8411,1095-9157,2024,7.000,6.900,https://journalsimpactfactors.com/journal.php?id=1114
IEEE T AUTOMAT CONTR,0018-9286,1558-2523,2024,7.000,6.400,https://journalsimpactfactors.com/journal.php?id=1115
LANDSLIDES,1612-510X,1612-5118,2024,7.000,6.100,https://journalsimpactfactors.com/journal.php?id=1117
ECONOMET J,1368-4221,1368-423X,2024,7.000,6.900,https://journalsimpactfactors.com/journal.php?id=1118
ASIAN ECON POLICY R,1832-8105,1748-3131,2024,7.000,6.900,https://journalsimpactfactors.com/journal.php?id=1119
J TISSUE ENG,2041-7314,2041-7314,2024,7.000,6.400,https://journalsimpactfactors.com/journal.php?id=1120
CURR OPIN STRUC BIOL,0959-440X,1879-033X,2024,7.000,6.800,https://journalsimpactfactors.com/journal.php?id=1122
BUS HORIZONS,0007-6813,1873-6068,2024,7.000,6.700,https://journalsimpactfactors.com/journal.php?id=1123
MAT SCI ENG A-STRUCT,0921-5093,1873-4936,2024,7.000,6.100,https://journalsimpactfactors.com/journal.php?id=1124
J MANAGE ENG,0742-597X,1943-5479,2024,7.000,5.600,https://journalsimpactfactors.com/journal.php?id=1125
CHEM MATER,0897-4756,1520-5002,2024,7.000,6.700,https://journalsimpactfactors.com/journal.php?id=1126
SUSTAIN ENERGY TECHN,2213-1388,2213-1396,2024,7.000,6.600,https://journalsimpactfactors.com/journal.php?id=1127
J ANAL TEST,2096-241X,2509-4696,2024,7.000,6.400,https://journalsimpactfactors.com/journal.php?id=1128
CURR OPIN BIOTECH,0958-1669,1879-0429,2024,7.000,6.800,https://journalsimpactfactors.com/journal.php?id=1130
COMPOS PART C-OPEN,2666-6820,2666-6820,2024,7.000,6.700,https://journalsimpactfactors.com/journal.php?id=1131
CURR OPIN COLLOID IN,1359-0294,1879-0399,2024,7.000,6.700,https://journalsimpactfactors.com/journal.php?id=1132
INT J EDUC INTEGR,1833-2595,1833-2595,2024,6.900,6.600,https://journalsimpactfactors.com/journal.php?id=1134
ANAESTHESIA,0003-2409,1365-2044,2024,6.900,5.600,https://journalsimpactfactors.com/journal.php?id=1135
INFORM PROCESS MANAG,0306-4573,1873-5371,2024,6.900,5.800,https://journalsimpactfactors.com/journal.php?id=1136
FINANC RES LETT,1544-6123,1544-6131,2024,6.900,5.800,https://journalsimpactfactors.com/journal.php?id=1137
PLANT PHYSIOL,0032-0889,1532-2548,2024,6.900,6.500,https://journalsimpactfactors.com/journal.php?id=1138
RES INT BUS FINANC,0275-5319,1878-3384,2024,6.900,5.800,https://journalsimpactfactors.com/journal.php?id=1139
TOUR MANAG PERSPECT,2211-9736,2211-9744,2024,6.900,6.700,https://journalsimpactfactors.com/journal.php?id=1140
J HOSP TOUR TECHNOL,1757-9880,1757-9899,2024,6.900,5.600,https://journalsimpactfactors.com/journal.php?id=1141
TRIBOL INT,0301-679X,1879-2464,2024,6.900,5.600,https://journalsimpactfactors.com/journal.php?id=1142
EMERG CONTAM,2405-6650,2405-6642,2024,6.900,6.700,https://journalsimpactfactors.com/journal.php?id=1144
WEATHER CLIM EXTREME,2212-0947,2212-0947,2024,6.900,6.600,https://journalsimpactfactors.com/journal.php?id=1145
GISCI REMOTE SENS,1548-1603,1943-7226,2024,6.900,6.600,https://journalsimpactfactors.com/journal.php?id=1146
NEUROTHERAPEUTICS,1933-7213,1878-7479,2024,6.900,6.800,https://journalsimpactfactors.com/journal.php?id=1147
AM J CLIN NUTR,0002-9165,1938-3207,2024,6.900,6.600,https://journalsimpactfactors.com/journal.php?id=1148
URBAN CLIM,2212-0955,2212-0955,2024,6.900,6.300,https://journalsimpactfactors.com/journal.php?id=1149
PLANT STRESS,2667-064X,2667-064X,2024,6.900,6.300,https://journalsimpactfactors.com/journal.php?id=1150
APPL THERM ENG,1359-4311,1873-5606,2024,6.900,5.600,https://journalsimpactfactors.com/journal.php?id=1151
INT J BANK MARK,0265-2323,1758-5937,2024,6.900,5.300,https://journalsimpactfactors.com/journal.php?id=1152
MICROBIOL RES,0944-5013,1618-0623,2024,6.900,6.600,https://journalsimpactfactors.com/journal.php?id=1153
AGING DIS,2152-5250,2152-5250,2024,6.900,6.600,https://journalsimpactfactors.com/journal.php?id=1154
ARCH TOXICOL,0340-5761,1432-0738,2024,6.900,6.600,https://journalsimpactfactors.com/journal.php?id=1155
APPL MATER TODAY,2352-9407,2352-9407,2024,6.900,6.700,https://journalsimpactfactors.com/journal.php?id=1156
APPL SURF SCI,0169-4332,1873-5584,2024,6.900,6.600,https://journalsimpactfactors.com/journal.php?id=1157
CELL REP,2211-1247,2211-1247,2024,6.900,6.700,https://journalsimpactfactors.com/journal.php?id=1158
CURR OPIN PSYCHOL,2352-250X,2352-2518,2024,6.900,6.800,https://journalsimpactfactors.com/journal.php?id=1159
BIODRUGS,1173-8804,1179-190X,2024,6.900,6.700,https://journalsimpactfactors.com/journal.php?id=1160
SCI TECHNOL ADV MAT,1468-6996,1878-5514,2024,6.900,6.700,https://journalsimpactfactors.com/journal.php?id=1163
INTEL MED,2667-1026,2667-1026,2024,6.900,6.600,https://journalsimpactfactors.com/journal.php?id=1164
CURR OPIN ELECTROCHE,2451-9103,2451-9103,2024,6.900,6.700,https://journalsimpactfactors.com/journal.php?id=1166
INTERNET HIGH EDUC,1096-7516,1873-5525,2024,6.800,6.500,https://journalsimpactfactors.com/journal.php?id=1167
RHINOLOGY,0300-0729,0300-0729,2024,6.800,5.400,https://journalsimpactfactors.com/journal.php?id=1168
AUTISM ADULTHOOD,2573-9581,2573-959X,2024,6.800,5.300,https://journalsimpactfactors.com/journal.php?id=1169
INT FORUM ALLERGY RH,2042-6976,2042-6984,2024,6.800,6.000,https://journalsimpactfactors.com/journal.php?id=1170
J CLIN PERIODONTOL,0303-6979,1600-051X,2024,6.800,6.100,https://journalsimpactfactors.com/journal.php?id=1171
REV ECON STAT,0034-6535,1530-9142,2024,6.800,6.700,https://journalsimpactfactors.com/journal.php?id=1172
J UROLOGY,0022-5347,1527-3792,2024,6.800,6.500,https://journalsimpactfactors.com/journal.php?id=1173
EUR J VASC ENDOVASC,1078-5884,1532-2165,2024,6.800,5.200,https://journalsimpactfactors.com/journal.php?id=1174
ALEX ENG J,1110-0168,2090-2670,2024,6.800,6.500,https://journalsimpactfactors.com/journal.php?id=1175
EUR J ANAESTH,0265-0215,1365-2346,2024,6.800,6.400,https://journalsimpactfactors.com/journal.php?id=1176
PHOTOACOUSTICS,2213-5979,2213-5979,2024,6.800,5.800,https://journalsimpactfactors.com/journal.php?id=1177
POSTHARVEST BIOL TEC,0925-5214,1873-2356,2024,6.800,5.400,https://journalsimpactfactors.com/journal.php?id=1178
INFORM SCIENCES,0020-0255,1872-6291,2024,6.800,5.800,https://journalsimpactfactors.com/journal.php?id=1179
J MED CHEM,0022-2623,1520-4804,2024,6.800,6.000,https://journalsimpactfactors.com/journal.php?id=1180
J ACCOUNT ECON,0165-4101,1879-1980,2024,6.800,6.500,https://journalsimpactfactors.com/journal.php?id=1181
IEEE J BIOMED HEALTH,2168-2194,2168-2208,2024,6.800,6.300,https://journalsimpactfactors.com/journal.php?id=1182
METAB ENG,1096-7176,1096-7184,2024,6.800,6.300,https://journalsimpactfactors.com/journal.php?id=1183
TRANSPORT RES A-POL,0965-8564,1879-2375,2024,6.800,6.100,https://journalsimpactfactors.com/journal.php?id=1184
ELECTRON MARK,1019-6781,1422-8890,2024,6.800,6.000,https://journalsimpactfactors.com/journal.php?id=1185
J GEOVIS SPAT ANAL,2509-8810,2509-8829,2024,6.800,5.600,https://journalsimpactfactors.com/journal.php?id=1186
CLIN TRANSL MED,2001-1326,2001-1326,2024,6.800,6.600,https://journalsimpactfactors.com/journal.php?id=1188
SOIL TILL RES,0167-1987,1879-3444,2024,6.800,6.300,https://journalsimpactfactors.com/journal.php?id=1189
CURR OPIN CHEM ENG,2211-3398,2211-3398,2024,6.800,6.600,https://journalsimpactfactors.com/journal.php?id=1190
INNOV FOOD SCI EMERG,1466-8564,1878-5522,2024,6.800,6.500,https://journalsimpactfactors.com/journal.php?id=1191
INT J FATIGUE,0142-1123,1879-3452,2024,6.800,5.800,https://journalsimpactfactors.com/journal.php?id=1192
ACM T QUANTUM COMPUT,2643-6809,2643-6817,2024,6.800,6.600,https://journalsimpactfactors.com/journal.php?id=1193
BRIT J CANCER,0007-0920,1532-1827,2024,6.800,6.700,https://journalsimpactfactors.com/journal.php?id=1194
CLEAN LOGIST SUPPL C,2772-3909,2772-3909,2024,6.800,6.400,https://journalsimpactfactors.com/journal.php?id=1195
DECIS SUPPORT SYST,0167-9236,1873-5797,2024,6.800,5.800,https://journalsimpactfactors.com/journal.php?id=1196
J ORGAN BEHAV,0894-3796,1099-1379,2024,6.800,6.500,https://journalsimpactfactors.com/journal.php?id=1197
INTERNET RES,1066-2243,1066-2243,2024,6.800,6.000,https://journalsimpactfactors.com/journal.php?id=1198
GEN PSYCHIAT,2096-5923,2517-729X,2024,6.800,6.200,https://journalsimpactfactors.com/journal.php?id=1199
J INTELLECT CAP,1469-1930,1758-7468,2024,6.800,5.400,https://journalsimpactfactors.com/journal.php?id=1200
J MANUF PROCESS,1526-6125,2212-4616,2024,6.800,6.000,https://journalsimpactfactors.com/journal.php?id=1201
J TRAFFIC TRANSP ENG,2095-7564,2095-7564,2024,6.800,6.200,https://journalsimpactfactors.com/journal.php?id=1204
J SCI-ADV MATER DEV,2468-2284,2468-2179,2024,6.800,6.600,https://journalsimpactfactors.com/journal.php?id=1205
NEW CARBON MATER,2097-1605,1872-5805,2024,6.800,6.200,https://journalsimpactfactors.com/journal.php?id=1206
ACTA MATH-DJURSHOLM,0001-5962,1871-2509,2024,6.700,6.700,https://journalsimpactfactors.com/journal.php?id=1207
J PERS SOC PSYCHOL,0022-3514,1939-1315,2024,6.700,6.300,https://journalsimpactfactors.com/journal.php?id=1208
AM ECON REV INSIGHTS,2640-205X,2640-2068,2024,6.700,6.700,https://journalsimpactfactors.com/journal.php?id=1209
J BUS ETHICS,0167-4544,1573-0697,2024,6.700,6.000,https://journalsimpactfactors.com/journal.php?id=1210
URBAN FOR URBAN GREE,1618-8667,1610-8167,2024,6.700,6.000,https://journalsimpactfactors.com/journal.php?id=1211
ANAL CHEM,0003-2700,1520-6882,2024,6.700,5.800,https://journalsimpactfactors.com/journal.php?id=1212
ALIMENT PHARM THER,0269-2813,1365-2036,2024,6.700,6.100,https://journalsimpactfactors.com/journal.php?id=1213
THYROID,1050-7256,1557-9077,2024,6.700,6.200,https://journalsimpactfactors.com/journal.php?id=1214
MAYO CLIN PROC,0025-6196,1942-5546,2024,6.700,6.600,https://journalsimpactfactors.com/journal.php?id=1215
IEEE T GREEN COMMUN,2473-2400,2473-2400,2024,6.700,6.400,https://journalsimpactfactors.com/journal.php?id=1216
CIRC-CARDIOVASC QUAL,1941-7705,1941-7713,2024,6.700,6.600,https://journalsimpactfactors.com/journal.php?id=1217
EUR NEUROPSYCHOPHARM,0924-977X,1873-7862,2024,6.700,5.900,https://journalsimpactfactors.com/journal.php?id=1218
EUR PSYCHIAT,0924-9338,1778-3585,2024,6.700,6.600,https://journalsimpactfactors.com/journal.php?id=1219
INT J HYDROMECHATRON,2515-0464,2515-0472,2024,6.700,6.300,https://journalsimpactfactors.com/journal.php?id=1220
ACS PHOTONICS,2330-4022,N/A,2024,6.700,6.400,https://journalsimpactfactors.com/journal.php?id=1221
AGRON SUSTAIN DEV,1774-0746,1773-0155,2024,6.700,6.600,https://journalsimpactfactors.com/journal.php?id=1222
MATER TODAY CHEM,2468-5194,2468-5194,2024,6.700,6.500,https://journalsimpactfactors.com/journal.php?id=1223
INT REV SPORT EXER P,1750-984X,1750-9858,2024,6.700,6.600,https://journalsimpactfactors.com/journal.php?id=1224
ALLERGOL INT,1323-8930,1440-1592,2024,6.700,6.500,https://journalsimpactfactors.com/journal.php?id=1225
UNITED EUR GASTROENT,2050-6406,2050-6414,2024,6.700,6.100,https://journalsimpactfactors.com/journal.php?id=1226
NEURAL REGEN RES,1673-5374,1876-7958,2024,6.700,6.000,https://journalsimpactfactors.com/journal.php?id=1227
J WATER PROCESS ENG,2214-7144,2214-7144,2024,6.700,6.000,https://journalsimpactfactors.com/journal.php?id=1228
FRONT NEUROENDOCRIN,0091-3022,1095-6808,2024,6.700,6.600,https://journalsimpactfactors.com/journal.php?id=1229
CURR PSYCHIAT REP,1523-3812,1535-1645,2024,6.700,6.600,https://journalsimpactfactors.com/journal.php?id=1230
COMPUT ASSIST LANG L,0958-8221,1744-3210,2024,6.600,6.000,https://journalsimpactfactors.com/journal.php?id=1232
CITIES,0264-2751,1873-6084,2024,6.600,5.800,https://journalsimpactfactors.com/journal.php?id=1233
J TOUR FUTURES,2055-5911,2055-592X,2024,6.600,6.000,https://journalsimpactfactors.com/journal.php?id=1234
REV ENV ECON POLICY,1750-6816,1750-6824,2024,6.600,6.500,https://journalsimpactfactors.com/journal.php?id=1235
EPILEPSIA,0013-9580,1528-1167,2024,6.600,5.900,https://journalsimpactfactors.com/journal.php?id=1236
JPN DENT SCI REV,1882-7616,2213-6851,2024,6.600,6.500,https://journalsimpactfactors.com/journal.php?id=1237
CURR OPIN ENV SCI HL,2468-5844,2468-5844,2024,6.600,6.400,https://journalsimpactfactors.com/journal.php?id=1239
EUR HEART J-CARD IMG,2047-2404,2047-2412,2024,6.600,6.200,https://journalsimpactfactors.com/journal.php?id=1240
PRECIS AGRIC,1385-2256,1573-1618,2024,6.600,6.300,https://journalsimpactfactors.com/journal.php?id=1241
ROCK MECH ROCK ENG,0723-2632,1434-453X,2024,6.600,5.700,https://journalsimpactfactors.com/journal.php?id=1242
EMERG INFECT DIS,1080-6040,1080-6059,2024,6.600,6.400,https://journalsimpactfactors.com/journal.php?id=1243
MOL METAB,2212-8778,2212-8778,2024,6.600,6.400,https://journalsimpactfactors.com/journal.php?id=1244
GEODERMA,0016-7061,1872-6259,2024,6.600,6.200,https://journalsimpactfactors.com/journal.php?id=1245
THIN WALL STRUCT,0263-8231,1879-3223,2024,6.600,5.300,https://journalsimpactfactors.com/journal.php?id=1246
CLIN PSYCHOL-SCI PR,0969-5893,1468-2850,2024,6.600,6.200,https://journalsimpactfactors.com/journal.php?id=1247
J ALLER CL IMM-PRACT,2213-2198,2213-2201,2024,6.600,5.800,https://journalsimpactfactors.com/journal.php?id=1248
LWT-FOOD SCI TECHNOL,0023-6438,1096-1127,2024,6.600,6.100,https://journalsimpactfactors.com/journal.php?id=1249
APPL SOFT COMPUT,1568-4946,1872-9681,2024,6.600,6.000,https://journalsimpactfactors.com/journal.php?id=1250
ECOSYST SERV,2212-0416,2212-0416,2024,6.600,6.000,https://journalsimpactfactors.com/journal.php?id=1251
ACM T COMPUT-HUM INT,1073-0516,1557-7325,2024,6.600,6.400,https://journalsimpactfactors.com/journal.php?id=1252
CASE STUD CONSTR MAT,2214-5095,2214-5095,2024,6.600,5.900,https://journalsimpactfactors.com/journal.php?id=1253
J MATER RES TECHNOL,2238-7854,2214-0697,2024,6.600,5.900,https://journalsimpactfactors.com/journal.php?id=1254
SCI SIGNAL,1945-0877,1937-9145,2024,6.600,6.600,https://journalsimpactfactors.com/journal.php?id=1255
MASS SPECTROM REV,0277-7037,1098-2787,2024,6.600,6.500,https://journalsimpactfactors.com/journal.php?id=1257
NANOPHOTONICS-BERLIN,2192-8606,2192-8614,2024,6.600,6.300,https://journalsimpactfactors.com/journal.php?id=1258
ACM T INTEL SYST TEC,2157-6904,2157-6912,2024,6.600,6.100,https://journalsimpactfactors.com/journal.php?id=1259
BIOCYBERN BIOMED ENG,0208-5216,0208-5216,2024,6.600,6.100,https://journalsimpactfactors.com/journal.php?id=1260
REV MED VIROL,1052-9276,1099-1654,2024,6.600,6.500,https://journalsimpactfactors.com/journal.php?id=1261
TRENDS PARASITOL,1471-4922,1471-5007,2024,6.600,6.300,https://journalsimpactfactors.com/journal.php?id=1262
CHEMSUSCHEM,1864-5631,1864-564X,2024,6.600,6.200,https://journalsimpactfactors.com/journal.php?id=1263
SOL ENERGY,0038-092X,1471-1257,2024,6.600,6.100,https://journalsimpactfactors.com/journal.php?id=1265
INT J SMART NANO MAT,1947-5411,1947-542X,2024,6.600,6.300,https://journalsimpactfactors.com/journal.php?id=1266
NANOSCALE HORIZ,2055-6756,2055-6764,2024,6.600,6.400,https://journalsimpactfactors.com/journal.php?id=1267
REV ENVIRON CONTAM T,0179-5953,2197-6554,2024,6.600,6.500,https://journalsimpactfactors.com/journal.php?id=1268
REV CHEM ENG,0167-8299,2191-0235,2024,6.600,6.600,https://journalsimpactfactors.com/journal.php?id=1269
SOCIOL METHOD RES,0049-1241,1552-8294,2024,6.500,6.300,https://journalsimpactfactors.com/journal.php?id=1270
J ANIM SCI BIOTECHNO,1674-9782,2049-1891,2024,6.500,6.200,https://journalsimpactfactors.com/journal.php?id=1271
AGR WATER MANAGE,0378-3774,1873-2283,2024,6.500,5.600,https://journalsimpactfactors.com/journal.php?id=1272
ISA T,0019-0578,1879-2022,2024,6.500,6.000,https://journalsimpactfactors.com/journal.php?id=1273
BMJ QUAL SAF,2044-5415,2044-5423,2024,6.500,6.100,https://journalsimpactfactors.com/journal.php?id=1274
ADMIN SCI QUART,0001-8392,1930-3815,2024,6.500,6.200,https://journalsimpactfactors.com/journal.php?id=1275
IEEE T POWER ELECTR,0885-8993,1941-0107,2024,6.500,5.200,https://journalsimpactfactors.com/journal.php?id=1276
IEEE T VIS COMPUT GR,1077-2626,1941-0506,2024,6.500,5.000,https://journalsimpactfactors.com/journal.php?id=1277
INT J RADIAT ONCOL,0360-3016,1879-355X,2024,6.500,6.000,https://journalsimpactfactors.com/journal.php?id=1278
ASTRODYNAMICS-CHINA,2522-008X,2522-0098,2024,6.500,6.200,https://journalsimpactfactors.com/journal.php?id=1282
VEH COMMUN,2214-2096,2214-2096,2024,6.500,6.000,https://journalsimpactfactors.com/journal.php?id=1283
COMPUT IND ENG,0360-8352,1879-0550,2024,6.500,5.800,https://journalsimpactfactors.com/journal.php?id=1284
INT J NANOMED,1178-2013,1178-2013,2024,6.500,6.100,https://journalsimpactfactors.com/journal.php?id=1285
J BIOL ENG,1754-1611,1754-1611,2024,6.500,6.500,https://journalsimpactfactors.com/journal.php?id=1286
IEEE T EM TOP COMP I,2471-285X,2471-285X,2024,6.500,5.200,https://journalsimpactfactors.com/journal.php?id=1287
NEUROCOMPUTING,0925-2312,1872-8286,2024,6.500,5.900,https://journalsimpactfactors.com/journal.php?id=1288
CARBOHYDR POLYM TECH,2666-8939,2666-8939,2024,6.500,6.300,https://journalsimpactfactors.com/journal.php?id=1289
J CATAL,0021-9517,1090-2694,2024,6.500,6.200,https://journalsimpactfactors.com/journal.php?id=1290
ACS MATER AU,2694-2461,2694-2461,2024,6.500,6.500,https://journalsimpactfactors.com/journal.php?id=1291
CLEAN ENG TECHNOL,2666-7908,2666-7908,2024,6.500,6.400,https://journalsimpactfactors.com/journal.php?id=1292
MOL CELLS,1016-8478,0219-1032,2024,6.500,5.700,https://journalsimpactfactors.com/journal.php?id=1293
NAT GAS IND B,2352-8540,2352-8559,2024,6.500,6.100,https://journalsimpactfactors.com/journal.php?id=1294
ANN SURG,0003-4932,1528-1140,2024,6.400,6.200,https://journalsimpactfactors.com/journal.php?id=1295
PEDIATRICS,0031-4005,1098-4275,2024,6.400,6.000,https://journalsimpactfactors.com/journal.php?id=1296
TELECOMMUN POLICY,0308-5961,1879-3258,2024,6.400,5.800,https://journalsimpactfactors.com/journal.php?id=1297
J EDUC PSYCHOL,0022-0663,1939-2176,2024,6.400,6.100,https://journalsimpactfactors.com/journal.php?id=1298
FIELD CROP RES,0378-4290,1872-6852,2024,6.400,5.700,https://journalsimpactfactors.com/journal.php?id=1299
REV ECON STUD,0034-6527,1467-937X,2024,6.400,6.300,https://journalsimpactfactors.com/journal.php?id=1300
INORG CHEM FRONT,2052-1553,2052-1553,2024,6.400,6.000,https://journalsimpactfactors.com/journal.php?id=1301
PULMONOLOGY,2531-0437,2531-0437,2024,6.400,5.800,https://journalsimpactfactors.com/journal.php?id=1303
PLANT PHENOMICS,2643-6515,2643-6515,2024,6.400,6.000,https://journalsimpactfactors.com/journal.php?id=1304
EUR RES MANAG BUS EC,2444-8834,2444-8842,2024,6.400,5.800,https://journalsimpactfactors.com/journal.php?id=1306
J ENTERP INF MANAG,1741-0398,1758-7409,2024,6.400,5.600,https://journalsimpactfactors.com/journal.php?id=1307
AGR ECOSYST ENVIRON,0167-8809,1873-2305,2024,6.400,5.800,https://journalsimpactfactors.com/journal.php?id=1308
PERS PSYCHOL,0031-5826,1744-6570,2024,6.400,6.200,https://journalsimpactfactors.com/journal.php?id=1309
INT J LOGIST MANAG,0957-4093,1758-6550,2024,6.400,5.600,https://journalsimpactfactors.com/journal.php?id=1310
ECON POLICY,0266-4658,1468-0327,2024,6.400,6.200,https://journalsimpactfactors.com/journal.php?id=1311
INFORM TECHNOL DEV,0268-1102,1554-0170,2024,6.400,4.700,https://journalsimpactfactors.com/journal.php?id=1312
INT COMMUN HEAT MASS,0735-1933,1879-0178,2024,6.400,5.600,https://journalsimpactfactors.com/journal.php?id=1313
J MANAGE STUD,0022-2380,1467-6486,2024,6.400,5.600,https://journalsimpactfactors.com/journal.php?id=1314
ENG STRUCT,0141-0296,1873-7323,2024,6.400,5.400,https://journalsimpactfactors.com/journal.php?id=1315
CASE STUD THERM ENG,2214-157X,2214-157X,2024,6.400,5.500,https://journalsimpactfactors.com/journal.php?id=1317
J CONSUM RES,0093-5301,1537-5277,2024,6.400,5.800,https://journalsimpactfactors.com/journal.php?id=1318
ONCOGENESIS,2157-9024,2157-9024,2024,6.400,6.400,https://journalsimpactfactors.com/journal.php?id=1319
J TRAVEL MED,1195-1982,1708-8305,2024,6.400,5.200,https://journalsimpactfactors.com/journal.php?id=1321
IEEE T AUTOM SCI ENG,1545-5955,1558-3783,2024,6.400,4.800,https://journalsimpactfactors.com/journal.php?id=1322
MOL MED,1076-1551,1528-3658,2024,6.400,6.300,https://journalsimpactfactors.com/journal.php?id=1323
RESOUR CONS RECY ADV,2667-3789,2667-3789,2024,6.400,6.300,https://journalsimpactfactors.com/journal.php?id=1324
INT J NEURAL SYST,0129-0657,1793-6462,2024,6.400,3.800,https://journalsimpactfactors.com/journal.php?id=1325
J CELL BIOL,0021-9525,1540-8140,2024,6.400,6.100,https://journalsimpactfactors.com/journal.php?id=1326
FRONT ENV SCI ENG,2095-2201,2095-221X,2024,6.400,5.600,https://journalsimpactfactors.com/journal.php?id=1327
QJM-INT J MED,1460-2725,1460-2393,2024,6.400,5.400,https://journalsimpactfactors.com/journal.php?id=1328
CURR DIABETES REP,1534-4827,1539-0829,2024,6.400,6.400,https://journalsimpactfactors.com/journal.php?id=1331
CRIT REV BIOCHEM MOL,1040-9238,1549-7798,2024,6.400,6.400,https://journalsimpactfactors.com/journal.php?id=1332
J NURS REGUL,2155-8256,2155-8264,2024,6.300,5.300,https://journalsimpactfactors.com/journal.php?id=1333
CLIN CHEM,0009-9147,1530-8561,2024,6.300,6.000,https://journalsimpactfactors.com/journal.php?id=1334
J PUBL ADM RES THEOR,1053-1858,1477-9803,2024,6.300,5.900,https://journalsimpactfactors.com/journal.php?id=1335
J PINEAL RES,0742-3098,1600-079X,2024,6.300,5.800,https://journalsimpactfactors.com/journal.php?id=1336
J POLIT ECON,0022-3808,1537-534X,2024,6.300,6.100,https://journalsimpactfactors.com/journal.php?id=1337
ULTRASOUND OBST GYN,0960-7692,1469-0705,2024,6.300,5.500,https://journalsimpactfactors.com/journal.php?id=1338
INFORM SYST J,1350-1917,1365-2575,2024,6.300,5.300,https://journalsimpactfactors.com/journal.php?id=1339
J TRANSP GEOGR,0966-6923,1873-1236,2024,6.300,5.700,https://journalsimpactfactors.com/journal.php?id=1340
KOREAN J ANESTHESIOL,2005-6419,2005-7563,2024,6.300,6.100,https://journalsimpactfactors.com/journal.php?id=1341
LONG RANGE PLANN,0024-6301,1873-1872,2024,6.300,5.900,https://journalsimpactfactors.com/journal.php?id=1342
DENT MATER,0109-5641,1879-0097,2024,6.300,5.700,https://journalsimpactfactors.com/journal.php?id=1343
COMPUT BIOL MED,0010-4825,1879-0534,2024,6.300,6.100,https://journalsimpactfactors.com/journal.php?id=1344
EMERGENCIAS,1137-6821,2386-5857,2024,6.300,4.300,https://journalsimpactfactors.com/journal.php?id=1345
IEEE NETWORK,0890-8044,1558-156X,2024,6.300,6.000,https://journalsimpactfactors.com/journal.php?id=1346
PLANT DIVERSITY,2096-2703,2468-2659,2024,6.300,5.700,https://journalsimpactfactors.com/journal.php?id=1347
DIABETES TECHNOL THE,1520-9156,1557-8593,2024,6.300,5.200,https://journalsimpactfactors.com/journal.php?id=1348
J ACCOUNT RES,0021-8456,1475-679X,2024,6.300,5.600,https://journalsimpactfactors.com/journal.php?id=1349
PLANT CELL ENVIRON,0140-7791,1365-3040,2024,6.300,5.700,https://journalsimpactfactors.com/journal.php?id=1350
ECOL ECON,0921-8009,1873-6106,2024,6.300,6.000,https://journalsimpactfactors.com/journal.php?id=1351
COMMUN MED-LONDON,2730-664X,2730-664X,2024,6.300,6.200,https://journalsimpactfactors.com/journal.php?id=1352
RESPIROLOGY,1323-7799,1440-1843,2024,6.300,5.800,https://journalsimpactfactors.com/journal.php?id=1353
J HYDROL,0022-1694,1879-2707,2024,6.300,5.300,https://journalsimpactfactors.com/journal.php?id=1354
NEURAL NETWORKS,0893-6080,1879-2782,2024,6.300,5.300,https://journalsimpactfactors.com/journal.php?id=1355
TRANSPORT RES B-METH,0191-2615,1879-2367,2024,6.300,5.700,https://journalsimpactfactors.com/journal.php?id=1356
ENVIRON HEALTH-WASH,2833-8278,2833-8278,2024,6.300,6.000,https://journalsimpactfactors.com/journal.php?id=1357
PROPULS POWER RES,2212-540X,2212-540X,2024,6.300,6.100,https://journalsimpactfactors.com/journal.php?id=1358
ONCOIMMUNOLOGY,2162-402X,2162-402X,2024,6.300,6.100,https://journalsimpactfactors.com/journal.php?id=1359
FUND RES-CHINA,2096-9457,2667-3258,2024,6.300,6.200,https://journalsimpactfactors.com/journal.php?id=1360
PHYTOTHER RES,0951-418X,1099-1573,2024,6.300,6.100,https://journalsimpactfactors.com/journal.php?id=1361
ELECTRON COMMER R A,1567-4223,1873-7846,2024,6.300,5.800,https://journalsimpactfactors.com/journal.php?id=1362
J ENVIRON SCI,1001-0742,1878-7320,2024,6.300,6.100,https://journalsimpactfactors.com/journal.php?id=1363
FOOD CONTROL,0956-7135,1873-7129,2024,6.300,5.900,https://journalsimpactfactors.com/journal.php?id=1364
STRUCT SAF,0167-4730,1879-3355,2024,6.300,5.700,https://journalsimpactfactors.com/journal.php?id=1365
EUR POLYM J,0014-3057,1873-1945,2024,6.300,5.900,https://journalsimpactfactors.com/journal.php?id=1366
CURR OPIN ENV SUST,1877-3435,1877-3443,2024,6.300,6.100,https://journalsimpactfactors.com/journal.php?id=1367
RADIOL-IMAG CANCER,2638-616X,2638-616X,2024,6.300,6.200,https://journalsimpactfactors.com/journal.php?id=1368
SOL ENERG MAT SOL C,0927-0248,1879-3398,2024,6.300,5.700,https://journalsimpactfactors.com/journal.php?id=1369
J ALLOY COMPD,0925-8388,1873-4669,2024,6.300,5.700,https://journalsimpactfactors.com/journal.php?id=1370
STRATEG ENTREP J,1932-4391,1932-443X,2024,6.300,5.900,https://journalsimpactfactors.com/journal.php?id=1371
SURF INTERFACES,2468-0230,2468-0230,2024,6.300,5.800,https://journalsimpactfactors.com/journal.php?id=1372
IEEE CONTR SYST MAG,1066-033X,1941-000X,2024,6.300,6.200,https://journalsimpactfactors.com/journal.php?id=1374
CHINESE J CANCER RES,1000-9604,1993-0631,2024,6.300,5.400,https://journalsimpactfactors.com/journal.php?id=1375
J TAIWAN INST CHEM E,1876-1070,1876-1089,2024,6.300,4.900,https://journalsimpactfactors.com/journal.php?id=1376
J PHYS-ENERGY,2515-7655,2515-7655,2024,6.300,6.100,https://journalsimpactfactors.com/journal.php?id=1377
EPILEPSY CURR,1535-7597,1535-7511,2024,6.300,5.900,https://journalsimpactfactors.com/journal.php?id=1378
ANNU REV CRIMINOL,2572-4568,2572-4568,2024,6.200,6.100,https://journalsimpactfactors.com/journal.php?id=1380
AM SOCIOL REV,0003-1224,1939-8271,2024,6.200,6.100,https://journalsimpactfactors.com/journal.php?id=1381
MONOGR SOC RES CHILD,0037-976X,1540-5834,2024,6.200,6.200,https://journalsimpactfactors.com/journal.php?id=1382
CLADISTICS,0748-3007,1096-0031,2024,6.200,5.800,https://journalsimpactfactors.com/journal.php?id=1383
RELC J,0033-6882,1745-526X,2024,6.200,6.100,https://journalsimpactfactors.com/journal.php?id=1384
COMMUN THEOR,1050-3293,1468-2885,2024,6.200,6.000,https://journalsimpactfactors.com/journal.php?id=1385
HORTIC PLANT J,2095-9885,2468-0141,2024,6.200,5.300,https://journalsimpactfactors.com/journal.php?id=1386
ACCIDENT ANAL PREV,0001-4575,1879-2057,2024,6.200,5.000,https://journalsimpactfactors.com/journal.php?id=1387
AM ECON J-APPL ECON,1945-7782,1945-7790,2024,6.200,6.100,https://journalsimpactfactors.com/journal.php?id=1388
GENET MED,1098-3600,1530-0366,2024,6.200,5.800,https://journalsimpactfactors.com/journal.php?id=1389
LANCET REG HLTH-SE A,2772-3682,2772-3682,2024,6.200,5.800,https://journalsimpactfactors.com/journal.php?id=1391
ENVIRON DNA,2637-4943,2637-4943,2024,6.200,4.800,https://journalsimpactfactors.com/journal.php?id=1392
EQUILIBRIUM,1689-765X,2353-3293,2024,6.200,5.500,https://journalsimpactfactors.com/journal.php?id=1393
TRANSL PSYCHIAT,2158-3188,2158-3188,2024,6.200,6.000,https://journalsimpactfactors.com/journal.php?id=1394
ACM T SOFTW ENG METH,1049-331X,1557-7392,2024,6.200,5.600,https://journalsimpactfactors.com/journal.php?id=1395
METHODS ECOL EVOL,2041-210X,2041-2096,2024,6.200,5.800,https://journalsimpactfactors.com/journal.php?id=1396
BRAIN PATHOL,1015-6305,1750-3639,2024,6.200,6.100,https://journalsimpactfactors.com/journal.php?id=1397
J BEHAV ADDICT,2062-5871,2063-5303,2024,6.200,5.400,https://journalsimpactfactors.com/journal.php?id=1398
IMA FUNGUS,2210-6340,2210-6359,2024,6.200,6.100,https://journalsimpactfactors.com/journal.php?id=1399
J MANAGE INFORM SYST,0742-1222,1557-928X,2024,6.200,5.300,https://journalsimpactfactors.com/journal.php?id=1400
HUM RESOUR MANAG J,0954-5395,1748-8583,2024,6.200,5.900,https://journalsimpactfactors.com/journal.php?id=1401
FLUIDS BARRIERS CNS,2045-8118,2045-8118,2024,6.200,5.600,https://journalsimpactfactors.com/journal.php?id=1402
IND CROP PROD,0926-6690,1872-633X,2024,6.200,5.500,https://journalsimpactfactors.com/journal.php?id=1403
GEOTEXT GEOMEMBRANES,0266-1144,1879-3584,2024,6.200,5.200,https://journalsimpactfactors.com/journal.php?id=1404
COMPUT GEOTECH,0266-352X,1873-7633,2024,6.200,5.100,https://journalsimpactfactors.com/journal.php?id=1405
J EUR CERAM SOC,0955-2219,1873-619X,2024,6.200,5.400,https://journalsimpactfactors.com/journal.php?id=1406
JMIR MHEALTH UHEALTH,2291-5222,2291-5222,2024,6.200,5.900,https://journalsimpactfactors.com/journal.php?id=1408
J AGR FOOD RES,2666-1543,2666-1543,2024,6.200,6.000,https://journalsimpactfactors.com/journal.php?id=1409
J AGR FOOD CHEM,0021-8561,1520-5118,2024,6.200,5.400,https://journalsimpactfactors.com/journal.php?id=1410
PNEUMONIA,2200-6133,2200-6133,2024,6.200,6.200,https://journalsimpactfactors.com/journal.php?id=1411
PHENOMICS,2730-583X,2730-5848,2024,6.200,6.000,https://journalsimpactfactors.com/journal.php?id=1412
COMBUST FLAME,0010-2180,1556-2921,2024,6.200,5.100,https://journalsimpactfactors.com/journal.php?id=1413
PSYCHIAT CLIN NEUROS,1323-1316,1440-1819,2024,6.200,5.800,https://journalsimpactfactors.com/journal.php?id=1415
ARTIF INTELL MED,0933-3657,1873-2860,2024,6.200,5.900,https://journalsimpactfactors.com/journal.php?id=1416
J ANAL APPL PYROL,0165-2370,1873-250X,2024,6.200,5.400,https://journalsimpactfactors.com/journal.php?id=1417
EMBO REP,1469-221X,1469-3178,2024,6.200,6.100,https://journalsimpactfactors.com/journal.php?id=1418
APPL FOOD RES,2772-5022,2772-5022,2024,6.200,6.100,https://journalsimpactfactors.com/journal.php?id=1419
FOOD SECUR,1876-4517,1876-4525,2024,6.200,6.000,https://journalsimpactfactors.com/journal.php?id=1421
CELL SURF,2468-2330,2468-2330,2024,6.200,6.100,https://journalsimpactfactors.com/journal.php?id=1422
COMMUN CHEM,2399-3669,2399-3669,2024,6.200,6.100,https://journalsimpactfactors.com/journal.php?id=1423
CELL MOL LIFE SCI,1420-682X,1420-9071,2024,6.200,6.200,https://journalsimpactfactors.com/journal.php?id=1425
FLATCHEM,2452-2627,2452-2627,2024,6.200,6.000,https://journalsimpactfactors.com/journal.php?id=1426
ADV MATER TECHNOL-US,2365-709X,2365-709X,2024,6.200,6.000,https://journalsimpactfactors.com/journal.php?id=1427
J ENERGY INST,1743-9671,1746-0220,2024,6.200,5.700,https://journalsimpactfactors.com/journal.php?id=1428
CHEMBIOENG REV,2196-9744,2196-9744,2024,6.200,6.100,https://journalsimpactfactors.com/journal.php?id=1430
FRONT ENERGY,2095-1701,2095-1698,2024,6.200,5.900,https://journalsimpactfactors.com/journal.php?id=1432
SIAM REV,0036-1445,1095-7200,2024,6.100,6.100,https://journalsimpactfactors.com/journal.php?id=1433
INT SECURITY,0162-2889,1531-4804,2024,6.100,5.800,https://journalsimpactfactors.com/journal.php?id=1434
POLICY SOC,1449-4035,1839-3373,2024,6.100,5.800,https://journalsimpactfactors.com/journal.php?id=1435
HUM REPROD,0268-1161,1460-2350,2024,6.100,5.600,https://journalsimpactfactors.com/journal.php?id=1436
PROG HUM GEOG,0309-1325,1477-0288,2024,6.100,5.700,https://journalsimpactfactors.com/journal.php?id=1437
FISH FISH,1467-2960,1467-2979,2024,6.100,5.900,https://journalsimpactfactors.com/journal.php?id=1438
J APPL PSYCHOL,0021-9010,1939-1854,2024,6.100,5.600,https://journalsimpactfactors.com/journal.php?id=1439
AGR SYST,0308-521X,1873-2267,2024,6.100,5.500,https://journalsimpactfactors.com/journal.php?id=1440
J FAM BUS STRATEG,1877-8585,1877-8593,2024,6.100,5.500,https://journalsimpactfactors.com/journal.php?id=1441
BEST PRACT RES CL EN,1521-690X,1532-1908,2024,6.100,6.100,https://journalsimpactfactors.com/journal.php?id=1442
J INT FINANC MARK I,1042-4431,1873-0612,2024,6.100,5.700,https://journalsimpactfactors.com/journal.php?id=1444
BMJ GLOB HEALTH,2059-7908,2059-7908,2024,6.100,5.800,https://journalsimpactfactors.com/journal.php?id=1445
FUTURE GENER COMP SY,0167-739X,1872-7115,2024,6.100,5.600,https://journalsimpactfactors.com/journal.php?id=1446
J KING SAUD UNIV-COM,1319-1578,2213-1248,2024,6.100,5.900,https://journalsimpactfactors.com/journal.php?id=1447
EUR HEART J-CARD PHA,2055-6837,2055-6845,2024,6.100,5.300,https://journalsimpactfactors.com/journal.php?id=1448
EPIDEMIOL PSYCH SCI,2045-7960,2045-7979,2024,6.100,5.900,https://journalsimpactfactors.com/journal.php?id=1449
AM J ROENTGENOL,0361-803X,1546-3141,2024,6.100,5.800,https://journalsimpactfactors.com/journal.php?id=1450
MOL THER NUCL ACIDS,2162-2531,2162-2531,2024,6.100,5.900,https://journalsimpactfactors.com/journal.php?id=1451
CLIN CHILD FAM PSYCH,1096-4037,1573-2827,2024,6.100,5.800,https://journalsimpactfactors.com/journal.php?id=1453
TALANTA,0039-9140,1873-3573,2024,6.100,5.600,https://journalsimpactfactors.com/journal.php?id=1454
INT BUS REV,0969-5931,1873-6149,2024,6.100,5.600,https://journalsimpactfactors.com/journal.php?id=1455
HEPATOL INT,1936-0533,1936-0541,2024,6.100,5.800,https://journalsimpactfactors.com/journal.php?id=1457
ECOTOX ENVIRON SAFE,0147-6513,1090-2414,2024,6.100,5.700,https://journalsimpactfactors.com/journal.php?id=1458
PETROL SCI,1672-5107,1995-8226,2024,6.100,5.600,https://journalsimpactfactors.com/journal.php?id=1459
J CARDIOVASC MAGN R,1097-6647,1532-429X,2024,6.100,5.600,https://journalsimpactfactors.com/journal.php?id=1460
J MOD POWER SYST CLE,2196-5625,2196-5420,2024,6.100,5.300,https://journalsimpactfactors.com/journal.php?id=1461
J CONSUM PSYCHOL,1057-7408,1532-7663,2024,6.100,5.800,https://journalsimpactfactors.com/journal.php?id=1463
SOFT ROBOT,2169-5172,2169-5180,2024,6.100,5.800,https://journalsimpactfactors.com/journal.php?id=1464
BIODATA MIN,1756-0381,1756-0381,2024,6.100,6.000,https://journalsimpactfactors.com/journal.php?id=1465
J URBAN MOBIL,2667-0917,2667-0917,2024,6.100,5.500,https://journalsimpactfactors.com/journal.php?id=1466
MEAT SCI,0309-1740,1873-4138,2024,6.100,5.400,https://journalsimpactfactors.com/journal.php?id=1467
RES SYNTH METHODS,1759-2879,1759-2887,2024,6.100,5.700,https://journalsimpactfactors.com/journal.php?id=1468
ANNU REV CANCER BIOL,2472-3428,2472-3428,2024,6.100,6.100,https://journalsimpactfactors.com/journal.php?id=1469
EUR J INTERN MED,0953-6205,1879-0828,2024,6.100,5.600,https://journalsimpactfactors.com/journal.php?id=1470
PROG NEUROBIOL,0301-0082,1873-5118,2024,6.100,6.100,https://journalsimpactfactors.com/journal.php?id=1471
SURF COAT TECH,0257-8972,1879-3347,2024,6.100,5.300,https://journalsimpactfactors.com/journal.php?id=1472
WEAR,0043-1648,1873-2577,2024,6.100,5.600,https://journalsimpactfactors.com/journal.php?id=1473
ENVIRON INNOV SOC TR,2210-4224,2210-4232,2024,6.100,4.700,https://journalsimpactfactors.com/journal.php?id=1474
RICE SCI,1672-6308,1876-4762,2024,6.100,5.500,https://journalsimpactfactors.com/journal.php?id=1475
IEEE INTELL SYST,1541-1672,1941-1294,2024,6.100,6.000,https://journalsimpactfactors.com/journal.php?id=1476
ANTIOXID REDOX SIGN,1523-0864,1557-7716,2024,6.100,6.000,https://journalsimpactfactors.com/journal.php?id=1479
BIOCHIP J,1976-0280,2092-7843,2024,6.100,4.400,https://journalsimpactfactors.com/journal.php?id=1480
CURR OPIN CHEM BIOL,1367-5931,1879-0402,2024,6.100,6.000,https://journalsimpactfactors.com/journal.php?id=1481
ADV SUSTAIN SYST,2366-7486,2366-7486,2024,6.100,5.900,https://journalsimpactfactors.com/journal.php?id=1482
NANOTECHNOL REV,2191-9089,2191-9097,2024,6.100,5.900,https://journalsimpactfactors.com/journal.php?id=1483
EDUC TECHNOL SOC,1176-3647,1436-4522,2024,6.000,5.700,https://journalsimpactfactors.com/journal.php?id=1484
J HUM RESOUR,0022-166X,1548-8004,2024,6.000,5.900,https://journalsimpactfactors.com/journal.php?id=1485
J HEART LUNG TRANSPL,1053-2498,1557-3117,2024,6.000,5.500,https://journalsimpactfactors.com/journal.php?id=1486
FOOD POLICY,0306-9192,1873-5657,2024,6.000,5.600,https://journalsimpactfactors.com/journal.php?id=1487
ANNU REV BIOMED DA S,2574-3414,2574-3414,2024,6.000,5.900,https://journalsimpactfactors.com/journal.php?id=1488
CRIT CARE MED,0090-3493,1530-0293,2024,6.000,5.700,https://journalsimpactfactors.com/journal.php?id=1489
MIS QUART,0276-7783,N/A,2024,6.000,5.700,https://journalsimpactfactors.com/journal.php?id=1490
GLOBAL ECOL BIOGEOGR,1466-822X,1466-8238,2024,6.000,5.900,https://journalsimpactfactors.com/journal.php?id=1491
IEEE T PARALL DISTR,1045-9219,1558-2183,2024,6.000,5.700,https://journalsimpactfactors.com/journal.php?id=1492
HUM DEV,0018-716X,1423-0054,2024,6.000,5.800,https://journalsimpactfactors.com/journal.php?id=1493
J CYST FIBROS,1569-1993,1873-5010,2024,6.000,4.900,https://journalsimpactfactors.com/journal.php?id=1494
J MED INTERNET RES,1438-8871,N/A,2024,6.000,5.600,https://journalsimpactfactors.com/journal.php?id=1495
J SMALL BUS MANAGE,0047-2778,1540-627X,2024,6.000,5.400,https://journalsimpactfactors.com/journal.php?id=1497
ACM T MULTIM COMPUT,1551-6857,1551-6865,2024,6.000,4.500,https://journalsimpactfactors.com/journal.php?id=1498
J AM SOC ECHOCARDIOG,0894-7317,N/A,2024,6.000,5.400,https://journalsimpactfactors.com/journal.php?id=1499
VALUE HEALTH,1098-3015,1524-4733,2024,6.000,5.500,https://journalsimpactfactors.com/journal.php?id=1500
ANAL CHIM ACTA,0003-2670,1873-4324,2024,6.000,5.700,https://journalsimpactfactors.com/journal.php?id=1501
DIABETES-METAB RES,1520-7552,1520-7560,2024,6.000,5.700,https://journalsimpactfactors.com/journal.php?id=1502
WORK STRESS,0267-8373,1464-5335,2024,6.000,5.800,https://journalsimpactfactors.com/journal.php?id=1503
EUR J OPER RES,0377-2217,1872-6860,2024,6.000,5.400,https://journalsimpactfactors.com/journal.php?id=1504
NONLINEAR DYNAM,0924-090X,1573-269X,2024,6.000,4.800,https://journalsimpactfactors.com/journal.php?id=1505
POLYM TEST,0142-9418,1873-2348,2024,6.000,5.800,https://journalsimpactfactors.com/journal.php?id=1506
J MANUF TECHNOL MANA,1741-038X,1758-7786,2024,6.000,5.200,https://journalsimpactfactors.com/journal.php?id=1507
ADV PHOTON NEXUS,2791-1519,2791-1519,2024,6.000,5.900,https://journalsimpactfactors.com/journal.php?id=1508
FINANC MANAGE,0046-3892,1755-053X,2024,6.000,5.500,https://journalsimpactfactors.com/journal.php?id=1509
INT J ACCOUNT INF SY,1467-0895,1873-4723,2024,6.000,5.600,https://journalsimpactfactors.com/journal.php?id=1510
INT J BIOPRINTING,2424-7723,2424-8002,2024,6.000,5.500,https://journalsimpactfactors.com/journal.php?id=1511
J MECH PHYS SOLIDS,0022-5096,1873-4782,2024,6.000,5.200,https://journalsimpactfactors.com/journal.php?id=1513
ENVIRON SCI EUR,2190-4707,2190-4715,2024,6.000,5.700,https://journalsimpactfactors.com/journal.php?id=1515
APPL ENERG COMBUST S,2666-352X,2666-352X,2024,6.000,5.800,https://journalsimpactfactors.com/journal.php?id=1517
BUS SOC,0007-6503,1552-4205,2024,6.000,5.200,https://journalsimpactfactors.com/journal.php?id=1518
J IND ENG CHEM,1226-086X,1876-794X,2024,6.000,5.800,https://journalsimpactfactors.com/journal.php?id=1519
SEMIN CELL DEV BIOL,1084-9521,1096-3634,2024,6.000,6.000,https://journalsimpactfactors.com/journal.php?id=1521
ADV IND MANUF ENG,2666-9129,2666-9129,2024,6.000,5.900,https://journalsimpactfactors.com/journal.php?id=1523
FOOD REV INT,8755-9129,1525-6103,2024,6.000,5.900,https://journalsimpactfactors.com/journal.php?id=1524
RUSS CHEM REV+,0036-021X,1468-4837,2024,6.000,5.500,https://journalsimpactfactors.com/journal.php?id=1526
WIRES ENERGY ENVIRON,2041-8396,2041-840X,2024,6.000,6.000,https://journalsimpactfactors.com/journal.php?id=1527
CLASSICAL REV,0009-840X,1464-3561,2024,6.000,6.000,https://journalsimpactfactors.com/journal.php?id=1528
BIG DATA SOC,2053-9517,2053-9517,2024,5.900,5.300,https://journalsimpactfactors.com/journal.php?id=1529
J DENT RES,0022-0345,1544-0591,2024,5.900,5.600,https://journalsimpactfactors.com/journal.php?id=1530
J DEMOCR,1045-5736,1086-3214,2024,5.900,5.400,https://journalsimpactfactors.com/journal.php?id=1531
EUR J EPIDEMIOL,0393-2990,1573-7284,2024,5.900,5.800,https://journalsimpactfactors.com/journal.php?id=1532
TRANSL RES,1931-5244,1878-1810,2024,5.900,5.800,https://journalsimpactfactors.com/journal.php?id=1533
DEF TECHNOL,2096-3459,2214-9147,2024,5.900,5.200,https://journalsimpactfactors.com/journal.php?id=1534
ENVIRON POLIT,0964-4016,1743-8934,2024,5.900,5.400,https://journalsimpactfactors.com/journal.php?id=1535
AIN SHAMS ENG J,2090-4479,2090-4495,2024,5.900,5.600,https://journalsimpactfactors.com/journal.php?id=1536
INT J EPIDEMIOL,0300-5771,1464-3685,2024,5.900,5.800,https://journalsimpactfactors.com/journal.php?id=1537
INT J ADVERT,0265-0487,1759-3948,2024,5.900,4.800,https://journalsimpactfactors.com/journal.php?id=1538
J CORP FINANC,0929-1199,1872-6313,2024,5.900,5.800,https://journalsimpactfactors.com/journal.php?id=1539
CONSERV LETT,1755-263X,1755-263X,2024,5.900,5.800,https://journalsimpactfactors.com/journal.php?id=1540
J ENVIRON ECON MANAG,0095-0696,1096-0449,2024,5.900,5.600,https://journalsimpactfactors.com/journal.php?id=1541
B AM METEOROL SOC,0003-0007,1520-0477,2024,5.900,5.500,https://journalsimpactfactors.com/journal.php?id=1542
LAND USE POLICY,0264-8377,1873-5754,2024,5.900,5.500,https://journalsimpactfactors.com/journal.php?id=1543
SEMIN NUCL MED,0001-2998,1558-4623,2024,5.900,5.600,https://journalsimpactfactors.com/journal.php?id=1544
EUR J MED CHEM,0223-5234,1768-3254,2024,5.900,5.300,https://journalsimpactfactors.com/journal.php?id=1545
SPORTS MED-OPEN,2199-1170,2198-9761,2024,5.900,5.800,https://journalsimpactfactors.com/journal.php?id=1546
IEEE T INSTRUM MEAS,0018-9456,1557-9662,2024,5.900,4.800,https://journalsimpactfactors.com/journal.php?id=1547
J BONE MINER RES,0884-0431,1523-4681,2024,5.900,5.600,https://journalsimpactfactors.com/journal.php?id=1548
J COSMOL ASTROPART P,1475-7516,1475-7516,2024,5.900,4.300,https://journalsimpactfactors.com/journal.php?id=1549
SURV OPHTHALMOL,0039-6257,1879-3304,2024,5.900,5.800,https://journalsimpactfactors.com/journal.php?id=1550
EPMA J,1878-5077,1878-5085,2024,5.900,4.700,https://journalsimpactfactors.com/journal.php?id=1552
AUTOMATICA,0005-1098,1873-2836,2024,5.900,5.500,https://journalsimpactfactors.com/journal.php?id=1553
FOOD BIOSCI,2212-4292,2212-4306,2024,5.900,5.300,https://journalsimpactfactors.com/journal.php?id=1554
AM J PREVENT CARDIOL,2666-6677,2666-6677,2024,5.900,5.700,https://journalsimpactfactors.com/journal.php?id=1555
CSEE J POWER ENERGY,2096-0042,2096-0042,2024,5.900,5.200,https://journalsimpactfactors.com/journal.php?id=1556
CELL BIOL TOXICOL,0742-2091,1573-6822,2024,5.900,5.800,https://journalsimpactfactors.com/journal.php?id=1557
INT J HUM RESOUR MAN,0958-5192,1466-4399,2024,5.900,5.500,https://journalsimpactfactors.com/journal.php?id=1558
FOOD STRUCT-NETH,2213-3291,2213-3291,2024,5.900,5.800,https://journalsimpactfactors.com/journal.php?id=1559
FRONT IMMUNOL,1664-3224,1664-3224,2024,5.900,5.500,https://journalsimpactfactors.com/journal.php?id=1560
BUILD SIMUL-CHINA,1996-3599,1996-8744,2024,5.900,5.100,https://journalsimpactfactors.com/journal.php?id=1561
SUBST ABUSE REHABIL,1179-8467,1179-8467,2024,5.900,5.900,https://journalsimpactfactors.com/journal.php?id=1562
RENEW ENERG FOCUS,1755-0084,1878-0229,2024,5.900,5.600,https://journalsimpactfactors.com/journal.php?id=1564
J MOL CELL BIOL,1674-2788,1759-4685,2024,5.900,5.800,https://journalsimpactfactors.com/journal.php?id=1565
J NAT GAS SCI ENG,1875-5100,2212-3865,2024,5.900,5.900,https://journalsimpactfactors.com/journal.php?id=1566
AM POLIT SCI REV,0003-0554,1537-5943,2024,5.800,5.400,https://journalsimpactfactors.com/journal.php?id=1567
CURR DIR PSYCHOL SCI,0963-7214,1467-8721,2024,5.800,5.800,https://journalsimpactfactors.com/journal.php?id=1568
WORLD J EMERG SURG,1749-7922,1749-7922,2024,5.800,5.600,https://journalsimpactfactors.com/journal.php?id=1569
J ORTHOP SPORT PHYS,0190-6011,1938-1344,2024,5.800,5.500,https://journalsimpactfactors.com/journal.php?id=1570
PSYCHOL REV,0033-295X,1939-1471,2024,5.800,5.700,https://journalsimpactfactors.com/journal.php?id=1571
AEROSP SCI TECHNOL,1270-9638,1626-3219,2024,5.800,4.500,https://journalsimpactfactors.com/journal.php?id=1572
IEEE T SERV COMPUT,1939-1374,1939-1374,2024,5.800,5.200,https://journalsimpactfactors.com/journal.php?id=1573
COMPUT HUM BEHAV REP,2451-9588,2451-9588,2024,5.800,5.600,https://journalsimpactfactors.com/journal.php?id=1574
J CARDIOVASC COMPUT,1934-5925,1934-5925,2024,5.800,5.400,https://journalsimpactfactors.com/journal.php?id=1575
COMMUN PHYS-UK,2399-3650,2399-3650,2024,5.800,5.700,https://journalsimpactfactors.com/journal.php?id=1576
HYDROL EARTH SYST SC,1027-5606,1607-7938,2024,5.800,5.400,https://journalsimpactfactors.com/journal.php?id=1577
PROSTATE CANCER P D,1365-7852,1476-5608,2024,5.800,5.000,https://journalsimpactfactors.com/journal.php?id=1578
ALTEX-ALTERN ANIM EX,1868-596X,1868-8551,2024,5.800,4.800,https://journalsimpactfactors.com/journal.php?id=1579
REV ACCOUNT STUD,1380-6653,1573-7136,2024,5.800,5.700,https://journalsimpactfactors.com/journal.php?id=1580
IEEE T ANTENN PROPAG,0018-926X,1558-2221,2024,5.800,4.600,https://journalsimpactfactors.com/journal.php?id=1581
ASTRON ASTROPHYS,0004-6361,1432-0746,2024,5.800,3.500,https://journalsimpactfactors.com/journal.php?id=1582
J BIONIC ENG,1672-6529,2543-2141,2024,5.800,5.400,https://journalsimpactfactors.com/journal.php?id=1583
IEEE T SIGNAL PROCES,1053-587X,1941-0476,2024,5.800,5.200,https://journalsimpactfactors.com/journal.php?id=1584
SCI CHINA EARTH SCI,1674-7313,1869-1897,2024,5.800,5.400,https://journalsimpactfactors.com/journal.php?id=1585
APPL CLAY SCI,0169-1317,1872-9053,2024,5.800,5.200,https://journalsimpactfactors.com/journal.php?id=1586
BUS PROCESS MANAG J,1463-7154,1758-4116,2024,5.800,4.700,https://journalsimpactfactors.com/journal.php?id=1587
INT J HEAT MASS TRAN,0017-9310,1879-2189,2024,5.800,5.000,https://journalsimpactfactors.com/journal.php?id=1588
INT J MOL MED,1107-3756,1791-244X,2024,5.800,5.800,https://journalsimpactfactors.com/journal.php?id=1589
JMIR MENT HEALTH,2368-7959,2368-7959,2024,5.800,5.500,https://journalsimpactfactors.com/journal.php?id=1590
WIRES WATER,2049-1948,2049-1948,2024,5.800,5.600,https://journalsimpactfactors.com/journal.php?id=1591
CURR RES MICROB SCI,2666-5174,2666-5174,2024,5.800,5.700,https://journalsimpactfactors.com/journal.php?id=1592
ASIA PAC J MANAG,0217-4561,1572-9958,2024,5.800,5.300,https://journalsimpactfactors.com/journal.php?id=1593
FOOD BIOPROCESS TECH,1935-5130,1935-5149,2024,5.800,4.900,https://journalsimpactfactors.com/journal.php?id=1594
BIOMASS BIOENERG,0961-9534,1873-2909,2024,5.800,5.500,https://journalsimpactfactors.com/journal.php?id=1595
NEUROSCI BULL,1673-7067,1995-8218,2024,5.800,5.300,https://journalsimpactfactors.com/journal.php?id=1597
CARDIOVASC INTERV TH,1868-4300,1868-4297,2024,5.800,5.300,https://journalsimpactfactors.com/journal.php?id=1598
J FOOD ENG,0260-8774,1873-5770,2024,5.800,5.400,https://journalsimpactfactors.com/journal.php?id=1599
J SAUDI CHEM SOC,1319-6103,2212-4640,2024,5.800,5.600,https://journalsimpactfactors.com/journal.php?id=1600
CARBON BAL MANAGE,1750-0680,1750-0680,2024,5.800,5.700,https://journalsimpactfactors.com/journal.php?id=1601
NEPAL J EPIDEMIOL,2091-0800,2091-0800,2024,5.800,5.800,https://journalsimpactfactors.com/journal.php?id=1602
CARBON LETT,1976-4251,2233-4998,2024,5.800,5.100,https://journalsimpactfactors.com/journal.php?id=1603
CURR OPIN IMMUNOL,0952-7915,1879-0372,2024,5.800,5.700,https://journalsimpactfactors.com/journal.php?id=1604
RECALL,0958-3440,1474-0109,2024,5.700,5.500,https://journalsimpactfactors.com/journal.php?id=1607
OPHTHALMOL RETINA,2468-6530,N/A,2024,5.700,5.300,https://journalsimpactfactors.com/journal.php?id=1608
INT J COMP-SUPP COLL,1556-1607,1556-1615,2024,5.700,5.000,https://journalsimpactfactors.com/journal.php?id=1609
AM ECON J-MACROECON,1945-7707,1945-7715,2024,5.700,5.700,https://journalsimpactfactors.com/journal.php?id=1610
J COMPUT-MEDIAT COMM,1083-6101,1083-6101,2024,5.700,5.500,https://journalsimpactfactors.com/journal.php?id=1611
J INVEST DERMATOL,0022-202X,1523-1747,2024,5.700,5.400,https://journalsimpactfactors.com/journal.php?id=1612
CRIT PERSPECT ACCOUN,1045-2354,1095-9955,2024,5.700,4.300,https://journalsimpactfactors.com/journal.php?id=1613
CHINESE J AERONAUT,1000-9361,2588-9230,2024,5.700,5.100,https://journalsimpactfactors.com/journal.php?id=1614
IEEE T BIG DATA,2332-7790,2332-7790,2024,5.700,5.500,https://journalsimpactfactors.com/journal.php?id=1615
AGR FOREST METEOROL,0168-1923,1873-2240,2024,5.700,5.300,https://journalsimpactfactors.com/journal.php?id=1616
INT J ENG SCI,0020-7225,1879-2197,2024,5.700,4.100,https://journalsimpactfactors.com/journal.php?id=1617
SYST BIOL,1063-5157,1076-836X,2024,5.700,5.100,https://journalsimpactfactors.com/journal.php?id=1618
PLANT PHYSIOL BIOCH,0981-9428,1873-2690,2024,5.700,5.200,https://journalsimpactfactors.com/journal.php?id=1619
PLANT J,0960-7412,1365-313X,2024,5.700,5.500,https://journalsimpactfactors.com/journal.php?id=1620
ACAD MANAGE PERSPECT,1558-9080,N/A,2024,5.700,5.000,https://journalsimpactfactors.com/journal.php?id=1621
ACTA NEUROPATHOL COM,2051-5960,2051-5960,2024,5.700,5.500,https://journalsimpactfactors.com/journal.php?id=1622
J RURAL STUD,0743-0167,1873-1392,2024,5.700,5.100,https://journalsimpactfactors.com/journal.php?id=1623
B WORLD HEALTH ORGAN,0042-9686,1564-0604,2024,5.700,5.600,https://journalsimpactfactors.com/journal.php?id=1624
KIDNEY INT REP,2468-0249,2468-0249,2024,5.700,5.400,https://journalsimpactfactors.com/journal.php?id=1625
COMPUT EDUC OPEN,2666-5573,2666-5573,2024,5.700,5.600,https://journalsimpactfactors.com/journal.php?id=1626
HEART RHYTHM,1547-5271,1556-3871,2024,5.700,5.000,https://journalsimpactfactors.com/journal.php?id=1627
IEEE T AERO ELEC SYS,0018-9251,1557-9603,2024,5.700,5.000,https://journalsimpactfactors.com/journal.php?id=1628
STRUCT HEALTH MONIT,1475-9217,1741-3168,2024,5.700,4.900,https://journalsimpactfactors.com/journal.php?id=1629
SMART AGR TECHNOL,2772-3755,2772-3755,2024,5.700,5.200,https://journalsimpactfactors.com/journal.php?id=1630
J MED SYST,0148-5598,1573-689X,2024,5.700,5.600,https://journalsimpactfactors.com/journal.php?id=1632
IEEE T RELIAB,0018-9529,1558-1721,2024,5.700,5.000,https://journalsimpactfactors.com/journal.php?id=1633
J CHEMINFORMATICS,1758-2946,1758-2946,2024,5.700,5.300,https://journalsimpactfactors.com/journal.php?id=1634
CATENA,0341-8162,1872-6887,2024,5.700,5.200,https://journalsimpactfactors.com/journal.php?id=1635
CHIN MED-UK,1749-8546,1749-8546,2024,5.700,5.500,https://journalsimpactfactors.com/journal.php?id=1636
ACTA GEOTECH,1861-1125,1861-1133,2024,5.700,5.100,https://journalsimpactfactors.com/journal.php?id=1637
DIABETES OBES METAB,1462-8902,1463-1326,2024,5.700,5.200,https://journalsimpactfactors.com/journal.php?id=1638
HIGH POWER LASER SCI,2095-4719,2052-3289,2024,5.700,5.200,https://journalsimpactfactors.com/journal.php?id=1639
ADV ENG SOFTW,0965-9978,1873-5339,2024,5.700,5.400,https://journalsimpactfactors.com/journal.php?id=1640
APPL WATER SCI,2190-5487,2190-5495,2024,5.700,5.500,https://journalsimpactfactors.com/journal.php?id=1641
ATHEROSCLEROSIS,0021-9150,1879-1484,2024,5.700,5.500,https://journalsimpactfactors.com/journal.php?id=1642
ENG FAIL ANAL,1350-6307,1873-1961,2024,5.700,4.600,https://journalsimpactfactors.com/journal.php?id=1643
TRAVEL BEHAV SOC,2214-367X,2214-3688,2024,5.700,5.100,https://journalsimpactfactors.com/journal.php?id=1644
PROG PLANN,0305-9006,1873-4510,2024,5.700,5.600,https://journalsimpactfactors.com/journal.php?id=1645
INT J IMPACT ENG,0734-743X,1879-3509,2024,5.700,5.100,https://journalsimpactfactors.com/journal.php?id=1646
J EXP BOT,0022-0957,1460-2431,2024,5.700,5.500,https://journalsimpactfactors.com/journal.php?id=1647
INT J TOUR RES,1099-2340,1522-1970,2024,5.700,3.400,https://journalsimpactfactors.com/journal.php?id=1648
J CLIN IMMUNOL,0271-9142,1573-2592,2024,5.700,5.100,https://journalsimpactfactors.com/journal.php?id=1649
R&amp;D MANAGE,0033-6807,1467-9310,2024,5.700,5.100,https://journalsimpactfactors.com/journal.php?id=1650
SUSTAIN COMPUT-INFOR,2210-5379,2210-5387,2024,5.700,5.500,https://journalsimpactfactors.com/journal.php?id=1651
EUR J INNOV MANAG,1460-1060,1758-7115,2024,5.700,5.100,https://journalsimpactfactors.com/journal.php?id=1652
J PROD BRAND MANAG,1061-0421,2054-1643,2024,5.700,4.400,https://journalsimpactfactors.com/journal.php?id=1653
INT J COAL GEOL,0166-5162,1872-7840,2024,5.700,5.100,https://journalsimpactfactors.com/journal.php?id=1654
BLOOD REV,0268-960X,1532-1681,2024,5.700,5.700,https://journalsimpactfactors.com/journal.php?id=1655
CHEM BIOMED IMAGING,2832-3637,2832-3637,2024,5.700,5.400,https://journalsimpactfactors.com/journal.php?id=1657
CARD FAIL REV,2057-7540,2057-7559,2024,5.700,5.500,https://journalsimpactfactors.com/journal.php?id=1658
BRIT J MANAGE,1045-3172,1467-8551,2024,5.700,5.300,https://journalsimpactfactors.com/journal.php?id=1659
MATER RES BULL,0025-5408,1873-4227,2024,5.700,5.500,https://journalsimpactfactors.com/journal.php?id=1660
IEEE ANTENN PROPAG M,1045-9243,1558-4143,2024,5.700,5.400,https://journalsimpactfactors.com/journal.php?id=1661
J MATER CHEM B,2050-750X,2050-7518,2024,5.700,5.500,https://journalsimpactfactors.com/journal.php?id=1662
BIOMATER SCI-UK,2047-4830,2047-4849,2024,5.700,5.600,https://journalsimpactfactors.com/journal.php?id=1663
FOUND TRENDS SIGNAL,1932-8346,1932-8354,2024,5.700,5.700,https://journalsimpactfactors.com/journal.php?id=1665
ADV ENERG SUST RES,2699-9412,2699-9412,2024,5.700,5.700,https://journalsimpactfactors.com/journal.php?id=1667
ESSAYS BIOCHEM,0071-1365,1744-1358,2024,5.700,5.700,https://journalsimpactfactors.com/journal.php?id=1668
CHEMTEXTS,2199-3793,2199-3793,2024,5.700,5.600,https://journalsimpactfactors.com/journal.php?id=1669
SYSTEM,0346-251X,1879-3282,2024,5.600,4.700,https://journalsimpactfactors.com/journal.php?id=1670
OCUL SURF,1542-0124,1937-5913,2024,5.600,5.200,https://journalsimpactfactors.com/journal.php?id=1671
JAMA OTOLARYNGOL,2168-6181,2168-619X,2024,5.600,5.200,https://journalsimpactfactors.com/journal.php?id=1672
AM J POLIT SCI,0092-5853,1540-5907,2024,5.600,5.400,https://journalsimpactfactors.com/journal.php?id=1673
SOC ISS POLICY REV,1751-2395,1751-2409,2024,5.600,5.600,https://journalsimpactfactors.com/journal.php?id=1674
INTERACT TECHNOL SMA,1741-5659,1758-8510,2024,5.600,5.400,https://journalsimpactfactors.com/journal.php?id=1675
CHAOS SOLITON FRACT,0960-0779,1873-2887,2024,5.600,4.800,https://journalsimpactfactors.com/journal.php?id=1677
NEPHROL DIAL TRANSPL,0931-0509,1460-2385,2024,5.600,5.400,https://journalsimpactfactors.com/journal.php?id=1678
IEEE T SOFTWARE ENG,0098-5589,1939-3520,2024,5.600,5.200,https://journalsimpactfactors.com/journal.php?id=1679
CROP J,2095-5421,2214-5141,2024,5.600,5.500,https://journalsimpactfactors.com/journal.php?id=1680
INT REV ECON FINANC,1059-0560,1873-8036,2024,5.600,5.100,https://journalsimpactfactors.com/journal.php?id=1681
ACTA PHYSIOL,1748-1708,1748-1716,2024,5.600,4.400,https://journalsimpactfactors.com/journal.php?id=1682
DEV REV,0273-2297,1090-2406,2024,5.600,5.400,https://journalsimpactfactors.com/journal.php?id=1683
AUTISM,1362-3613,1461-7005,2024,5.600,4.900,https://journalsimpactfactors.com/journal.php?id=1684
J GINSENG RES,1226-8453,2093-4947,2024,5.600,5.000,https://journalsimpactfactors.com/journal.php?id=1685
MEASUREMENT,0263-2241,1873-412X,2024,5.600,4.800,https://journalsimpactfactors.com/journal.php?id=1686
INFORM TECHNOL PEOPL,0959-3845,1758-5813,2024,5.600,5.100,https://journalsimpactfactors.com/journal.php?id=1687
ADV WOUND CARE,2162-1918,2162-1934,2024,5.600,5.400,https://journalsimpactfactors.com/journal.php?id=1688
ASIA PAC MANAG REV,1029-3132,1029-3132,2024,5.600,5.000,https://journalsimpactfactors.com/journal.php?id=1689
CLIN EXP OPHTHALMOL,1442-6404,1442-9071,2024,5.600,5.100,https://journalsimpactfactors.com/journal.php?id=1690
BLOCKCHAIN-RES APPL,2096-7209,2096-7209,2024,5.600,5.400,https://journalsimpactfactors.com/journal.php?id=1691
AUTISM RES,1939-3792,1939-3806,2024,5.600,5.200,https://journalsimpactfactors.com/journal.php?id=1692
J ECOL,0022-0477,1365-2745,2024,5.600,5.400,https://journalsimpactfactors.com/journal.php?id=1693
NEUROBIOL DIS,0969-9961,1095-953X,2024,5.600,5.400,https://journalsimpactfactors.com/journal.php?id=1694
PEDIATR DIABETES,1399-543X,1399-5448,2024,5.600,5.500,https://journalsimpactfactors.com/journal.php?id=1695
THEOR APPL FRACT MEC,0167-8442,1872-7638,2024,5.600,4.500,https://journalsimpactfactors.com/journal.php?id=1696
BIOCHEM PHARMACOL,0006-2952,1873-2968,2024,5.600,5.400,https://journalsimpactfactors.com/journal.php?id=1697
BREAST CANCER RES,1465-5411,1465-542X,2024,5.600,5.500,https://journalsimpactfactors.com/journal.php?id=1698
BIOL FERT SOILS,0178-2762,1432-0789,2024,5.600,4.600,https://journalsimpactfactors.com/journal.php?id=1699
CERAM INT,0272-8842,1873-3956,2024,5.600,4.700,https://journalsimpactfactors.com/journal.php?id=1700
IMMUN AGEING,1742-4933,1742-4933,2024,5.600,5.400,https://journalsimpactfactors.com/journal.php?id=1701
ENVIRON RES LETT,1748-9326,1748-9326,2024,5.600,5.300,https://journalsimpactfactors.com/journal.php?id=1703
IEEE J SOLID-ST CIRC,0018-9200,1558-173X,2024,5.600,4.400,https://journalsimpactfactors.com/journal.php?id=1704
EPJ QUANTUM TECHNOL,2662-4400,2196-0763,2024,5.600,5.400,https://journalsimpactfactors.com/journal.php?id=1705
COLLOID SURFACE B,0927-7765,1873-4367,2024,5.600,5.400,https://journalsimpactfactors.com/journal.php?id=1706
ENVIRON SUSTAIN IND,2665-9727,2665-9727,2024,5.600,5.300,https://journalsimpactfactors.com/journal.php?id=1707
FAM BUS REV,0894-4865,1741-6248,2024,5.600,4.900,https://journalsimpactfactors.com/journal.php?id=1708
SUSTAIN ENERGY GRIDS,2352-4677,2352-4677,2024,5.600,5.100,https://journalsimpactfactors.com/journal.php?id=1710
SCRIPTA MATER,1359-6462,1872-8456,2024,5.600,5.300,https://journalsimpactfactors.com/journal.php?id=1712
INT J SEMANT WEB INF,1552-6283,1552-6291,2024,5.600,4.000,https://journalsimpactfactors.com/journal.php?id=1713
ELECTROCHIM ACTA,0013-4686,1873-3859,2024,5.600,5.300,https://journalsimpactfactors.com/journal.php?id=1714
GROUNDWATER SUST DEV,2352-801X,2352-801X,2024,5.600,4.800,https://journalsimpactfactors.com/journal.php?id=1715
INT J PR ENG MAN-GT,2288-6206,2198-0810,2024,5.600,4.700,https://journalsimpactfactors.com/journal.php?id=1716
ANIM HEALTH RES REV,1466-2523,1475-2654,2024,5.600,5.600,https://journalsimpactfactors.com/journal.php?id=1718
CELL PROLIFERAT,0960-7722,1365-2184,2024,5.600,5.400,https://journalsimpactfactors.com/journal.php?id=1719
CRIT REV ONCOL HEMAT,1040-8428,1879-0461,2024,5.600,5.500,https://journalsimpactfactors.com/journal.php?id=1720
SEP PURIF REV,1542-2119,1542-2127,2024,5.600,5.500,https://journalsimpactfactors.com/journal.php?id=1722
EUR J PSYCHOL APPL L,1889-1861,1989-4007,2024,5.500,5.100,https://journalsimpactfactors.com/journal.php?id=1724
ASSESS WRIT,1075-2935,1873-5916,2024,5.500,5.000,https://journalsimpactfactors.com/journal.php?id=1725
J COMMUN,0021-9916,1460-2466,2024,5.500,5.200,https://journalsimpactfactors.com/journal.php?id=1726
J SCI EDUC TECHNOL,1059-0145,1573-1839,2024,5.500,5.300,https://journalsimpactfactors.com/journal.php?id=1727
MODERN PATHOL,0893-3952,1530-0285,2024,5.500,5.200,https://journalsimpactfactors.com/journal.php?id=1728
J DENT,0300-5712,1879-176X,2024,5.500,4.400,https://journalsimpactfactors.com/journal.php?id=1729
PSYCHOL MED,0033-2917,1469-8978,2024,5.500,5.300,https://journalsimpactfactors.com/journal.php?id=1730
PAIN,0304-3959,1872-6623,2024,5.500,5.100,https://journalsimpactfactors.com/journal.php?id=1731
STRUCT CHANGE ECON D,0954-349X,1873-6017,2024,5.500,5.100,https://journalsimpactfactors.com/journal.php?id=1732
CHINA ECON REV,1043-951X,1873-7781,2024,5.500,5.200,https://journalsimpactfactors.com/journal.php?id=1733
EUR J AGRON,1161-0301,1873-7331,2024,5.500,5.100,https://journalsimpactfactors.com/journal.php?id=1734
GLOB FINANC J,1044-0283,1873-5665,2024,5.500,5.100,https://journalsimpactfactors.com/journal.php?id=1735
J ASSOC INF SYST,1536-9323,1558-3457,2024,5.500,5.300,https://journalsimpactfactors.com/journal.php?id=1736
RADIOGRAPHICS,0271-5333,N/A,2024,5.500,5.200,https://journalsimpactfactors.com/journal.php?id=1737
AM J CHINESE MED,0192-415X,1793-6853,2024,5.500,5.000,https://journalsimpactfactors.com/journal.php?id=1738
MOL AUTISM,2040-2392,2040-2392,2024,5.500,5.400,https://journalsimpactfactors.com/journal.php?id=1739
INFECT DIS POVERTY,2095-5162,2049-9957,2024,5.500,5.200,https://journalsimpactfactors.com/journal.php?id=1742
MOL ECOL RESOUR,1755-098X,1755-0998,2024,5.500,5.200,https://journalsimpactfactors.com/journal.php?id=1744
CLIN PHARMACOL THER,0009-9236,1532-6535,2024,5.500,5.000,https://journalsimpactfactors.com/journal.php?id=1745
GENOME RES,1088-9051,1549-5469,2024,5.500,5.400,https://journalsimpactfactors.com/journal.php?id=1746
CIRC-GENOM PRECIS ME,2574-8300,2574-8300,2024,5.500,5.300,https://journalsimpactfactors.com/journal.php?id=1747
J HIGH ENERGY PHYS,1029-8479,1029-8479,2024,5.500,3.000,https://journalsimpactfactors.com/journal.php?id=1748
J PSYCHOPHARMACOL,0269-8811,1461-7285,2024,5.500,5.200,https://journalsimpactfactors.com/journal.php?id=1749
OCEAN ENG,0029-8018,1873-5258,2024,5.500,4.000,https://journalsimpactfactors.com/journal.php?id=1750
DRUG DELIV TRANSL RE,2190-393X,2190-3948,2024,5.500,5.300,https://journalsimpactfactors.com/journal.php?id=1751
J GASTROENTEROL,0944-1174,1435-5922,2024,5.500,5.200,https://journalsimpactfactors.com/journal.php?id=1752
ANN INTENSIVE CARE,2110-5820,2110-5820,2024,5.500,5.100,https://journalsimpactfactors.com/journal.php?id=1753
IEEE WIREL COMMUN LE,2162-2337,2162-2345,2024,5.500,5.200,https://journalsimpactfactors.com/journal.php?id=1755
CONSERV BIOL,0888-8892,1523-1739,2024,5.500,5.200,https://journalsimpactfactors.com/journal.php?id=1756
J CHEM THEORY COMPUT,1549-9618,1549-9626,2024,5.500,4.500,https://journalsimpactfactors.com/journal.php?id=1757
TRANSP GEOTECH,2214-3912,2214-3912,2024,5.500,4.800,https://journalsimpactfactors.com/journal.php?id=1758
GLOBAL BIOGEOCHEM CY,0886-6236,1944-9224,2024,5.500,5.100,https://journalsimpactfactors.com/journal.php?id=1759
MOL CANCER THER,1535-7163,1538-8514,2024,5.500,5.400,https://journalsimpactfactors.com/journal.php?id=1760
ADV ATMOS SCI,0256-1530,1861-9533,2024,5.500,5.200,https://journalsimpactfactors.com/journal.php?id=1761
MATER CHARACT,1044-5803,1873-4189,2024,5.500,5.100,https://journalsimpactfactors.com/journal.php?id=1762
INT J RETAIL DISTRIB,0959-0552,1758-6690,2024,5.500,4.500,https://journalsimpactfactors.com/journal.php?id=1764
CRIT REV CL LAB SCI,1040-8363,1549-781X,2024,5.500,5.400,https://journalsimpactfactors.com/journal.php?id=1766
ANNU REV VIS SCI,2374-4642,2374-4650,2024,5.500,5.400,https://journalsimpactfactors.com/journal.php?id=1767
GEO-SPAT INF SCI,1009-5020,1993-5153,2024,5.500,4.200,https://journalsimpactfactors.com/journal.php?id=1768
CORP GOV-OXFORD,0964-8410,1467-8683,2024,5.500,4.800,https://journalsimpactfactors.com/journal.php?id=1769
CHINESE J CHEM,1001-604X,1614-7065,2024,5.500,5.100,https://journalsimpactfactors.com/journal.php?id=1771
J GLOB FASH MARK,2093-2685,2325-4483,2024,5.500,4.800,https://journalsimpactfactors.com/journal.php?id=1772
ACS APPL ENERG MATER,2574-0962,N/A,2024,5.500,5.300,https://journalsimpactfactors.com/journal.php?id=1773
ACS BIOMATER SCI ENG,2373-9878,2373-9878,2024,5.500,5.300,https://journalsimpactfactors.com/journal.php?id=1775
NANOIMPACT,2452-0748,2452-0748,2024,5.500,5.400,https://journalsimpactfactors.com/journal.php?id=1776
GAS SCI ENG,2949-9097,2949-9089,2024,5.500,5.000,https://journalsimpactfactors.com/journal.php?id=1777
MATER RENEW SUSTAIN,2194-1459,2194-1467,2024,5.500,5.300,https://journalsimpactfactors.com/journal.php?id=1778
EXPERT REV MOL MED,1462-3994,1462-3994,2024,5.500,5.500,https://journalsimpactfactors.com/journal.php?id=1779
EDUC INF TECHNOL,1360-2357,1573-7608,2024,5.400,4.700,https://journalsimpactfactors.com/journal.php?id=1781
STUD SECOND LANG LE,2083-5205,2084-1965,2024,5.400,5.100,https://journalsimpactfactors.com/journal.php?id=1782
POLIT ANAL,1047-1987,1476-4989,2024,5.400,5.300,https://journalsimpactfactors.com/journal.php?id=1783
DIGIT JOURNAL,2167-0811,2167-082X,2024,5.400,4.700,https://journalsimpactfactors.com/journal.php?id=1784
PAK VET J,0253-8318,2074-7764,2024,5.400,4.900,https://journalsimpactfactors.com/journal.php?id=1785
APPL GEOGR,0143-6228,1873-7730,2024,5.400,4.900,https://journalsimpactfactors.com/journal.php?id=1786
REV FINANC STUD,0893-9454,1465-7368,2024,5.400,5.200,https://journalsimpactfactors.com/journal.php?id=1787
ARTHROSCOPY,0749-8063,1526-3231,2024,5.400,4.300,https://journalsimpactfactors.com/journal.php?id=1788
HUM RELAT,0018-7267,1741-282X,2024,5.400,5.100,https://journalsimpactfactors.com/journal.php?id=1789
BODY IMAGE,1740-1445,1873-6807,2024,5.400,4.000,https://journalsimpactfactors.com/journal.php?id=1790
SOCIO-ECON PLAN SCI,0038-0121,1873-6041,2024,5.400,4.800,https://journalsimpactfactors.com/journal.php?id=1791
ENG SCI TECHNOL,2215-0986,2215-0986,2024,5.400,5.200,https://journalsimpactfactors.com/journal.php?id=1792
ANN AM THORAC SOC,2329-6933,2325-6621,2024,5.400,5.200,https://journalsimpactfactors.com/journal.php?id=1793
ENG APPL COMP FLUID,1994-2060,1997-003X,2024,5.400,4.800,https://journalsimpactfactors.com/journal.php?id=1794
IEEE T EMERG TOP COM,2168-6750,2168-6750,2024,5.400,5.300,https://journalsimpactfactors.com/journal.php?id=1796
SCIPOST PHYS,2542-4653,2542-4653,2024,5.400,4.900,https://journalsimpactfactors.com/journal.php?id=1797
BIOINFORMATICS,1367-4803,1367-4811,2024,5.400,5.100,https://journalsimpactfactors.com/journal.php?id=1798
J ETHNOPHARMACOL,0378-8741,1872-7573,2024,5.400,4.800,https://journalsimpactfactors.com/journal.php?id=1799
OCEAN COAST MANAGE,0964-5691,1873-524X,2024,5.400,4.600,https://journalsimpactfactors.com/journal.php?id=1800
GEROSCIENCE,2509-2715,2509-2723,2024,5.400,4.900,https://journalsimpactfactors.com/journal.php?id=1801
INORG CHEM COMMUN,1387-7003,1879-0259,2024,5.400,5.000,https://journalsimpactfactors.com/journal.php?id=1802
J INF TECHNOL-UK,0268-3962,1466-4437,2024,5.400,5.100,https://journalsimpactfactors.com/journal.php?id=1803
J ENZYM INHIB MED CH,1475-6366,1475-6374,2024,5.400,5.300,https://journalsimpactfactors.com/journal.php?id=1804
TRAUMA VIOLENCE ABUS,1524-8380,1552-8324,2024,5.400,5.100,https://journalsimpactfactors.com/journal.php?id=1805
J CLIN MICROBIOL,0095-1137,1098-660X,2024,5.400,5.000,https://journalsimpactfactors.com/journal.php?id=1806
IEEE T NETW SERV MAN,1932-4537,1932-4537,2024,5.400,4.900,https://journalsimpactfactors.com/journal.php?id=1807
COMPUT SECUR,0167-4048,1872-6208,2024,5.400,4.800,https://journalsimpactfactors.com/journal.php?id=1808
BIOMACROMOLECULES,1525-7797,1526-4602,2024,5.400,5.000,https://journalsimpactfactors.com/journal.php?id=1809
QUANTUM-AUSTRIA,2521-327X,2521-327X,2024,5.400,4.800,https://journalsimpactfactors.com/journal.php?id=1810
CHEM-BIOL INTERACT,0009-2797,1872-7786,2024,5.400,5.300,https://journalsimpactfactors.com/journal.php?id=1812
ORGAN SCI,1047-7039,N/A,2024,5.400,5.000,https://journalsimpactfactors.com/journal.php?id=1813
EXP COMPUT MULTI FLO,2661-8869,2661-8877,2024,5.400,5.200,https://journalsimpactfactors.com/journal.php?id=1814
J ENVIRON INFORM,1726-2135,1684-8799,2024,5.400,5.300,https://journalsimpactfactors.com/journal.php?id=1815
ASTROPHYS J,0004-637X,1538-4357,2024,5.400,3.700,https://journalsimpactfactors.com/journal.php?id=1816
LAB CHIP,1473-0197,1473-0189,2024,5.400,4.900,https://journalsimpactfactors.com/journal.php?id=1817
FOOD FUNCT,2042-6496,2042-650X,2024,5.400,5.200,https://journalsimpactfactors.com/journal.php?id=1818
VIRULENCE,2150-5594,2150-5608,2024,5.400,5.300,https://journalsimpactfactors.com/journal.php?id=1819
BIOMIM INTELL ROBOT,2097-0242,2667-3797,2024,5.400,4.900,https://journalsimpactfactors.com/journal.php?id=1821
THERM SCI ENG PROG,2451-9049,2451-9049,2024,5.400,4.900,https://journalsimpactfactors.com/journal.php?id=1822
IEEE T ENERGY CONVER,0885-8969,1558-0059,2024,5.400,5.100,https://journalsimpactfactors.com/journal.php?id=1823
PROD PLAN CONTROL,0953-7287,1366-5871,2024,5.400,4.600,https://journalsimpactfactors.com/journal.php?id=1824
OSTEOPOROSIS INT,0937-941X,1433-2965,2024,5.400,5.100,https://journalsimpactfactors.com/journal.php?id=1825
WIRES COMPUT STAT,1939-0068,1939-0068,2024,5.400,5.300,https://journalsimpactfactors.com/journal.php?id=1826
RAILWAY ENG SCI,2662-4745,2662-4753,2024,5.400,4.900,https://journalsimpactfactors.com/journal.php?id=1827
CIRP J MANUF SCI TEC,1755-5817,1878-0016,2024,5.400,5.200,https://journalsimpactfactors.com/journal.php?id=1828
MARK INTELL PLAN,0263-4503,1758-8049,2024,5.400,4.500,https://journalsimpactfactors.com/journal.php?id=1829
ENDOSC ULTRASOUND,2303-9027,2226-7190,2024,5.400,4.800,https://journalsimpactfactors.com/journal.php?id=1830
EXPERT OPIN DRUG DEL,1742-5247,1744-7593,2024,5.400,5.300,https://journalsimpactfactors.com/journal.php?id=1831
WORLD J GASTROENTERO,1007-9327,2219-2840,2024,5.400,5.100,https://journalsimpactfactors.com/journal.php?id=1832
SAFETY SCI,0925-7535,1879-1042,2024,5.400,4.800,https://journalsimpactfactors.com/journal.php?id=1833
J IND ECOL,1088-1980,1530-9290,2024,5.400,4.800,https://journalsimpactfactors.com/journal.php?id=1834
INFLAMM RES,1023-3830,1420-908X,2024,5.400,5.400,https://journalsimpactfactors.com/journal.php?id=1836
COLLOID SURFACE A,0927-7757,1873-4359,2024,5.400,5.000,https://journalsimpactfactors.com/journal.php?id=1837
APPL SPECTROSC REV,0570-4928,1520-569X,2024,5.400,5.000,https://journalsimpactfactors.com/journal.php?id=1840
PROG ADDIT MANUF,2363-9512,2363-9520,2024,5.400,4.600,https://journalsimpactfactors.com/journal.php?id=1841
INT J LIFE CYCLE ASS,0948-3349,1614-7502,2024,5.400,4.900,https://journalsimpactfactors.com/journal.php?id=1842
ANN BIOMED ENG,0090-6964,1573-9686,2024,5.400,5.200,https://journalsimpactfactors.com/journal.php?id=1844
ANN MATH,0003-486X,1939-8980,2024,5.300,5.200,https://journalsimpactfactors.com/journal.php?id=1846
COMPUT LINGUIST,0891-2017,1530-9312,2024,5.300,5.100,https://journalsimpactfactors.com/journal.php?id=1847
INTERACT LEARN ENVIR,1049-4820,1744-5191,2024,5.300,5.000,https://journalsimpactfactors.com/journal.php?id=1848
MOL BIOL EVOL,0737-4038,1537-1719,2024,5.300,5.000,https://journalsimpactfactors.com/journal.php?id=1849
CHILD DEV PERSPECT,1750-8592,1750-8606,2024,5.300,5.200,https://journalsimpactfactors.com/journal.php?id=1850
AM ECON J-ECON POLIC,1945-7731,1945-774X,2024,5.300,5.300,https://journalsimpactfactors.com/journal.php?id=1851
TRANSPORT POLICY,0967-070X,1879-310X,2024,5.300,4.800,https://journalsimpactfactors.com/journal.php?id=1852
OPER MANAGE RES,1936-9735,1936-9743,2024,5.300,4.800,https://journalsimpactfactors.com/journal.php?id=1853
MAR LIFE SCI TECH,2096-6490,2662-1746,2024,5.300,4.700,https://journalsimpactfactors.com/journal.php?id=1854
PAC-BASIN FINANC J,0927-538X,1879-0585,2024,5.300,4.800,https://journalsimpactfactors.com/journal.php?id=1855
CLIN ORAL IMPLAN RES,0905-7161,1600-0501,2024,5.300,4.600,https://journalsimpactfactors.com/journal.php?id=1856
ADDICTION,0965-2140,1360-0443,2024,5.300,4.900,https://journalsimpactfactors.com/journal.php?id=1857
INT J INNOV STUD,2096-2487,2589-2975,2024,5.300,4.900,https://journalsimpactfactors.com/journal.php?id=1858
RADIOTHER ONCOL,0167-8140,1879-0887,2024,5.300,4.600,https://journalsimpactfactors.com/journal.php?id=1860
INTEGR COMPUT-AID E,1069-2509,1875-8835,2024,5.300,4.000,https://journalsimpactfactors.com/journal.php?id=1861
CAN J CARDIOL,0828-282X,1916-7075,2024,5.300,4.700,https://journalsimpactfactors.com/journal.php?id=1862
APL PHOTONICS,2378-0967,2378-0967,2024,5.300,5.000,https://journalsimpactfactors.com/journal.php?id=1863
J CHEM INF MODEL,1549-9596,1549-960X,2024,5.300,4.700,https://journalsimpactfactors.com/journal.php?id=1864
MECH MACH THEORY,0094-114X,1873-3999,2024,5.300,4.600,https://journalsimpactfactors.com/journal.php?id=1865
MICROCHIM ACTA,0026-3672,1436-5073,2024,5.300,4.900,https://journalsimpactfactors.com/journal.php?id=1866
J HOSP TOUR RES,1096-3480,1557-7554,2024,5.300,4.600,https://journalsimpactfactors.com/journal.php?id=1867
SPAN J MARK-ESIC,2444-9695,2444-9709,2024,5.300,5.000,https://journalsimpactfactors.com/journal.php?id=1868
BIOSYST ENG,1537-5110,1537-5129,2024,5.300,4.900,https://journalsimpactfactors.com/journal.php?id=1870
IEEE ROBOT AUTOM LET,2377-3766,2377-3766,2024,5.300,4.700,https://journalsimpactfactors.com/journal.php?id=1871
KOREAN J RADIOL,1229-6929,2005-8330,2024,5.300,4.500,https://journalsimpactfactors.com/journal.php?id=1872
AM J RESP CELL MOL,1044-1549,1535-4989,2024,5.300,5.000,https://journalsimpactfactors.com/journal.php?id=1873
INT J CRIT INFR PROT,1874-5482,2212-2087,2024,5.300,5.200,https://journalsimpactfactors.com/journal.php?id=1874
FRONT PHYS-BEIJING,2095-0462,2095-0470,2024,5.300,4.800,https://journalsimpactfactors.com/journal.php?id=1875
ENG FRACT MECH,0013-7944,1873-7315,2024,5.300,4.600,https://journalsimpactfactors.com/journal.php?id=1876
INFECT DIS THER,2193-8229,2193-6382,2024,5.300,5.000,https://journalsimpactfactors.com/journal.php?id=1877
PHYS REV D,2470-0010,2470-0029,2024,5.300,3.300,https://journalsimpactfactors.com/journal.php?id=1878
IEEE J-STARS,1939-1404,2151-1535,2024,5.300,4.500,https://journalsimpactfactors.com/journal.php?id=1879
QUAL ASSUR SAF CROP,1757-8361,1757-837X,2024,5.300,5.300,https://journalsimpactfactors.com/journal.php?id=1880
IEEE J OCEANIC ENG,0364-9059,1558-1691,2024,5.300,4.900,https://journalsimpactfactors.com/journal.php?id=1881
HYDROMETALLURGY,0304-386X,1879-1158,2024,5.300,5.000,https://journalsimpactfactors.com/journal.php?id=1882
INFLAMMOPHARMACOLOGY,0925-4692,1568-5608,2024,5.300,5.100,https://journalsimpactfactors.com/journal.php?id=1883
AM J MED,0002-9343,1555-7162,2024,5.300,5.100,https://journalsimpactfactors.com/journal.php?id=1885
Q REV BIOPHYS,0033-5835,1469-8994,2024,5.300,5.300,https://journalsimpactfactors.com/journal.php?id=1886
ENVIRON DEV,2211-4645,2211-4653,2024,5.300,5.100,https://journalsimpactfactors.com/journal.php?id=1887
REV FISH SCI AQUAC,2330-8249,2330-8257,2024,5.300,5.100,https://journalsimpactfactors.com/journal.php?id=1889
CLEAN RESPONS CONSUM,2666-7843,2666-7843,2024,5.300,4.800,https://journalsimpactfactors.com/journal.php?id=1892
SUSTAIN SCI,1862-4065,1862-4057,2024,5.300,4.800,https://journalsimpactfactors.com/journal.php?id=1893
CATAL TODAY,0920-5861,1873-4308,2024,5.300,5.100,https://journalsimpactfactors.com/journal.php?id=1894
CURR NEUROPHARMACOL,1570-159X,1875-6190,2024,5.300,5.200,https://journalsimpactfactors.com/journal.php?id=1895
J MARKET THEORY PRAC,1069-6679,1944-7175,2024,5.300,4.900,https://journalsimpactfactors.com/journal.php?id=1896
ADV ELECTRON MATER,2199-160X,2199-160X,2024,5.300,5.100,https://journalsimpactfactors.com/journal.php?id=1897
ENERG FUEL,0887-0624,1520-5029,2024,5.300,4.600,https://journalsimpactfactors.com/journal.php?id=1898
CURR OSTEOPOROS REP,1544-1873,1544-2241,2024,5.300,5.200,https://journalsimpactfactors.com/journal.php?id=1899
J SEMICOND,1674-4926,1674-4926,2024,5.300,5.000,https://journalsimpactfactors.com/journal.php?id=1900
YALE LAW J,0044-0094,1939-8611,2024,5.200,4.800,https://journalsimpactfactors.com/journal.php?id=1901
CRIMINOLOGY,0011-1384,1745-9125,2024,5.200,4.800,https://journalsimpactfactors.com/journal.php?id=1902
BRIT J GEN PRACT,0960-1643,1478-5242,2024,5.200,4.500,https://journalsimpactfactors.com/journal.php?id=1903
COMPR PHYSIOL,2040-4603,2040-4603,2024,5.200,5.100,https://journalsimpactfactors.com/journal.php?id=1904
IEEE T NEUR SYS REH,1534-4320,1558-0210,2024,5.200,4.700,https://journalsimpactfactors.com/journal.php?id=1905
ACAD MED,1040-2446,1938-808X,2024,5.200,4.600,https://journalsimpactfactors.com/journal.php?id=1907
ACAD MANAG LEARN EDU,1537-260X,N/A,2024,5.200,4.100,https://journalsimpactfactors.com/journal.php?id=1908
J CLIN EPIDEMIOL,0895-4356,1878-5921,2024,5.200,4.700,https://journalsimpactfactors.com/journal.php?id=1909
VET QUART,0165-2176,1875-5941,2024,5.200,5.200,https://journalsimpactfactors.com/journal.php?id=1911
J VOCAT BEHAV,0001-8791,1095-9084,2024,5.200,4.900,https://journalsimpactfactors.com/journal.php?id=1912
CLIM POLICY,1469-3062,1752-7457,2024,5.200,4.800,https://journalsimpactfactors.com/journal.php?id=1913
INT J PHARMACEUT,0378-5173,1873-3476,2024,5.200,4.700,https://journalsimpactfactors.com/journal.php?id=1914
J PATHOL,0022-3417,1096-9896,2024,5.200,5.100,https://journalsimpactfactors.com/journal.php?id=1915
MED EDUC,0308-0110,1365-2923,2024,5.200,4.300,https://journalsimpactfactors.com/journal.php?id=1916
CURR OPIN NEUROBIOL,0959-4388,1873-6882,2024,5.200,5.000,https://journalsimpactfactors.com/journal.php?id=1919
GEOTECHNIQUE,0016-8505,1751-7656,2024,5.200,5.000,https://journalsimpactfactors.com/journal.php?id=1920
BRIT MED BULL,0007-1420,1471-8391,2024,5.200,5.100,https://journalsimpactfactors.com/journal.php?id=1921
EUR J ENDOCRINOL,0804-4643,1479-683X,2024,5.200,4.900,https://journalsimpactfactors.com/journal.php?id=1922
J GEOGR SCI,1009-637X,1861-9568,2024,5.200,4.400,https://journalsimpactfactors.com/journal.php?id=1923
LIVER INT,1478-3223,1478-3231,2024,5.200,5.000,https://journalsimpactfactors.com/journal.php?id=1924
IEEE T CIRCUITS-I,1549-8328,1558-0806,2024,5.200,4.300,https://journalsimpactfactors.com/journal.php?id=1925
INT J FOOD MICROBIOL,0168-1605,1879-3460,2024,5.200,4.900,https://journalsimpactfactors.com/journal.php?id=1926
ADV CLIM CHANG RES,1674-9278,1674-9278,2024,5.200,4.800,https://journalsimpactfactors.com/journal.php?id=1928
J MOL LIQ,0167-7322,1873-3166,2024,5.200,4.700,https://journalsimpactfactors.com/journal.php?id=1929
ANNU REV FINANC ECON,1941-1367,1941-1375,2024,5.200,5.100,https://journalsimpactfactors.com/journal.php?id=1930
J COMPUT CIVIL ENG,0887-3801,1943-5487,2024,5.200,5.000,https://journalsimpactfactors.com/journal.php?id=1931
MACROMOLECULES,0024-9297,1520-5835,2024,5.200,4.500,https://journalsimpactfactors.com/journal.php?id=1932
IEEE T ENG MANAGE,0018-9391,1558-0040,2024,5.200,4.300,https://journalsimpactfactors.com/journal.php?id=1934
NUTR DIABETES,2044-4052,2044-4052,2024,5.200,5.100,https://journalsimpactfactors.com/journal.php?id=1935
ORGAN STUD,0170-8406,1741-3044,2024,5.200,4.300,https://journalsimpactfactors.com/journal.php?id=1936
PROTEIN SCI,0961-8368,1469-896X,2024,5.200,5.000,https://journalsimpactfactors.com/journal.php?id=1937
SCI REMOTE SENSING,2666-0172,2666-0172,2024,5.200,4.900,https://journalsimpactfactors.com/journal.php?id=1938
J FIELD ROBOT,1556-4959,1556-4967,2024,5.200,4.500,https://journalsimpactfactors.com/journal.php?id=1939
P COMBUST INST,1540-7489,1873-2704,2024,5.200,4.300,https://journalsimpactfactors.com/journal.php?id=1940
MICROB BIOTECHNOL,1751-7915,1751-7915,2024,5.200,4.800,https://journalsimpactfactors.com/journal.php?id=1941
BONE MARROW TRANSPL,0268-3369,1476-5365,2024,5.200,4.700,https://journalsimpactfactors.com/journal.php?id=1942
CURR ATHEROSCLER REP,1523-3804,1534-6242,2024,5.200,5.100,https://journalsimpactfactors.com/journal.php?id=1943
ENVIRON SCI POLICY,1462-9011,1873-6416,2024,5.200,4.900,https://journalsimpactfactors.com/journal.php?id=1944
CLIN EXP ALLERGY,0954-7894,1365-2222,2024,5.200,4.400,https://journalsimpactfactors.com/journal.php?id=1945
J CONSUM BEHAV,1472-0817,1479-1838,2024,5.200,4.200,https://journalsimpactfactors.com/journal.php?id=1946
J PLAN LIT,0885-4122,1552-6593,2024,5.200,5.100,https://journalsimpactfactors.com/journal.php?id=1947
ROBOT AUTON SYST,0921-8890,1872-793X,2024,5.200,4.900,https://journalsimpactfactors.com/journal.php?id=1948
ARAB J CHEM,1878-5352,1878-5379,2024,5.200,5.100,https://journalsimpactfactors.com/journal.php?id=1949
CURR NEUROL NEUROSCI,1528-4042,1534-6293,2024,5.200,5.200,https://journalsimpactfactors.com/journal.php?id=1950
J MACH LEARN RES,1532-4435,N/A,2024,5.200,5.000,https://journalsimpactfactors.com/journal.php?id=1952
FRONT OPTOELECTRON,2095-2759,2095-2767,2024,5.200,5.100,https://journalsimpactfactors.com/journal.php?id=1953
INT J GREENH GAS CON,1750-5836,1878-0148,2024,5.200,4.800,https://journalsimpactfactors.com/journal.php?id=1955
CRIT REV ANAL CHEM,1040-8347,1547-6510,2024,5.200,5.100,https://journalsimpactfactors.com/journal.php?id=1959
ONCOL REV,1970-5565,1970-5557,2024,5.200,5.200,https://journalsimpactfactors.com/journal.php?id=1960
LANG TEACHING,0261-4448,1475-3049,2024,5.100,5.000,https://journalsimpactfactors.com/journal.php?id=1961
POLIT COMMUN,1058-4609,1091-7675,2024,5.100,4.600,https://journalsimpactfactors.com/journal.php?id=1962
ANN FAM MED,1544-1709,1544-1717,2024,5.100,4.900,https://journalsimpactfactors.com/journal.php?id=1963
PUBLIC ADMIN,0033-3298,1467-9299,2024,5.100,4.300,https://journalsimpactfactors.com/journal.php?id=1964
J CLIN ANESTH,0952-8180,1873-4529,2024,5.100,4.800,https://journalsimpactfactors.com/journal.php?id=1965
PSYCHOL SCI,0956-7976,1467-9280,2024,5.100,5.100,https://journalsimpactfactors.com/journal.php?id=1966
BONE JOINT RES,2046-3758,2046-3758,2024,5.100,4.400,https://journalsimpactfactors.com/journal.php?id=1967
IEEE-ACM T AUDIO SPE,2329-9290,2329-9304,2024,5.100,4.400,https://journalsimpactfactors.com/journal.php?id=1968
APPL MATH MODEL,0307-904X,1872-8480,2024,5.100,4.700,https://journalsimpactfactors.com/journal.php?id=1970
J TOUR SERV,1804-5650,1804-5650,2024,5.100,4.100,https://journalsimpactfactors.com/journal.php?id=1971
EARTH PLANET SC LETT,0012-821X,1385-013X,2024,5.100,4.700,https://journalsimpactfactors.com/journal.php?id=1972
INT J GEOGR INF SCI,1365-8816,1362-3087,2024,5.100,4.400,https://journalsimpactfactors.com/journal.php?id=1973
INT J HUM-COMPUT ST,1071-5819,1095-9300,2024,5.100,4.900,https://journalsimpactfactors.com/journal.php?id=1974
GLIA,0894-1491,1098-1136,2024,5.100,4.900,https://journalsimpactfactors.com/journal.php?id=1975
CURR OPIN VIROL,1879-6257,1879-6265,2024,5.100,5.100,https://journalsimpactfactors.com/journal.php?id=1976
INFORM SYST RES,1047-7047,1526-5536,2024,5.100,4.700,https://journalsimpactfactors.com/journal.php?id=1977
LIFE SCI,0024-3205,1879-0631,2024,5.100,5.100,https://journalsimpactfactors.com/journal.php?id=1978
J CLIN ENDOCR METAB,0021-972X,1945-7197,2024,5.100,4.800,https://journalsimpactfactors.com/journal.php?id=1979
FUNCT ECOL,0269-8463,1365-2435,2024,5.100,4.900,https://journalsimpactfactors.com/journal.php?id=1981
J AM COLL RADIOL,1546-1440,1558-349X,2024,5.100,4.400,https://journalsimpactfactors.com/journal.php?id=1982
GENETICS,0016-6731,1943-2631,2024,5.100,4.800,https://journalsimpactfactors.com/journal.php?id=1983
MICROCHEM J,0026-265X,1095-9149,2024,5.100,4.400,https://journalsimpactfactors.com/journal.php?id=1984
GASTRIC CANCER,1436-3291,1436-3305,2024,5.100,4.800,https://journalsimpactfactors.com/journal.php?id=1985
MECH AGEING DEV,0047-6374,1872-6216,2024,5.100,5.000,https://journalsimpactfactors.com/journal.php?id=1986
CANCER-AM CANCER SOC,0008-543X,1097-0142,2024,5.100,5.000,https://journalsimpactfactors.com/journal.php?id=1987
ASTRON J,0004-6256,1538-3881,2024,5.100,4.100,https://journalsimpactfactors.com/journal.php?id=1988
IEEE J SEL TOP QUANT,1077-260X,1558-4542,2024,5.100,5.000,https://journalsimpactfactors.com/journal.php?id=1989
ATMOS CHEM PHYS,1680-7316,1680-7324,2024,5.100,4.300,https://journalsimpactfactors.com/journal.php?id=1990
DRUG DES DEV THER,1177-8881,N/A,2024,5.100,5.000,https://journalsimpactfactors.com/journal.php?id=1991
MAR STRUCT,0951-8339,1873-4170,2024,5.100,4.800,https://journalsimpactfactors.com/journal.php?id=1992
STEM CELL REP,2213-6711,2213-6711,2024,5.100,5.000,https://journalsimpactfactors.com/journal.php?id=1993
INT J NUMER METHOD H,0961-5539,1758-6585,2024,5.100,4.100,https://journalsimpactfactors.com/journal.php?id=1994
MANAGE DECIS,0025-1747,1758-6070,2024,5.100,4.200,https://journalsimpactfactors.com/journal.php?id=1995
CANCER IMMUNOL IMMUN,0340-7004,1432-0851,2024,5.100,5.000,https://journalsimpactfactors.com/journal.php?id=1997
STRUCT CONTROL HLTH,1545-2255,1545-2263,2024,5.100,4.800,https://journalsimpactfactors.com/journal.php?id=1998
J PHARM INVEST,2093-5552,2093-6214,2024,5.100,4.600,https://journalsimpactfactors.com/journal.php?id=1999
PROD OPER MANAG,1059-1478,1937-5956,2024,5.100,4.500,https://journalsimpactfactors.com/journal.php?id=2000
J MATER CHEM C,2050-7526,2050-7534,2024,5.100,4.800,https://journalsimpactfactors.com/journal.php?id=2001
FRONT NUTR,2296-861X,2296-861X,2024,5.100,4.900,https://journalsimpactfactors.com/journal.php?id=2003
DIAM RELAT MATER,0925-9635,1879-0062,2024,5.100,4.600,https://journalsimpactfactors.com/journal.php?id=2005
ASIA PAC J MARKET LO,1355-5855,1758-4248,2024,5.100,4.200,https://journalsimpactfactors.com/journal.php?id=2006
ENVIRON SCI-NANO,2051-8153,2051-8161,2024,5.100,4.700,https://journalsimpactfactors.com/journal.php?id=2007
EUR J MARKETING,0309-0566,1758-7123,2024,5.100,4.900,https://journalsimpactfactors.com/journal.php?id=2008
J CONSTR ENG M,0733-9364,1943-7862,2024,5.100,4.400,https://journalsimpactfactors.com/journal.php?id=2010
NANOSCALE,2040-3364,2040-3372,2024,5.100,4.900,https://journalsimpactfactors.com/journal.php?id=2011
CURR HYPERTENS REP,1522-6417,1534-3111,2024,5.100,5.000,https://journalsimpactfactors.com/journal.php?id=2012
J MED LIBR ASSOC,1536-5050,N/A,2024,5.100,4.900,https://journalsimpactfactors.com/journal.php?id=2013
REACT FUNCT POLYM,1381-5148,1873-166X,2024,5.100,5.000,https://journalsimpactfactors.com/journal.php?id=2014
FOOD HYDROCOLL HLTH,2667-0259,2667-0259,2024,5.100,5.100,https://journalsimpactfactors.com/journal.php?id=2015
AMBIO,0044-7447,1654-7209,2024,5.100,4.900,https://journalsimpactfactors.com/journal.php?id=2016
GREEN CHEM LETT REV,1751-8253,1751-7192,2024,5.100,4.900,https://journalsimpactfactors.com/journal.php?id=2019
ENERGY REP,2352-4847,2352-4847,2024,5.100,4.900,https://journalsimpactfactors.com/journal.php?id=2020
ENERGY SUSTAIN SOC,2192-0567,2192-0567,2024,5.100,4.600,https://journalsimpactfactors.com/journal.php?id=2021
CRIT REV MICROBIOL,1040-841X,1549-7828,2024,5.100,5.000,https://journalsimpactfactors.com/journal.php?id=2022
ENVIRON REV,1208-6053,1181-8700,2024,5.100,5.100,https://journalsimpactfactors.com/journal.php?id=2026
CONTEMP SECUR POL,1352-3260,1743-8764,2024,5.000,4.800,https://journalsimpactfactors.com/journal.php?id=2027
SOCIOL THEOR,0735-2751,1467-9558,2024,5.000,4.800,https://journalsimpactfactors.com/journal.php?id=2028
ANN EMERG MED,0196-0644,1097-6760,2024,5.000,4.700,https://journalsimpactfactors.com/journal.php?id=2029
BIOL SPORT,0860-021X,2083-1862,2024,5.000,4.400,https://journalsimpactfactors.com/journal.php?id=2030
J RES TECHNOL EDUC,1539-1523,1945-0818,2024,5.000,4.800,https://journalsimpactfactors.com/journal.php?id=2031
PROG ORTHOD,2196-1042,2196-1042,2024,5.000,4.700,https://journalsimpactfactors.com/journal.php?id=2032
J CONSULT CLIN PSYCH,0022-006X,1939-2117,2024,5.000,4.800,https://journalsimpactfactors.com/journal.php?id=2033
IEEE T CLOUD COMPUT,2168-7161,2168-7161,2024,5.000,4.800,https://journalsimpactfactors.com/journal.php?id=2034
KNEE SURG SPORT TR A,0942-2056,1433-7347,2024,5.000,3.600,https://journalsimpactfactors.com/journal.php?id=2035
J ECON SURV,0950-0804,1467-6419,2024,5.000,4.800,https://journalsimpactfactors.com/journal.php?id=2036
SOC SCI MED,0277-9536,1873-5347,2024,5.000,4.700,https://journalsimpactfactors.com/journal.php?id=2037
TRANSPLANTATION,0041-1337,1534-6080,2024,5.000,4.300,https://journalsimpactfactors.com/journal.php?id=2038
FIRE ECOL,1933-9747,1933-9747,2024,5.000,4.500,https://journalsimpactfactors.com/journal.php?id=2039
J URBAN MANAG,2226-5856,2589-0360,2024,5.000,4.800,https://journalsimpactfactors.com/journal.php?id=2040
QUANTUM SCI TECHNOL,2058-9565,2058-9565,2024,5.000,4.800,https://journalsimpactfactors.com/journal.php?id=2041
J LABOR ECON,0734-306X,1537-5307,2024,5.000,4.900,https://journalsimpactfactors.com/journal.php?id=2042
ORG LETT,1523-7060,1523-7052,2024,5.000,4.300,https://journalsimpactfactors.com/journal.php?id=2043
RICE,1939-8425,1939-8433,2024,5.000,4.800,https://journalsimpactfactors.com/journal.php?id=2045
NAT RESOUR RES,1520-7439,1573-8981,2024,5.000,4.500,https://journalsimpactfactors.com/journal.php?id=2046
GEOCHIM COSMOCHIM AC,0016-7037,1872-9533,2024,5.000,4.400,https://journalsimpactfactors.com/journal.php?id=2047
J THROMB HAEMOST,1538-7933,1538-7836,2024,5.000,4.500,https://journalsimpactfactors.com/journal.php?id=2048
INT J ROBOT RES,0278-3649,1741-3176,2024,5.000,4.800,https://journalsimpactfactors.com/journal.php?id=2049
CHILD ADOL MENT H-UK,1475-357X,1475-3588,2024,5.000,4.800,https://journalsimpactfactors.com/journal.php?id=2050
ACTA PSYCHIAT SCAND,0001-690X,1600-0447,2024,5.000,4.900,https://journalsimpactfactors.com/journal.php?id=2052
CNS NEUROSCI THER,1755-5930,1755-5949,2024,5.000,4.700,https://journalsimpactfactors.com/journal.php?id=2053
MINER ENG,0892-6875,0892-6875,2024,5.000,4.400,https://journalsimpactfactors.com/journal.php?id=2054
MULT SCLER J,1352-4585,1477-0970,2024,5.000,4.500,https://journalsimpactfactors.com/journal.php?id=2055
OPT LASER TECHNOL,0030-3992,1879-2545,2024,5.000,4.500,https://journalsimpactfactors.com/journal.php?id=2056
WATER RESOUR RES,0043-1397,1944-7973,2024,5.000,4.500,https://journalsimpactfactors.com/journal.php?id=2057
INT J ELEC POWER,0142-0615,1879-3517,2024,5.000,4.400,https://journalsimpactfactors.com/journal.php?id=2058
APPL SOIL ECOL,0929-1393,1873-0272,2024,5.000,4.700,https://journalsimpactfactors.com/journal.php?id=2060
EARTHQ ENG STRUCT D,0098-8847,1096-9845,2024,5.000,4.400,https://journalsimpactfactors.com/journal.php?id=2061
GREEN FINANC,2643-1092,2643-1092,2024,5.000,4.500,https://journalsimpactfactors.com/journal.php?id=2062
INT J THERM SCI,1290-0729,1778-4166,2024,5.000,4.600,https://journalsimpactfactors.com/journal.php?id=2063
J VACAT MARK,1356-7667,1479-1870,2024,5.000,4.600,https://journalsimpactfactors.com/journal.php?id=2064
AUTOMOTIVE INNOV,2096-4250,2522-8765,2024,5.000,4.800,https://journalsimpactfactors.com/journal.php?id=2065
CLIM RISK MANAG,2212-0963,2212-0963,2024,5.000,4.700,https://journalsimpactfactors.com/journal.php?id=2066
CANCER GENE THER,0929-1903,1476-5500,2024,5.000,4.900,https://journalsimpactfactors.com/journal.php?id=2068
DEEP UNDERGR SCI ENG,2097-0668,2770-1328,2024,5.000,4.600,https://journalsimpactfactors.com/journal.php?id=2069
IEEE T CONTROL NETW,2325-5870,2372-2533,2024,5.000,4.700,https://journalsimpactfactors.com/journal.php?id=2070
J PARKINSON DIS,1877-7171,1877-718X,2024,5.000,4.600,https://journalsimpactfactors.com/journal.php?id=2071
J MARKETING RES,0022-2437,1547-7193,2024,5.000,4.900,https://journalsimpactfactors.com/journal.php?id=2072
IEEE INTEL TRANSP SY,1939-1390,1941-1197,2024,5.000,4.700,https://journalsimpactfactors.com/journal.php?id=2073
VIRTUAL REAL-LONDON,1359-4338,1434-9957,2024,5.000,4.600,https://journalsimpactfactors.com/journal.php?id=2075
NEUROPSYCHOL REV,1040-7308,1573-6660,2024,5.000,5.000,https://journalsimpactfactors.com/journal.php?id=2077
BIOFACTORS,0951-6433,1872-8081,2024,5.000,5.000,https://journalsimpactfactors.com/journal.php?id=2078
PRECIS CLIN MED,2096-5303,2516-1571,2024,5.000,4.800,https://journalsimpactfactors.com/journal.php?id=2079
YOUNG CONSUM,1758-7212,1747-3616,2024,5.000,4.100,https://journalsimpactfactors.com/journal.php?id=2080
BIOSCI TRENDS,1881-7815,1881-7823,2024,5.000,4.900,https://journalsimpactfactors.com/journal.php?id=2081
SMART ENERGY-UK,2666-9552,2666-9552,2024,5.000,4.400,https://journalsimpactfactors.com/journal.php?id=2082
INFLAMMATION,0360-3997,1573-2576,2024,5.000,4.900,https://journalsimpactfactors.com/journal.php?id=2083
LEGUME SCI,2639-6181,2639-6181,2024,5.000,4.400,https://journalsimpactfactors.com/journal.php?id=2084
IMMUNOLOGY,0019-2805,1365-2567,2024,5.000,5.000,https://journalsimpactfactors.com/journal.php?id=2085
ABIOTECH,2096-6326,2662-1738,2024,5.000,4.700,https://journalsimpactfactors.com/journal.php?id=2086
RNA,1355-8382,1469-9001,2024,5.000,4.800,https://journalsimpactfactors.com/journal.php?id=2087
INT J ENG BUS MANAG,1847-9790,1847-9790,2024,5.000,4.800,https://journalsimpactfactors.com/journal.php?id=2088
J POLYM ENVIRON,1566-2543,1572-8919,2024,5.000,4.900,https://journalsimpactfactors.com/journal.php?id=2089
CURR ONCOL REP,1523-3790,1534-6269,2024,5.000,5.000,https://journalsimpactfactors.com/journal.php?id=2090
CELL MOL BIOENG,1865-5025,1865-5033,2024,5.000,4.900,https://journalsimpactfactors.com/journal.php?id=2092
P I MECH ENG N-J NAN,2397-7914,2397-7922,2024,5.000,4.800,https://journalsimpactfactors.com/journal.php?id=2093
APPL COMPUT INFORM,2634-1964,2210-8327,2024,4.900,4.900,https://journalsimpactfactors.com/journal.php?id=2094
STUD SECOND LANG ACQ,0272-2631,1470-1545,2024,4.900,4.700,https://journalsimpactfactors.com/journal.php?id=2095
J NEW APPROACHES EDU,2254-7339,2254-7339,2024,4.900,4.800,https://journalsimpactfactors.com/journal.php?id=2096
INNOV EDUC TEACH INT,1470-3297,1470-3300,2024,4.900,4.700,https://journalsimpactfactors.com/journal.php?id=2097
SOC MEDIA SOC,2056-3051,2056-3051,2024,4.900,4.500,https://journalsimpactfactors.com/journal.php?id=2098
J COMPUT HIGH EDUC,1042-1726,1867-1233,2024,4.900,4.600,https://journalsimpactfactors.com/journal.php?id=2099
EDUC RESEARCHER,0013-189X,1935-102X,2024,4.900,4.700,https://journalsimpactfactors.com/journal.php?id=2100
J EDUC COMPUT RES,0735-6331,1541-4140,2024,4.900,4.500,https://journalsimpactfactors.com/journal.php?id=2101
LEARN INSTR,0959-4752,1873-3263,2024,4.900,4.500,https://journalsimpactfactors.com/journal.php?id=2102
POLICY STUD J,0190-292X,1541-0072,2024,4.900,4.100,https://journalsimpactfactors.com/journal.php?id=2103
PUBLIC ADMIN REV,0033-3352,1540-6210,2024,4.900,4.300,https://journalsimpactfactors.com/journal.php?id=2105
SYST ENTOMOL,0307-6970,1365-3113,2024,4.900,4.600,https://journalsimpactfactors.com/journal.php?id=2106
POLIT GEOGR,0962-6298,1873-5096,2024,4.900,4.400,https://journalsimpactfactors.com/journal.php?id=2107
EUR CHILD ADOLES PSY,1018-8827,1435-165X,2024,4.900,4.600,https://journalsimpactfactors.com/journal.php?id=2108
ECON GEOL,0361-0128,1554-0774,2024,4.900,4.600,https://journalsimpactfactors.com/journal.php?id=2109
DEV COGN NEUROS-NETH,1878-9293,1878-9307,2024,4.900,4.300,https://journalsimpactfactors.com/journal.php?id=2111
PLOS PATHOG,1553-7366,1553-7374,2024,4.900,4.700,https://journalsimpactfactors.com/journal.php?id=2112
J AFFECT DISORDERS,0165-0327,1573-2517,2024,4.900,4.500,https://journalsimpactfactors.com/journal.php?id=2113
PUBLIC MANAG REV,1471-9037,1471-9045,2024,4.900,4.000,https://journalsimpactfactors.com/journal.php?id=2114
IEEE T LEARN TECHNOL,1939-1382,1939-1382,2024,4.900,4.000,https://journalsimpactfactors.com/journal.php?id=2115
MINER DEPOSITA,0026-4598,1432-1866,2024,4.900,4.400,https://journalsimpactfactors.com/journal.php?id=2118
COMPUT MED IMAG GRAP,0895-6111,1879-0771,2024,4.900,4.600,https://journalsimpactfactors.com/journal.php?id=2119
MAR POLLUT BULL,0025-326X,1879-3363,2024,4.900,4.000,https://journalsimpactfactors.com/journal.php?id=2120
BIOFILM,2590-2075,2590-2075,2024,4.900,4.500,https://journalsimpactfactors.com/journal.php?id=2121
SLEEP,0161-8105,1550-9109,2024,4.900,4.500,https://journalsimpactfactors.com/journal.php?id=2122
J DRUG DELIV SCI TEC,1773-2247,2588-8943,2024,4.900,4.500,https://journalsimpactfactors.com/journal.php?id=2123
NEW BIOTECHNOL,1871-6784,1876-4347,2024,4.900,4.900,https://journalsimpactfactors.com/journal.php?id=2124
J INT MANAG,1075-4253,1873-0620,2024,4.900,4.500,https://journalsimpactfactors.com/journal.php?id=2125
MOL PLANT PATHOL,1464-6722,1364-3703,2024,4.900,4.700,https://journalsimpactfactors.com/journal.php?id=2127
STROKE VASC NEUROL,2059-8688,2059-8696,2024,4.900,4.700,https://journalsimpactfactors.com/journal.php?id=2128
IEEE J EM SEL TOP P,2168-6777,2168-6785,2024,4.900,4.400,https://journalsimpactfactors.com/journal.php?id=2129
J SOUND VIB,0022-460X,1095-8568,2024,4.900,4.500,https://journalsimpactfactors.com/journal.php?id=2130
CHIN J NAT MEDICINES,2095-6975,1875-5364,2024,4.900,4.600,https://journalsimpactfactors.com/journal.php?id=2131
ENG COMPUT-GERMANY,0177-0667,1435-5663,2024,4.900,4.600,https://journalsimpactfactors.com/journal.php?id=2132
IEEE T COGN DEV SYST,2379-8920,2379-8939,2024,4.900,4.100,https://journalsimpactfactors.com/journal.php?id=2133
STEM CELL TRANSL MED,2157-6564,2157-6580,2024,4.900,4.700,https://journalsimpactfactors.com/journal.php?id=2134
J LEADERSH ORG STUD,1548-0518,1939-7089,2024,4.900,4.800,https://journalsimpactfactors.com/journal.php?id=2135
J BUS PSYCHOL,0889-3268,1573-353X,2024,4.900,4.700,https://journalsimpactfactors.com/journal.php?id=2136
QUANT INFR THERM J,1768-6733,2116-7176,2024,4.900,4.000,https://journalsimpactfactors.com/journal.php?id=2138
GEOSCI MODEL DEV,1991-959X,1991-9603,2024,4.900,4.500,https://journalsimpactfactors.com/journal.php?id=2139
IEEE T CIRCUITS-II,1549-7747,1558-3791,2024,4.900,4.300,https://journalsimpactfactors.com/journal.php?id=2140
CURR OPIN PSYCHIATR,0951-7367,1473-6578,2024,4.900,4.800,https://journalsimpactfactors.com/journal.php?id=2141
SLEEP MED CLIN,1556-407X,1556-4088,2024,4.900,4.900,https://journalsimpactfactors.com/journal.php?id=2142
INT J ACCOUNT INF MA,1834-7649,1758-9037,2024,4.900,4.200,https://journalsimpactfactors.com/journal.php?id=2143
J NUTR BIOCHEM,0955-2863,1873-4847,2024,4.900,4.800,https://journalsimpactfactors.com/journal.php?id=2144
MANAGE SCI,0025-1909,1526-5501,2024,4.900,4.800,https://journalsimpactfactors.com/journal.php?id=2146
SCI CHINA TECHNOL SC,1674-7321,1869-1900,2024,4.900,4.500,https://journalsimpactfactors.com/journal.php?id=2148
INT J DIGIT EARTH,1753-8947,1753-8955,2024,4.900,4.300,https://journalsimpactfactors.com/journal.php?id=2149
FOOD QUAL PREFER,0950-3293,1873-6343,2024,4.900,4.200,https://journalsimpactfactors.com/journal.php?id=2150
J WIND ENG IND AEROD,0167-6105,1872-8197,2024,4.900,4.000,https://journalsimpactfactors.com/journal.php?id=2151
SENSOR ACTUAT A-PHYS,0924-4247,1873-3069,2024,4.900,4.500,https://journalsimpactfactors.com/journal.php?id=2152
IEEE T COMPUT SOC SY,2329-924X,2329-924X,2024,4.900,4.100,https://journalsimpactfactors.com/journal.php?id=2153
INT J LOGIST-RES APP,1367-5567,1469-848X,2024,4.900,4.500,https://journalsimpactfactors.com/journal.php?id=2154
BIOMED SIGNAL PROCES,1746-8094,1746-8108,2024,4.900,4.300,https://journalsimpactfactors.com/journal.php?id=2155
COMPUT ELECTR ENG,0045-7906,1879-0755,2024,4.900,4.400,https://journalsimpactfactors.com/journal.php?id=2157
INT J HUM-COMPUT INT,1044-7318,1532-7590,2024,4.900,3.800,https://journalsimpactfactors.com/journal.php?id=2158
CORP GOV-INT J BUS S,1472-0701,1758-6054,2024,4.900,4.400,https://journalsimpactfactors.com/journal.php?id=2159
INT J ONCOL,1019-6439,1791-2423,2024,4.900,4.900,https://journalsimpactfactors.com/journal.php?id=2160
CIV ENG J-TEHRAN,2676-6957,2476-3055,2024,4.900,4.600,https://journalsimpactfactors.com/journal.php?id=2161
IEEE T SIGNAL INF PR,2373-776X,2373-776X,2024,4.900,4.300,https://journalsimpactfactors.com/journal.php?id=2163
J INORG ORGANOMET P,1574-1443,1574-1451,2024,4.900,4.400,https://journalsimpactfactors.com/journal.php?id=2164
HIGH VOLT,2397-7264,2397-7264,2024,4.900,3.700,https://journalsimpactfactors.com/journal.php?id=2165
MRS BULL,0883-7694,1938-1425,2024,4.900,4.800,https://journalsimpactfactors.com/journal.php?id=2166
CLEAN ENVIRON SYST,2666-7894,2666-7894,2024,4.900,4.800,https://journalsimpactfactors.com/journal.php?id=2168
NAT PRODUCT BIOPROSP,2192-2195,2192-2209,2024,4.900,4.800,https://journalsimpactfactors.com/journal.php?id=2169
IEEE T BIOMED CIRC S,1932-4545,1940-9990,2024,4.900,4.500,https://journalsimpactfactors.com/journal.php?id=2170
GIANT-AMSTERDAM,2666-5425,2666-5425,2024,4.900,4.600,https://journalsimpactfactors.com/journal.php?id=2171
MARKET SCI,0732-2399,1526-548X,2024,4.900,4.400,https://journalsimpactfactors.com/journal.php?id=2172
GENES NUTR,1555-8932,1865-3499,2024,4.900,4.800,https://journalsimpactfactors.com/journal.php?id=2174
J PHYS CHEM SOLIDS,0022-3697,1879-2553,2024,4.900,4.700,https://journalsimpactfactors.com/journal.php?id=2175
SUSTAIN FUTURES,2666-1888,2666-1888,2024,4.900,4.300,https://journalsimpactfactors.com/journal.php?id=2176
J ZHEJIANG UNIV-SC B,1673-1581,1862-1783,2024,4.900,4.500,https://journalsimpactfactors.com/journal.php?id=2177
ENERGY SUSTAIN DEV,0973-0826,2352-4669,2024,4.900,4.500,https://journalsimpactfactors.com/journal.php?id=2178
EXCLI J,1611-2156,1611-2156,2024,4.900,4.800,https://journalsimpactfactors.com/journal.php?id=2179
WIRES MECH DIS,2692-9368,2692-9368,2024,4.900,4.900,https://journalsimpactfactors.com/journal.php?id=2180
WIND ENERGY SCI,2366-7443,2366-7451,2024,4.900,4.200,https://journalsimpactfactors.com/journal.php?id=2181
NUTR REV,0029-6643,1753-4887,2024,4.900,4.800,https://journalsimpactfactors.com/journal.php?id=2182
EXPERT OPIN DRUG DIS,1746-0441,1746-045X,2024,4.900,4.800,https://journalsimpactfactors.com/journal.php?id=2183
INT J MOL SCI,1661-6596,1422-0067,2024,4.900,4.500,https://journalsimpactfactors.com/journal.php?id=2184
IET NANOBIOTECHNOL,1751-8741,1751-875X,2024,4.900,4.800,https://journalsimpactfactors.com/journal.php?id=2185
MOL CATAL,2468-8231,2468-8231,2024,4.900,3.900,https://journalsimpactfactors.com/journal.php?id=2186
BLOOD LYMPHAT CANCER,1179-9889,1179-9889,2024,4.900,4.900,https://journalsimpactfactors.com/journal.php?id=2188
CRIT REV PLANT SCI,0735-2689,1549-7836,2024,4.900,4.800,https://journalsimpactfactors.com/journal.php?id=2189
J PEASANT STUD,0306-6150,1743-9361,2024,4.800,4.200,https://journalsimpactfactors.com/journal.php?id=2191
POPUL DEV REV,0098-7921,1728-4457,2024,4.800,4.300,https://journalsimpactfactors.com/journal.php?id=2192
J PROSTHET DENT,0022-3913,1097-6841,2024,4.800,3.900,https://journalsimpactfactors.com/journal.php?id=2193
METACOGN LEARN,1556-1623,1556-1631,2024,4.800,4.600,https://journalsimpactfactors.com/journal.php?id=2194
RADIOL MED,0033-8362,1826-6983,2024,4.800,4.300,https://journalsimpactfactors.com/journal.php?id=2195
CURR OPIN INSECT SCI,2214-5745,2214-5753,2024,4.800,4.400,https://journalsimpactfactors.com/journal.php?id=2196
J URBAN ECON,0094-1190,1095-9068,2024,4.800,4.600,https://journalsimpactfactors.com/journal.php?id=2197
APPL MATH MECH-ENGL,0253-4827,1573-2754,2024,4.800,4.300,https://journalsimpactfactors.com/journal.php?id=2198
WORLD DEV,0305-750X,1873-5991,2024,4.800,4.500,https://journalsimpactfactors.com/journal.php?id=2199
BIOL PSYCHIAT-COGN N,2451-9022,2451-9030,2024,4.800,4.700,https://journalsimpactfactors.com/journal.php?id=2200
PHARM BIOL,1388-0209,1744-5116,2024,4.800,4.700,https://journalsimpactfactors.com/journal.php?id=2201
SCHIZOPHRENIA BULL,0586-7614,1745-1701,2024,4.800,4.500,https://journalsimpactfactors.com/journal.php?id=2202
CELLULOSE,0969-0239,1572-882X,2024,4.800,4.400,https://journalsimpactfactors.com/journal.php?id=2203
J LEGAL EDUC,0022-2208,0022-2208,2024,4.800,4.800,https://journalsimpactfactors.com/journal.php?id=2204
ACM T KNOWL DISCOV D,1556-4681,1556-472X,2024,4.800,4.300,https://journalsimpactfactors.com/journal.php?id=2205
INT J TRANSP SCI TEC,2046-0430,2046-0449,2024,4.800,4.600,https://journalsimpactfactors.com/journal.php?id=2206
SMALL BUS ECON,0921-898X,1573-0913,2024,4.800,4.400,https://journalsimpactfactors.com/journal.php?id=2207
AM J EPIDEMIOL,0002-9262,1476-6256,2024,4.800,4.600,https://journalsimpactfactors.com/journal.php?id=2208
J HOSP TOUR INSIGHTS,2514-9792,2514-9806,2024,4.800,4.200,https://journalsimpactfactors.com/journal.php?id=2210
BEST PRACT RES CL RH,1521-6942,1521-1770,2024,4.800,4.800,https://journalsimpactfactors.com/journal.php?id=2211
BMC PLANT BIOL,1471-2229,1471-2229,2024,4.800,4.400,https://journalsimpactfactors.com/journal.php?id=2212
J APPL ECOL,0021-8901,1365-2664,2024,4.800,4.600,https://journalsimpactfactors.com/journal.php?id=2213
NEUROL THER,2193-8253,2193-6536,2024,4.800,4.600,https://journalsimpactfactors.com/journal.php?id=2214
GEORISK,1749-9518,1749-9526,2024,4.800,3.700,https://journalsimpactfactors.com/journal.php?id=2215
J LIGHTWAVE TECHNOL,0733-8724,1558-2213,2024,4.800,4.100,https://journalsimpactfactors.com/journal.php?id=2216
CELL ONCOL,2211-3428,2211-3436,2024,4.800,4.800,https://journalsimpactfactors.com/journal.php?id=2217
AD HOC NETW,1570-8705,1570-8713,2024,4.800,4.500,https://journalsimpactfactors.com/journal.php?id=2218
FRONT PLANT SCI,1664-462X,1664-462X,2024,4.800,4.500,https://journalsimpactfactors.com/journal.php?id=2219
COMPUT METH PROG BIO,0169-2607,1872-7565,2024,4.800,4.500,https://journalsimpactfactors.com/journal.php?id=2222
EUR PHYS J C,1434-6044,1434-6052,2024,4.800,4.000,https://journalsimpactfactors.com/journal.php?id=2223
ENERG ENVIRON-UK,0958-305X,2048-4070,2024,4.800,4.500,https://journalsimpactfactors.com/journal.php?id=2224
DESIGN STUD,0142-694X,1872-6909,2024,4.800,4.600,https://journalsimpactfactors.com/journal.php?id=2226
IEEE T COMPUT IMAG,2573-0436,2333-9403,2024,4.800,4.200,https://journalsimpactfactors.com/journal.php?id=2227
IEEE ANTENN WIREL PR,1536-1225,1548-5757,2024,4.800,3.800,https://journalsimpactfactors.com/journal.php?id=2229
MON NOT R ASTRON SOC,0035-8711,1365-2966,2024,4.800,3.400,https://journalsimpactfactors.com/journal.php?id=2230
CLIMATIC CHANGE,0165-0009,1573-1480,2024,4.800,4.500,https://journalsimpactfactors.com/journal.php?id=2231
COMPUT STRUCT,0045-7949,1879-2243,2024,4.800,4.400,https://journalsimpactfactors.com/journal.php?id=2232
ANN NY ACAD SCI,0077-8923,1749-6632,2024,4.800,4.700,https://journalsimpactfactors.com/journal.php?id=2234
IEEE T BROADCAST,0018-9316,1557-9611,2024,4.800,3.100,https://journalsimpactfactors.com/journal.php?id=2236
MARIT TRANSPORT RES,2666-822X,2666-822X,2024,4.800,4.200,https://journalsimpactfactors.com/journal.php?id=2237
TRANSPORT SCI,0041-1655,N/A,2024,4.800,4.500,https://journalsimpactfactors.com/journal.php?id=2238
FRONT CELL INFECT MI,2235-2988,2235-2988,2024,4.800,4.600,https://journalsimpactfactors.com/journal.php?id=2240
CANCER NANOTECHNOL,1868-6958,1868-6966,2024,4.800,4.600,https://journalsimpactfactors.com/journal.php?id=2241
MATRIX BIOL,0945-053X,1569-1802,2024,4.800,4.600,https://journalsimpactfactors.com/journal.php?id=2242
MARIT ECON LOGIST,1479-2931,1479-294X,2024,4.800,4.400,https://journalsimpactfactors.com/journal.php?id=2243
CHIN J POPUL RESOUR,2096-9589,2325-4262,2024,4.800,4.700,https://journalsimpactfactors.com/journal.php?id=2244
TOTAL QUAL MANAG BUS,1478-3363,1478-3371,2024,4.800,3.900,https://journalsimpactfactors.com/journal.php?id=2245
INTERMETALLICS,0966-9795,1879-0216,2024,4.800,4.400,https://journalsimpactfactors.com/journal.php?id=2246
APPL CATAL A-GEN,0926-860X,1873-3875,2024,4.800,4.600,https://journalsimpactfactors.com/journal.php?id=2247
EXPERT REV VACCINES,1476-0584,1744-8395,2024,4.800,4.700,https://journalsimpactfactors.com/journal.php?id=2248
FRONT BIOENG BIOTECH,2296-4185,2296-4185,2024,4.800,4.700,https://journalsimpactfactors.com/journal.php?id=2249
J INVEST ALLERG CLIN,1018-9068,1698-0808,2024,4.800,4.300,https://journalsimpactfactors.com/journal.php?id=2250
ACM T INTERACT INTEL,2160-6455,2160-6463,2024,4.800,4.700,https://journalsimpactfactors.com/journal.php?id=2251
BRAIN CIRC,2394-8108,2455-4626,2024,4.800,4.600,https://journalsimpactfactors.com/journal.php?id=2253
SUSTAIN ENVIRON RES,2468-2039,2468-2039,2024,4.800,4.800,https://journalsimpactfactors.com/journal.php?id=2254
CELL MOL NEUROBIOL,0272-4340,1573-6830,2024,4.800,4.800,https://journalsimpactfactors.com/journal.php?id=2255
J COMPUT CHEM,0192-8651,1096-987X,2024,4.800,4.600,https://journalsimpactfactors.com/journal.php?id=2257
WIRES RNA,1757-7004,1757-7012,2024,4.800,4.700,https://journalsimpactfactors.com/journal.php?id=2258
PROG REACT KINET MEC,1468-6783,1471-406X,2024,4.800,4.800,https://journalsimpactfactors.com/journal.php?id=2260
BRIT J POLIT SCI,0007-1234,1469-2112,2024,4.700,4.600,https://journalsimpactfactors.com/journal.php?id=2261
ZOOL RES,2095-8137,2095-8137,2024,4.700,4.100,https://journalsimpactfactors.com/journal.php?id=2262
J COMPUT EDUC,2197-9987,2197-9995,2024,4.700,4.500,https://journalsimpactfactors.com/journal.php?id=2263
OBSTET GYNECOL,0029-7844,0029-7844,2024,4.700,4.400,https://journalsimpactfactors.com/journal.php?id=2264
SPINE J,1529-9430,1878-1632,2024,4.700,4.300,https://journalsimpactfactors.com/journal.php?id=2265
INVEST OPHTH VIS SCI,0146-0404,1552-5783,2024,4.700,4.300,https://journalsimpactfactors.com/journal.php?id=2266
INTENS CRIT CARE NUR,0964-3397,1532-4036,2024,4.700,3.500,https://journalsimpactfactors.com/journal.php?id=2267
ANAT SCI EDUC,1935-9772,1935-9780,2024,4.700,3.600,https://journalsimpactfactors.com/journal.php?id=2268
REV PSIQUIATR SALUD,1888-9891,1989-4600,2024,4.700,4.700,https://journalsimpactfactors.com/journal.php?id=2269
ECON MODEL,0264-9993,1873-6122,2024,4.700,4.200,https://journalsimpactfactors.com/journal.php?id=2270
INFORM ORGAN-UK,1471-7727,1873-7919,2024,4.700,4.500,https://journalsimpactfactors.com/journal.php?id=2271
J SOC ISSUES,0022-4537,1540-4560,2024,4.700,4.500,https://journalsimpactfactors.com/journal.php?id=2272
EUR RADIOL,0938-7994,1432-1084,2024,4.700,4.400,https://journalsimpactfactors.com/journal.php?id=2273
INORG CHEM,0020-1669,1520-510X,2024,4.700,4.100,https://journalsimpactfactors.com/journal.php?id=2274
RMD OPEN,2056-5933,2056-5933,2024,4.700,4.500,https://journalsimpactfactors.com/journal.php?id=2275
TOB CONTROL,0964-4563,1468-3318,2024,4.700,3.800,https://journalsimpactfactors.com/journal.php?id=2276
J RISK FINANC,1526-5943,2331-2947,2024,4.700,4.500,https://journalsimpactfactors.com/journal.php?id=2277
PHILOS T R SOC B,0962-8436,1471-2970,2024,4.700,4.600,https://journalsimpactfactors.com/journal.php?id=2279
DIGEST ENDOSC,0915-5635,1443-1661,2024,4.700,4.200,https://journalsimpactfactors.com/journal.php?id=2280
ECOGRAPHY,0906-7590,1600-0587,2024,4.700,4.500,https://journalsimpactfactors.com/journal.php?id=2281
EUR J PHARMACOL,0014-2999,1879-0712,2024,4.700,4.600,https://journalsimpactfactors.com/journal.php?id=2282
CAMB J REG ECON SOC,1752-1378,1752-1386,2024,4.700,4.500,https://journalsimpactfactors.com/journal.php?id=2283
EUR J PHARM SCI,0928-0987,1879-0720,2024,4.700,4.600,https://journalsimpactfactors.com/journal.php?id=2285
INT J GYNECOL CANCER,1048-891X,1525-1438,2024,4.700,4.200,https://journalsimpactfactors.com/journal.php?id=2286
ORG CHEM FRONT,2052-4129,2052-4129,2024,4.700,4.100,https://journalsimpactfactors.com/journal.php?id=2287
INT IMMUNOPHARMACOL,1567-5769,1878-1705,2024,4.700,4.500,https://journalsimpactfactors.com/journal.php?id=2289
DIABETES METAB,1262-3636,1878-1780,2024,4.700,4.600,https://journalsimpactfactors.com/journal.php?id=2290
GLOB STRATEG J,2042-5791,2042-5805,2024,4.700,4.400,https://journalsimpactfactors.com/journal.php?id=2291
J BEHAV EXP FINANC,2214-6350,2214-6369,2024,4.700,4.400,https://journalsimpactfactors.com/journal.php?id=2292
TOURISM GEOGR,1461-6688,1470-1340,2024,4.700,3.400,https://journalsimpactfactors.com/journal.php?id=2293
TRAVEL MED INFECT DI,1477-8939,1873-0442,2024,4.700,4.500,https://journalsimpactfactors.com/journal.php?id=2294
ACM T SENSOR NETWORK,1550-4859,1550-4867,2024,4.700,4.400,https://journalsimpactfactors.com/journal.php?id=2295
INT J CANCER,0020-7136,1097-0215,2024,4.700,4.500,https://journalsimpactfactors.com/journal.php?id=2297
EARTH SYST ENVIRON,2509-9426,2509-9434,2024,4.700,4.200,https://journalsimpactfactors.com/journal.php?id=2300
BIOORG CHEM,0045-2068,1090-2120,2024,4.700,4.300,https://journalsimpactfactors.com/journal.php?id=2301
MATTER RADIAT EXTREM,2468-2047,2468-080X,2024,4.700,4.200,https://journalsimpactfactors.com/journal.php?id=2302
ANAESTH CRIT CARE PA,2352-5568,2352-5568,2024,4.700,4.100,https://journalsimpactfactors.com/journal.php?id=2303
J EXPO SCI ENV EPID,1559-0631,1559-064X,2024,4.700,4.500,https://journalsimpactfactors.com/journal.php?id=2304
ENVIRON EXP BOT,0098-8472,1873-7307,2024,4.700,4.500,https://journalsimpactfactors.com/journal.php?id=2305
NAT HAZARD EARTH SYS,1561-8633,1684-9981,2024,4.700,4.400,https://journalsimpactfactors.com/journal.php?id=2306
AM J PHYSIOL-CELL PH,0363-6143,1522-1563,2024,4.700,4.500,https://journalsimpactfactors.com/journal.php?id=2307
J EARTH SCI-CHINA,1674-487X,1867-111X,2024,4.700,4.100,https://journalsimpactfactors.com/journal.php?id=2308
J INTENSIVE CARE,2052-0492,2052-0492,2024,4.700,4.500,https://journalsimpactfactors.com/journal.php?id=2309
WATER RESOUR MANAG,0920-4741,1573-1650,2024,4.700,4.000,https://journalsimpactfactors.com/journal.php?id=2310
T NONFERR METAL SOC,1003-6326,2210-3384,2024,4.700,4.100,https://journalsimpactfactors.com/journal.php?id=2311
GM CROPS FOOD,2164-5698,2164-5701,2024,4.700,4.200,https://journalsimpactfactors.com/journal.php?id=2312
CHINA GEOL,2096-5192,2096-5192,2024,4.700,4.400,https://journalsimpactfactors.com/journal.php?id=2313
INT J ENTREP BEHAV R,1355-2554,1758-6534,2024,4.700,3.900,https://journalsimpactfactors.com/journal.php?id=2314
OBESITY,1930-7381,1930-739X,2024,4.700,4.500,https://journalsimpactfactors.com/journal.php?id=2315
FOOD CHEM-MOL SCI,2666-5662,2666-5662,2024,4.700,4.600,https://journalsimpactfactors.com/journal.php?id=2316
ANN ALLERG ASTHMA IM,1081-1206,1534-4436,2024,4.700,4.300,https://journalsimpactfactors.com/journal.php?id=2317
J MOL CELL CARDIOL,0022-2828,1095-8584,2024,4.700,4.600,https://journalsimpactfactors.com/journal.php?id=2318
NUCLEIC ACID THER,2159-3337,2159-3345,2024,4.700,4.400,https://journalsimpactfactors.com/journal.php?id=2319
ELECTRON COMMER RES,1389-5753,1572-9362,2024,4.700,4.200,https://journalsimpactfactors.com/journal.php?id=2320
ACS APPL POLYM MATER,2637-6105,2637-6105,2024,4.700,4.400,https://journalsimpactfactors.com/journal.php?id=2321
NON-CODING RNA RES,2468-2160,2468-0540,2024,4.700,4.300,https://journalsimpactfactors.com/journal.php?id=2322
EXERC SPORT SCI REV,0091-6331,1538-3008,2024,4.700,4.500,https://journalsimpactfactors.com/journal.php?id=2323
OBESITY FACTS,1662-4025,1662-4033,2024,4.700,4.600,https://journalsimpactfactors.com/journal.php?id=2325
POL ARCH INTERN MED,0032-3772,1897-9483,2024,4.700,3.800,https://journalsimpactfactors.com/journal.php?id=2326
J PUBLIC POLICY MARK,0743-9156,1547-7207,2024,4.700,4.000,https://journalsimpactfactors.com/journal.php?id=2327
MOL CANCER RES,1541-7786,1557-3125,2024,4.700,4.700,https://journalsimpactfactors.com/journal.php?id=2328
ADDIT MANUF LETT,2772-3690,2772-3690,2024,4.700,4.500,https://journalsimpactfactors.com/journal.php?id=2329
POLYM COMPOSITE,0272-8397,1548-0569,2024,4.700,3.500,https://journalsimpactfactors.com/journal.php?id=2330
IND MANAGE DATA SYST,0263-5577,1758-5783,2024,4.700,4.300,https://journalsimpactfactors.com/journal.php?id=2331
MATER CHEM PHYS,0254-0584,1879-3312,2024,4.700,4.500,https://journalsimpactfactors.com/journal.php?id=2332
MATER MANUF PROCESS,1042-6914,1532-2475,2024,4.700,3.600,https://journalsimpactfactors.com/journal.php?id=2333
NANO COMMUN NETW,1878-7789,1878-7797,2024,4.700,4.200,https://journalsimpactfactors.com/journal.php?id=2334
SOL RRL,2367-198X,2367-198X,2024,4.700,4.400,https://journalsimpactfactors.com/journal.php?id=2335
J ISLAMIC MARK,1759-0833,1759-0841,2024,4.700,2.800,https://journalsimpactfactors.com/journal.php?id=2336
COLLOID INTERFAC SCI,2215-0382,2215-0382,2024,4.700,4.500,https://journalsimpactfactors.com/journal.php?id=2337
MICROPOR MESOPOR MAT,1387-1811,1873-3093,2024,4.700,4.600,https://journalsimpactfactors.com/journal.php?id=2338
J MEMBRANE SCI LETT,2772-4212,2772-4212,2024,4.700,4.500,https://journalsimpactfactors.com/journal.php?id=2341
J PHOTOCH PHOTOBIO A,1010-6030,1873-2666,2024,4.700,4.500,https://journalsimpactfactors.com/journal.php?id=2342
J MOL STRUCT,0022-2860,1872-8014,2024,4.700,3.800,https://journalsimpactfactors.com/journal.php?id=2345
ACS APPL BIO MATER,2576-6422,2576-6422,2024,4.700,4.600,https://journalsimpactfactors.com/journal.php?id=2347
AI SOC,0951-5666,1435-5655,2024,4.700,3.900,https://journalsimpactfactors.com/journal.php?id=2348
CURR TREAT OPTION ON,1527-2729,1534-6277,2024,4.700,4.600,https://journalsimpactfactors.com/journal.php?id=2349
BIOSCIENCE REP,0144-8463,1573-4935,2024,4.700,4.700,https://journalsimpactfactors.com/journal.php?id=2350
GEOLOGY,0091-7613,1943-2682,2024,4.600,4.500,https://journalsimpactfactors.com/journal.php?id=2352
ASIA-PAC EDUC RES,0119-5646,2243-7908,2024,4.600,4.300,https://journalsimpactfactors.com/journal.php?id=2353
INNOV LANG LEARN TEA,1750-1229,1750-1237,2024,4.600,4.500,https://journalsimpactfactors.com/journal.php?id=2354
J COMPUT ASSIST LEAR,0266-4909,1365-2729,2024,4.600,4.300,https://journalsimpactfactors.com/journal.php?id=2355
BONE JOINT J,2049-4394,2049-4394,2024,4.600,3.500,https://journalsimpactfactors.com/journal.php?id=2356
ENTOMOL GEN,0171-8177,2363-7102,2024,4.600,4.000,https://journalsimpactfactors.com/journal.php?id=2357
RESUSCITATION,0300-9572,1873-1570,2024,4.600,3.700,https://journalsimpactfactors.com/journal.php?id=2358
HIGH EDUC,0018-1560,1573-174X,2024,4.600,4.200,https://journalsimpactfactors.com/journal.php?id=2359
EARTH SYST GOV-NETH,2589-8116,2589-8116,2024,4.600,4.200,https://journalsimpactfactors.com/journal.php?id=2360
OPHTHALMOL SCI,2666-9145,2666-9145,2024,4.600,4.400,https://journalsimpactfactors.com/journal.php?id=2361
S EUR SOC POLIT,1360-8746,1743-9612,2024,4.600,4.000,https://journalsimpactfactors.com/journal.php?id=2362
J MARK COMMUN,1352-7266,1466-4445,2024,4.600,4.100,https://journalsimpactfactors.com/journal.php?id=2363
SPECTROCHIM ACTA A,1386-1425,1873-3557,2024,4.600,4.100,https://journalsimpactfactors.com/journal.php?id=2364
NEW POLIT ECON,1356-3467,1469-9923,2024,4.600,4.400,https://journalsimpactfactors.com/journal.php?id=2365
ANN PHYS REHABIL MED,1877-0657,1877-0665,2024,4.600,4.500,https://journalsimpactfactors.com/journal.php?id=2366
CHINA AGR ECON REV,1756-137X,1756-1388,2024,4.600,4.400,https://journalsimpactfactors.com/journal.php?id=2367
EMERG MARK REV,1566-0141,1873-6173,2024,4.600,4.300,https://journalsimpactfactors.com/journal.php?id=2368
J DEV ECON,0304-3878,1872-6089,2024,4.600,4.300,https://journalsimpactfactors.com/journal.php?id=2370
EUR HEART J-QUAL CAR,2058-5225,2058-1742,2024,4.600,4.400,https://journalsimpactfactors.com/journal.php?id=2371
CHINESE J PHYS,0577-9073,0577-9073,2024,4.600,4.200,https://journalsimpactfactors.com/journal.php?id=2372
ARTHRITIS RES THER,1478-6354,1478-6362,2024,4.600,4.500,https://journalsimpactfactors.com/journal.php?id=2373
CEPHALALGIA,0333-1024,1468-2982,2024,4.600,4.200,https://journalsimpactfactors.com/journal.php?id=2374
CURR ISSUES TOUR,1368-3500,1747-7603,2024,4.600,3.900,https://journalsimpactfactors.com/journal.php?id=2375
J NEUROL,0340-5354,1432-1459,2024,4.600,4.400,https://journalsimpactfactors.com/journal.php?id=2376
PHARMACOECONOMICS,1170-7690,1179-2027,2024,4.600,4.000,https://journalsimpactfactors.com/journal.php?id=2377
INT J ANTIMICROB AG,0924-8579,1872-7913,2024,4.600,4.300,https://journalsimpactfactors.com/journal.php?id=2378
TOXICOLOGY,0300-483X,1879-3185,2024,4.600,4.500,https://journalsimpactfactors.com/journal.php?id=2379
BRIT J BIOMED SCI,0967-4845,2474-0896,2024,4.600,4.600,https://journalsimpactfactors.com/journal.php?id=2380
J MED VIROL,0146-6615,1096-9071,2024,4.600,4.300,https://journalsimpactfactors.com/journal.php?id=2381
NEUROPHARMACOLOGY,0028-3908,1873-7064,2024,4.600,4.400,https://journalsimpactfactors.com/journal.php?id=2382
REV FISH BIOL FISHER,0960-3166,1573-5184,2024,4.600,4.500,https://journalsimpactfactors.com/journal.php?id=2383
J CLIN PSYCHIAT,0160-6689,1555-2101,2024,4.600,4.400,https://journalsimpactfactors.com/journal.php?id=2385
CLIN KIDNEY J,2048-8505,2048-8513,2024,4.600,4.300,https://journalsimpactfactors.com/journal.php?id=2386
J AM MED INFORM ASSN,1067-5027,1527-974X,2024,4.600,4.200,https://journalsimpactfactors.com/journal.php?id=2387
ENVIRON BEHAV,0013-9165,1552-390X,2024,4.600,4.500,https://journalsimpactfactors.com/journal.php?id=2388
GEOPHYS RES LETT,0094-8276,1944-8007,2024,4.600,4.200,https://journalsimpactfactors.com/journal.php?id=2391
J CLIN LIPIDOL,1933-2874,1876-4789,2024,4.600,4.300,https://journalsimpactfactors.com/journal.php?id=2392
BIOL RES,0716-9760,0717-6287,2024,4.600,4.500,https://journalsimpactfactors.com/journal.php?id=2393
ANTIBIOTICS-BASEL,2079-6382,2079-6382,2024,4.600,4.200,https://journalsimpactfactors.com/journal.php?id=2395
SOIL DYN EARTHQ ENG,0267-7261,1879-341X,2024,4.600,4.000,https://journalsimpactfactors.com/journal.php?id=2396
GEOMAT NAT HAZ RISK,1947-5705,1947-5713,2024,4.600,4.300,https://journalsimpactfactors.com/journal.php?id=2397
EUR HEART J-ACUTE CA,2048-8726,2048-8734,2024,4.600,4.400,https://journalsimpactfactors.com/journal.php?id=2398
RESULTS PHYS,2211-3797,2211-3797,2024,4.600,4.500,https://journalsimpactfactors.com/journal.php?id=2399
COMPUT NETW,1389-1286,1872-7069,2024,4.600,4.200,https://journalsimpactfactors.com/journal.php?id=2400
FOOD MICROBIOL,0740-0020,1095-9998,2024,4.600,4.400,https://journalsimpactfactors.com/journal.php?id=2401
HYPERTENS RES,0916-9636,1348-4214,2024,4.600,3.400,https://journalsimpactfactors.com/journal.php?id=2402
FRONT COMPUT SCI-CHI,2095-2228,2095-2236,2024,4.600,4.400,https://journalsimpactfactors.com/journal.php?id=2403
CONTACT DERMATITIS,0105-1873,1600-0536,2024,4.600,3.100,https://journalsimpactfactors.com/journal.php?id=2405
CONTROL ENG PRACT,0967-0661,1873-6939,2024,4.600,4.100,https://journalsimpactfactors.com/journal.php?id=2406
DATA SCI ENG,2364-1185,2364-1541,2024,4.600,4.400,https://journalsimpactfactors.com/journal.php?id=2407
J FORESTRY RES,1007-662X,1993-0607,2024,4.600,4.400,https://journalsimpactfactors.com/journal.php?id=2408
SIMUL MODEL PRACT TH,1569-190X,1878-1462,2024,4.600,4.300,https://journalsimpactfactors.com/journal.php?id=2409
J THEOR APPL EL COMM,0718-1876,0718-1876,2024,4.600,4.000,https://journalsimpactfactors.com/journal.php?id=2410
CANCER BIOL THER,1538-4047,1555-8576,2024,4.600,4.600,https://journalsimpactfactors.com/journal.php?id=2411
EUR J HUM GENET,1018-4813,1476-5438,2024,4.600,4.100,https://journalsimpactfactors.com/journal.php?id=2412
EXPOS HEALTH,2451-9766,2451-9685,2024,4.600,4.500,https://journalsimpactfactors.com/journal.php?id=2413
INT J SYST SCI,0020-7721,1464-5319,2024,4.600,4.000,https://journalsimpactfactors.com/journal.php?id=2414
MIN PROC EXT MET REV,0882-7508,1547-7401,2024,4.600,3.700,https://journalsimpactfactors.com/journal.php?id=2416
REG SUSTAIN,2097-0129,2666-660X,2024,4.600,4.400,https://journalsimpactfactors.com/journal.php?id=2417
ARTIF INTELL-AMST,0004-3702,1872-7921,2024,4.600,4.400,https://journalsimpactfactors.com/journal.php?id=2419
FRONT ENDOCRINOL,1664-2392,1664-2392,2024,4.600,4.300,https://journalsimpactfactors.com/journal.php?id=2420
GEOENERGY SCI ENG,2949-8929,2949-8910,2024,4.600,3.900,https://journalsimpactfactors.com/journal.php?id=2421
ENDOCR PRACT,1530-891X,1934-2403,2024,4.600,4.400,https://journalsimpactfactors.com/journal.php?id=2422
J PHYS CHEM LETT,1948-7185,N/A,2024,4.600,4.300,https://journalsimpactfactors.com/journal.php?id=2423
NANOMED-NANOTECHNOL,1549-9634,1549-9642,2024,4.600,4.600,https://journalsimpactfactors.com/journal.php?id=2424
INT MARKET REV,0265-1335,1758-6763,2024,4.600,3.800,https://journalsimpactfactors.com/journal.php?id=2425
ENDOCR-RELAT CANCER,1351-0088,1479-6821,2024,4.600,4.300,https://journalsimpactfactors.com/journal.php?id=2428
INT J REFRACT MET H,0263-4368,2213-3917,2024,4.600,3.900,https://journalsimpactfactors.com/journal.php?id=2429
ENVIRON MODELL SOFTW,1364-8152,1873-6726,2024,4.600,4.000,https://journalsimpactfactors.com/journal.php?id=2430
PUBL ASTRON SOC AUST,1323-3580,1448-6083,2024,4.600,4.000,https://journalsimpactfactors.com/journal.php?id=2431
ACTA MECH SINICA-PRC,0567-7718,1614-3116,2024,4.600,4.000,https://journalsimpactfactors.com/journal.php?id=2432
JCO ONCOL PRACT,2688-1527,2688-1535,2024,4.600,4.300,https://journalsimpactfactors.com/journal.php?id=2433
MAT SCI SEMICON PROC,1369-8001,1873-4081,2024,4.600,4.300,https://journalsimpactfactors.com/journal.php?id=2434
FUNGAL BIOL REV,1749-4613,1878-0253,2024,4.600,4.600,https://journalsimpactfactors.com/journal.php?id=2435
J FOOD COMPOS ANAL,0889-1575,1096-0481,2024,4.600,4.200,https://journalsimpactfactors.com/journal.php?id=2437
COMPLEX INTELL SYST,2199-4536,2198-6053,2024,4.600,4.400,https://journalsimpactfactors.com/journal.php?id=2439
J IND PROD ENG,2168-1015,2168-1023,2024,4.600,4.200,https://journalsimpactfactors.com/journal.php?id=2441
SYNTHETIC MET,0379-6779,0379-6779,2024,4.600,4.400,https://journalsimpactfactors.com/journal.php?id=2442
EXPERT OPIN THER PAT,1354-3776,1744-7674,2024,4.600,4.400,https://journalsimpactfactors.com/journal.php?id=2443
MICROBIOLOGYOPEN,2045-8827,2045-8827,2024,4.600,4.600,https://journalsimpactfactors.com/journal.php?id=2444
ASIA-PAC J BUS ADM,1757-4323,1757-4331,2024,4.600,4.300,https://journalsimpactfactors.com/journal.php?id=2445
SMART SUSTAIN BUILT,2046-6099,2046-6102,2024,4.600,3.600,https://journalsimpactfactors.com/journal.php?id=2447
THER ADV ENDOCRINOL,2042-0188,2042-0196,2024,4.600,4.600,https://journalsimpactfactors.com/journal.php?id=2449
CURR ALLERGY ASTHM R,1529-7322,1534-6315,2024,4.600,4.500,https://journalsimpactfactors.com/journal.php?id=2450
HUM RESOUR DEV REV,1534-4843,1552-6712,2024,4.600,4.200,https://journalsimpactfactors.com/journal.php?id=2451
MACROMOL MATER ENG,1438-7492,1439-2054,2024,4.600,4.500,https://journalsimpactfactors.com/journal.php?id=2453
MATER SCI ENG B-ADV,0921-5107,1873-4944,2024,4.600,4.400,https://journalsimpactfactors.com/journal.php?id=2454
POWDER TECHNOL,0032-5910,1873-328X,2024,4.600,4.000,https://journalsimpactfactors.com/journal.php?id=2456
SOC BUS REV,1746-5680,1746-5699,2024,4.600,4.500,https://journalsimpactfactors.com/journal.php?id=2457
CURR OPIN LIPIDOL,0957-9672,1473-6535,2024,4.600,4.500,https://journalsimpactfactors.com/journal.php?id=2460
NANOSCALE ADV,2516-0230,2516-0230,2024,4.600,4.600,https://journalsimpactfactors.com/journal.php?id=2461
P JPN ACAD B-PHYS,0386-2208,1349-2896,2024,4.600,4.600,https://journalsimpactfactors.com/journal.php?id=2462
TISSUE ENG PART B-RE,1937-3368,1937-3376,2024,4.600,4.600,https://journalsimpactfactors.com/journal.php?id=2463
INT ORGAN,0020-8183,1531-5088,2024,4.500,4.300,https://journalsimpactfactors.com/journal.php?id=2464
J SECOND LANG WRIT,1060-3743,1873-1422,2024,4.500,4.300,https://journalsimpactfactors.com/journal.php?id=2465
J EUR PUBLIC POLICY,1350-1763,1466-4429,2024,4.500,3.900,https://journalsimpactfactors.com/journal.php?id=2466
THINK SKILLS CREAT,1871-1871,1878-0423,2024,4.500,3.700,https://journalsimpactfactors.com/journal.php?id=2467
PERSPECT POLIT,1537-5927,1541-0986,2024,4.500,4.400,https://journalsimpactfactors.com/journal.php?id=2468
J RES SCI TEACH,0022-4308,1098-2736,2024,4.500,4.000,https://journalsimpactfactors.com/journal.php?id=2469
J FAM THEOR REV,1756-2570,1756-2589,2024,4.500,3.800,https://journalsimpactfactors.com/journal.php?id=2470
AM J SPORT MED,0363-5465,1552-3365,2024,4.500,4.000,https://journalsimpactfactors.com/journal.php?id=2471
J ADOLESCENT HEALTH,1054-139X,1879-1972,2024,4.500,4.100,https://journalsimpactfactors.com/journal.php?id=2472
HARMFUL ALGAE,1568-9883,1878-1470,2024,4.500,3.900,https://journalsimpactfactors.com/journal.php?id=2473
PEDIATR CRIT CARE ME,1529-7535,1947-3893,2024,4.500,2.700,https://journalsimpactfactors.com/journal.php?id=2475
BEHAV RES THER,0005-7967,1873-622X,2024,4.500,4.300,https://journalsimpactfactors.com/journal.php?id=2476
WORLD J PEDIATR,1708-8569,1867-0687,2024,4.500,4.300,https://journalsimpactfactors.com/journal.php?id=2477
EUR STROKE J,2396-9873,2396-9881,2024,4.500,4.200,https://journalsimpactfactors.com/journal.php?id=2479
J ANXIETY DISORD,0887-6185,1873-7897,2024,4.500,4.200,https://journalsimpactfactors.com/journal.php?id=2480
AM J PREV MED,0749-3797,1873-2607,2024,4.500,4.400,https://journalsimpactfactors.com/journal.php?id=2481
NEUROIMAGE,1053-8119,1095-9572,2024,4.500,4.300,https://journalsimpactfactors.com/journal.php?id=2482
BJS OPEN,2474-9842,2474-9842,2024,4.500,4.300,https://journalsimpactfactors.com/journal.php?id=2483
J COMMOD MARK,2405-8513,2405-8505,2024,4.500,4.100,https://journalsimpactfactors.com/journal.php?id=2484
PHYS LETT B,0370-2693,1873-2445,2024,4.500,4.200,https://journalsimpactfactors.com/journal.php?id=2486
P NUTR SOC,0029-6651,1475-2719,2024,4.500,4.400,https://journalsimpactfactors.com/journal.php?id=2487
EUR UROL OPEN SCI,2666-1691,2666-1683,2024,4.500,4.300,https://journalsimpactfactors.com/journal.php?id=2489
INSIGHTS IMAGING,1869-4101,1869-4101,2024,4.500,4.300,https://journalsimpactfactors.com/journal.php?id=2490
J AM GERIATR SOC,0002-8614,1532-5415,2024,4.500,4.000,https://journalsimpactfactors.com/journal.php?id=2492
ASIA PAC J HUM RESOU,1038-4111,1744-7941,2024,4.500,4.300,https://journalsimpactfactors.com/journal.php?id=2493
MOL PHARMACEUT,1543-8384,1543-8392,2024,4.500,4.200,https://journalsimpactfactors.com/journal.php?id=2495
IEEE T IND APPL,0093-9994,1939-9367,2024,4.500,4.100,https://journalsimpactfactors.com/journal.php?id=2496
NDT&amp;E INT,0963-8695,1879-1174,2024,4.500,4.000,https://journalsimpactfactors.com/journal.php?id=2498
PEDIAT ALLERG IMM-UK,0905-6157,1399-3038,2024,4.500,4.100,https://journalsimpactfactors.com/journal.php?id=2499
