title,url,issn,eissn,publisher,language,country,oa_type,positioning,partition,source,source_url,page,fetched_at
ADDICTION SCIENCE & CLINICAL PRACTICE,https://www.oaj.com.cn/Journal/addiction-science-clinical-practice,,1940-0640,BioMed Central,English,United Kingdom,Gold OA,Frontier Science Journal,2区,OAJ,https://www.oaj.com.cn/simplesearch?field=1,1,2026-05-21T07:21:51+00:00
ACTA VETERINARIA SCANDINAVICA,https://www.oaj.com.cn/Journal/acta-veterinaria-scandinavica,,1751-0147,BioMed Central,Multi-Language,United Kingdom,Gold OA,Frontier Science Journal,2区,OAJ,https://www.oaj.com.cn/simplesearch?field=1,1,2026-05-21T07:21:51+00:00
ACTA NEUROPATHOLOGICA COMMUNICATIONS,https://www.oaj.com.cn/Journal/acta-neuropathologica-communications,,2051-5960,BioMed Central,English,United Kingdom,Gold OA,Frontier Science Journal,1区,OAJ,https://www.oaj.com.cn/simplesearch?field=1,1,2026-05-21T07:21:51+00:00
ACS CENTRAL SCIENCE,https://www.oaj.com.cn/Journal/acs-central-science,2374-7943,2374-7951,American Chemical Society,English,USA,Diamond/Platinum OA,Frontier Science Journal,1区,OAJ,https://www.oaj.com.cn/simplesearch?field=1,1,2026-05-21T07:21:51+00:00
ACS OMEGA,https://www.oaj.com.cn/Journal/acs-omega,,2470-1343,American Chemical Society,English,USA,Gold OA,Sound Science Journal,3区,OAJ,https://www.oaj.com.cn/simplesearch?field=1,1,2026-05-21T07:21:51+00:00
ACTA OBSTETRICIA ET GYNECOLOGICA SCANDINAVICA,https://www.oaj.com.cn/Journal/acta-obstetricia-et-gynecologica-scandinavica,0001-6349,1600-0412,Wiley,English,USA,Gold OA,Frontier Science Journal,2区,OAJ,https://www.oaj.com.cn/simplesearch?field=1,1,2026-05-21T07:21:51+00:00
《先进膜（英文）》,https://www.oaj.com.cn/Journal/%E5%85%88%E8%BF%9B%E8%86%9C-%E8%8B%B1%E6%96%87,,2772-8234,"KeAi Communications Co., Ltd.",English,China,金色OA,Frontier Science Journal,,OAJ,https://www.oaj.com.cn/simplesearch?field=1,1,2026-05-21T07:21:51+00:00
《消化病学（英文）》（英文名：《eGastroenterology》）,https://www.oaj.com.cn/Journal/%E6%B6%88%E5%8C%96%E7%97%85%E5%AD%A6-%E8%8B%B1%E6%96%87-%E8%8B%B1%E6%96%87%E5%90%8D-egastroenterology,2766-0125,2976-7296,BMJ Publishing Group Ltd,English,United Kingdom,金色OA,Frontier Science Journal,,OAJ,https://www.oaj.com.cn/simplesearch?field=1,1,2026-05-21T07:21:51+00:00
《断块油气田》,https://www.oaj.com.cn/Journal/%E6%96%AD%E5%9D%97%E6%B2%B9%E6%B0%94%E7%94%B0,1005-8907,,《断块油气田》编辑部,中文,China,钻石OA,Frontier Science Journal,,OAJ,https://www.oaj.com.cn/simplesearch?field=1,1,2026-05-21T07:21:51+00:00
《生物医学转化》,https://www.oaj.com.cn/Journal/%E7%94%9F%E7%89%A9%E5%8C%BB%E5%AD%A6%E8%BD%AC%E5%8C%96,2096-8965,,兰州大学出版社有限责任公司,中文,China,钻石OA,Frontier Science Journal,,OAJ,https://www.oaj.com.cn/simplesearch?field=1,1,2026-05-21T07:21:51+00:00
ADVANCES IN CLIMATE CHANGE RESEARCH,https://www.oaj.com.cn/Journal/advances-in-climate-change-research,1674-9278,2524-1761,"KeAi Communications Co., Ltd.",English,China,金色OA,Frontier Science Journal,1区,OAJ,https://www.oaj.com.cn/simplesearch?field=1,2,2026-05-21T07:21:51+00:00
ADVANCES IN GEO-ENERGY RESEARCH,https://www.oaj.com.cn/Journal/advances-in-geo-energy-research,2207-9963,2208-598X,Yandy Scientific Press,English,"Hong Kong, China",Gold OA,Frontier Science Journal,1区,OAJ,https://www.oaj.com.cn/simplesearch?field=1,2,2026-05-21T07:21:51+00:00
ADVANCES IN CONTINUOUS AND DISCRETE MODELS,https://www.oaj.com.cn/Journal/advances-in-continuous-and-discrete-models,,2731-4235,Springer,English,USA,Gold OA,Frontier Science Journal,2区,OAJ,https://www.oaj.com.cn/simplesearch?field=1,2,2026-05-21T07:21:51+00:00
ADVANCES IN CIVIL ENGINEERING,https://www.oaj.com.cn/Journal/advances-in-civil-engineering,1687-8086,1687-8094,Wiley,English,United Kingdom,,,,OAJ,https://www.oaj.com.cn/simplesearch?field=1,2,2026-05-21T07:21:51+00:00
ADVANCED INTELLIGENT SYSTEMS,https://www.oaj.com.cn/Journal/advanced-intelligent-systems,,2640-4567,Wiley-VCH,English,USA,,,,OAJ,https://www.oaj.com.cn/simplesearch?field=1,2,2026-05-21T07:21:51+00:00
ADVANCED MATERIALS INTERFACES,https://www.oaj.com.cn/Journal/advanced-materials-interfaces,,2196-7350,Wiley-VCH,English,USA,,,,OAJ,https://www.oaj.com.cn/simplesearch?field=1,2,2026-05-21T07:21:51+00:00
ADVANCED ELECTRONIC MATERIALS,https://www.oaj.com.cn/Journal/advanced-electronic-materials,,2199-160X,Wiley-VCH,English,USA,Gold OA,Frontier Science Journal,3区,OAJ,https://www.oaj.com.cn/simplesearch?field=1,2,2026-05-21T07:21:51+00:00
ADIPOCYTE,https://www.oaj.com.cn/Journal/adipocyte,,2162-397X,Taylor & Francis,English,United Kingdom,,,,OAJ,https://www.oaj.com.cn/simplesearch?field=1,2,2026-05-21T07:21:51+00:00
Advances in Aerodynamics,https://www.oaj.com.cn/Journal/advances-in-aerodynamics,2097-3462,2524-6992,Springer Nature Singapore,English,Singapore,Gold OA,Frontier Science Journal,,OAJ,https://www.oaj.com.cn/simplesearch?field=1,2,2026-05-21T07:21:51+00:00
Advances in Applied Energy,https://www.oaj.com.cn/Journal/advances-in-applied-energy,2666-7924,2666-7924,Elsevier,English,United Kingdom,Gold OA,,1区,OAJ,https://www.oaj.com.cn/simplesearch?field=1,2,2026-05-21T07:21:51+00:00
AGRICULTURAL AND FOOD ECONOMICS,https://www.oaj.com.cn/Journal/agricultural-and-food-economics,,2193-7532,Springer,English,United Kingdom,Gold OA,Frontier Science Journal,2区,OAJ,https://www.oaj.com.cn/simplesearch?field=1,3,2026-05-21T07:21:51+00:00
AFRICA SPECTRUM,https://www.oaj.com.cn/Journal/africa-spectrum,0002-0397,1868-6869,Sage,English,USA,Gold OA,Frontier Science Journal,,OAJ,https://www.oaj.com.cn/simplesearch?field=1,3,2026-05-21T07:21:51+00:00
ADVANCES IN METHODS AND PRACTICES IN PSYCHOLOGICAL SCIENCE,https://www.oaj.com.cn/Journal/advances-in-methods-and-practices-in-psychological-science,2515-2459,2515-2467,Sage,English,USA,Gold OA,Frontier Science Journal,1区,OAJ,https://www.oaj.com.cn/simplesearch?field=1,3,2026-05-21T07:21:51+00:00
AERA OPEN,https://www.oaj.com.cn/Journal/aera-open,2332-8584,2332-8584,Sage,English,USA,Gold OA,Frontier Science Journal,2区,OAJ,https://www.oaj.com.cn/simplesearch?field=1,3,2026-05-21T07:21:51+00:00
ADVANCES IN NUTRITION,https://www.oaj.com.cn/Journal/advances-in-nutrition,2161-8313,2156-5376,Elsevier,English,United Kingdom,Gold OA,Frontier Science Journal,2区,OAJ,https://www.oaj.com.cn/simplesearch?field=1,3,2026-05-21T07:21:51+00:00
ALLERGOLOGY INTERNATIONAL,https://www.oaj.com.cn/Journal/allergology-international,1323-8930,1440-1592,Elsevier,English,Japan,Gold OA,Frontier Science Journal,2区,OAJ,https://www.oaj.com.cn/simplesearch?field=1,3,2026-05-21T07:21:51+00:00
AGRICULTURAL WATER MANAGEMENT,https://www.oaj.com.cn/Journal/agricultural-water-management,0378-3774,1873-2283,Elsevier,English,Netherlands,Gold OA,Frontier Science Journal,1区,OAJ,https://www.oaj.com.cn/simplesearch?field=1,3,2026-05-21T07:21:51+00:00
AIN SHAMS ENGINEERING JOURNAL,https://www.oaj.com.cn/Journal/ain-shams-engineering-journal,2090-4479,2090-4495,Elsevier,English,Netherlands,Gold OA,Frontier Science Journal,2区,OAJ,https://www.oaj.com.cn/simplesearch?field=1,3,2026-05-21T07:21:51+00:00
AGING CELL,https://www.oaj.com.cn/Journal/aging-cell,1474-9718,1474-9726,Wiley,English,USA,Gold OA,Frontier Science Journal,1区,OAJ,https://www.oaj.com.cn/simplesearch?field=1,3,2026-05-21T07:21:51+00:00
AGU ADVANCES,https://www.oaj.com.cn/Journal/agu-advances,,2576-604X,Wiley,English,USA,Gold OA,Frontier Science Journal,1区,OAJ,https://www.oaj.com.cn/simplesearch?field=1,3,2026-05-21T07:21:51+00:00
AMERICAN JOURNAL OF CANCER RESEARCH,https://www.oaj.com.cn/Journal/american-journal-of-cancer-research,2156-6976,,e-Century Publishing Corporation,English,USA,,,,OAJ,https://www.oaj.com.cn/simplesearch?field=1,4,2026-05-21T07:21:51+00:00
ANIMAL BIOTELEMETRY,https://www.oaj.com.cn/Journal/animal-biotelemetry,,2050-3385,BioMed Central,English,United Kingdom,,,,OAJ,https://www.oaj.com.cn/simplesearch?field=1,4,2026-05-21T07:21:51+00:00
ALZHEIMERS RESEARCH & THERAPY,https://www.oaj.com.cn/Journal/alzheimers-research-therapy,,1758-9193,BioMed Central,English,United Kingdom,Gold OA,Frontier Science Journal,1区,OAJ,https://www.oaj.com.cn/simplesearch?field=1,4,2026-05-21T07:21:51+00:00
AMB EXPRESS,https://www.oaj.com.cn/Journal/amb-express,,2191-0855,Springer,English,USA,Gold OA,Frontier Science Journal,2区,OAJ,https://www.oaj.com.cn/simplesearch?field=1,4,2026-05-21T07:21:51+00:00
ANIMAL COGNITION,https://www.oaj.com.cn/Journal/animal-cognition,,1435-9456,Springer,English,Germany,Gold OA,Frontier Science Journal,2区,OAJ,https://www.oaj.com.cn/simplesearch?field=1,4,2026-05-21T07:21:51+00:00
ALTEX-ALTERNATIVES TO ANIMAL EXPERIMENTATION,https://www.oaj.com.cn/Journal/altex-alternatives-to-animal-experimentation,,1868-8551,Springer Spektrum,Multi-Language,Germany,,,2区,OAJ,https://www.oaj.com.cn/simplesearch?field=1,4,2026-05-21T07:21:51+00:00
ANIMAL,https://www.oaj.com.cn/Journal/animal,1751-7311,1751-732X,Elsevier,English,Netherlands,Gold OA,Frontier Science Journal,1区,OAJ,https://www.oaj.com.cn/simplesearch?field=1,4,2026-05-21T07:21:51+00:00
ALZHEIMER'S & DEMENTIA,https://www.oaj.com.cn/Journal/alzheimer-s-dementia,1552-5260,1552-5279,Wiley,English,USA,Gold OA,Frontier Science Journal,1区,OAJ,https://www.oaj.com.cn/simplesearch?field=1,4,2026-05-21T07:21:51+00:00
ANIMAL BIOTECHNOLOGY,https://www.oaj.com.cn/Journal/animal-biotechnology,,1532-2378,Taylor & Francis,English,United Kingdom,,,,OAJ,https://www.oaj.com.cn/simplesearch?field=1,4,2026-05-21T07:21:51+00:00
Anesthesiology and Perioperative Science,https://www.oaj.com.cn/Journal/anesthesiology-and-perioperative-science,,2731-8389,Springer Nature Singapore,English,Singapore,Gold OA,Frontier Science Journal,,OAJ,https://www.oaj.com.cn/simplesearch?field=1,4,2026-05-21T07:21:51+00:00
ANIMAL NUTRITION,https://www.oaj.com.cn/Journal/animal-nutrition,2405-6545,2405-6383,"KeAi Communications Co., Ltd.",English,China,金色OA,Frontier Science Journal,1区,OAJ,https://www.oaj.com.cn/simplesearch?field=1,5,2026-05-21T07:21:51+00:00
ANNALS OF FOREST SCIENCE,https://www.oaj.com.cn/Journal/annals-of-forest-science,,1297-966X,BioMed Central,Multi-Language,FRANCE,,,,OAJ,https://www.oaj.com.cn/simplesearch?field=1,5,2026-05-21T07:21:51+00:00
APPLIED MICROBIOLOGY AND BIOTECHNOLOGY,https://www.oaj.com.cn/Journal/applied-microbiology-and-biotechnology,,1432-0614,Springer,English,USA,,,,OAJ,https://www.oaj.com.cn/simplesearch?field=1,5,2026-05-21T07:21:51+00:00
ANNALS OF CLINICAL MICROBIOLOGY AND ANTIMICROBIALS,https://www.oaj.com.cn/Journal/annals-of-clinical-microbiology-and-antimicrobials,,1476-0711,BioMed Central,English,United Kingdom,Gold OA,Frontier Science Journal,2区,OAJ,https://www.oaj.com.cn/simplesearch?field=1,5,2026-05-21T07:21:51+00:00
ANTIMICROBIAL RESISTANCE AND INFECTION CONTROL,https://www.oaj.com.cn/Journal/antimicrobial-resistance-and-infection-control,,2047-2994,BioMed Central,English,United Kingdom,Gold OA,Frontier Science Journal,2区,OAJ,https://www.oaj.com.cn/simplesearch?field=1,5,2026-05-21T07:21:51+00:00
ANNALS OF INTENSIVE CARE,https://www.oaj.com.cn/Journal/annals-of-intensive-care,,2110-5820,Elsevier,English,USA,Gold OA,Frontier Science Journal,1区,OAJ,https://www.oaj.com.cn/simplesearch?field=1,5,2026-05-21T07:21:51+00:00
ANIMAL WELFARE,https://www.oaj.com.cn/Journal/animal-welfare,,2054-1538,Cambridge University Press,English,United Kingdom,,,,OAJ,https://www.oaj.com.cn/simplesearch?field=1,5,2026-05-21T07:21:51+00:00
ANNALS OF CLINICAL AND TRANSLATIONAL NEUROLOGY,https://www.oaj.com.cn/Journal/annals-of-clinical-and-translational-neurology,,2328-9503,Wiley,English,USA,Gold OA,Frontier Science Journal,2区,OAJ,https://www.oaj.com.cn/simplesearch?field=1,5,2026-05-21T07:21:51+00:00
Applied and Environmental Microbiology,https://www.oaj.com.cn/Journal/applied-and-environmental-microbiology,0099-2240,1098-5336,American Society for Microbiology,English,USA,,,,OAJ,https://www.oaj.com.cn/simplesearch?field=1,5,2026-05-21T07:21:51+00:00
Antimicrobial Agents and Chemotherapy,https://www.oaj.com.cn/Journal/antimicrobial-agents-and-chemotherapy,0066-4804,1098-6596,American Society for Microbiology,English,USA,,,2区,OAJ,https://www.oaj.com.cn/simplesearch?field=1,5,2026-05-21T07:21:51+00:00
ARCHIVES OF PUBLIC HEALTH,https://www.oaj.com.cn/Journal/archives-of-public-health,,2049-3258,BioMed Central,English,United Kingdom,Gold OA,Frontier Science Journal,2区,OAJ,https://www.oaj.com.cn/simplesearch?field=1,6,2026-05-21T07:21:51+00:00
ARTHRITIS RESEARCH & THERAPY,https://www.oaj.com.cn/Journal/arthritis-research-therapy,,1478-6362,BioMed Central,English,United Kingdom,Gold OA,Frontier Science Journal,2区,OAJ,https://www.oaj.com.cn/simplesearch?field=1,6,2026-05-21T07:21:51+00:00
ARTIFICIAL INTELLIGENCE REVIEW,https://www.oaj.com.cn/Journal/artificial-intelligence-review,0269-2821,1573-7462,Springer,English,Netherlands,Gold OA,Frontier Science Journal,1区,OAJ,https://www.oaj.com.cn/simplesearch?field=1,6,2026-05-21T07:21:51+00:00
APPLIED PSYCHOLINGUISTICS,https://www.oaj.com.cn/Journal/applied-psycholinguistics,0142-7164,1469-1817,Cambridge University Press,English,USA,Gold OA,Frontier Science Journal,2区,OAJ,https://www.oaj.com.cn/simplesearch?field=1,6,2026-05-21T07:21:51+00:00
AQUACULTURE REPORTS,https://www.oaj.com.cn/Journal/aquaculture-reports,2352-5134,2352-5134,Elsevier,English,Netherlands,Gold OA,Frontier Science Journal,2区,OAJ,https://www.oaj.com.cn/simplesearch?field=1,6,2026-05-21T07:21:51+00:00
ASIA & THE PACIFIC POLICY STUDIES,https://www.oaj.com.cn/Journal/asia-the-pacific-policy-studies,,2050-2680,Wiley,English,USA,Gold OA,Frontier Science Journal,,OAJ,https://www.oaj.com.cn/simplesearch?field=1,6,2026-05-21T07:21:51+00:00
AQUACULTURE NUTRITION,https://www.oaj.com.cn/Journal/aquaculture-nutrition,1353-5773,1365-2095,Wiley,English,United Kingdom,Gold OA,Frontier Science Journal,2区,OAJ,https://www.oaj.com.cn/simplesearch?field=1,6,2026-05-21T07:21:51+00:00
"ARTIFICIAL CELLS, NANOMEDICINE, AND BIOTECHNOLOGY",https://www.oaj.com.cn/Journal/artificial-cells-nanomedicine-and-biotechnology,,2169-141X,Taylor & Francis,English,United Kingdom,,,2区,OAJ,https://www.oaj.com.cn/simplesearch?field=1,6,2026-05-21T07:21:51+00:00
Artificial Intelligence in Agriculture,https://www.oaj.com.cn/Journal/artificial-intelligence-in-agriculture,2097-2113,2589-7217,"KeAi Communications Co., Ltd.",English,,,,1区,OAJ,https://www.oaj.com.cn/simplesearch?field=1,6,2026-05-21T07:21:51+00:00
Asia-Pacific Journal of Ophthalmology,https://www.oaj.com.cn/Journal/asia-pacific-journal-of-ophthalmology,2162-0989,2162-0989,Elsevier,English,,Gold OA,Frontier Science Journal,2区,OAJ,https://www.oaj.com.cn/simplesearch?field=1,6,2026-05-21T07:21:51+00:00
AVIAN RESEARCH,https://www.oaj.com.cn/Journal/avian-research,2055-6187,2053-7166,"KeAi Communications Co., Ltd.",English,China,金色OA,Frontier Science Journal,1区,OAJ,https://www.oaj.com.cn/simplesearch?field=1,7,2026-05-21T07:21:51+00:00
BEHAVIORAL AND BRAIN FUNCTIONS,https://www.oaj.com.cn/Journal/behavioral-and-brain-functions,,1744-9081,BioMed Central,English,United Kingdom,Gold OA,Frontier Science Journal,2区,OAJ,https://www.oaj.com.cn/simplesearch?field=1,7,2026-05-21T07:21:51+00:00
BILINGUALISM-LANGUAGE AND COGNITION,https://www.oaj.com.cn/Journal/bilingualism-language-and-cognition,1366-7289,1469-1841,Cambridge University Press,English,USA,Gold OA,Frontier Science Journal,2区,OAJ,https://www.oaj.com.cn/simplesearch?field=1,7,2026-05-21T07:21:51+00:00
BIG DATA & SOCIETY,https://www.oaj.com.cn/Journal/big-data-society,2053-9517,2053-9517,Sage,English,USA,Gold OA,Frontier Science Journal,1区,OAJ,https://www.oaj.com.cn/simplesearch?field=1,7,2026-05-21T07:21:51+00:00
BASIC AND APPLIED ECOLOGY,https://www.oaj.com.cn/Journal/basic-and-applied-ecology,1439-1791,1618-0089,Elsevier,English,Germany,Gold OA,Frontier Science Journal,2区,OAJ,https://www.oaj.com.cn/simplesearch?field=1,7,2026-05-21T07:21:51+00:00
Astronomical Techniques and Instruments,https://www.oaj.com.cn/Journal/astronomical-techniques-and-instruments,2097-3675,,Editorial Office of Astronomical Techniques and Instruments,English,China,Diamond/Platinum OA,Frontier Science Journal,,OAJ,https://www.oaj.com.cn/simplesearch?field=1,7,2026-05-21T07:21:51+00:00
Big Data Mining and Analytics,https://www.oaj.com.cn/Journal/big-data-mining-and-analytics,2096-0654,2097-406X,Tsinghua University Press,English,China,钻石OA,Frontier Science Journal,,OAJ,https://www.oaj.com.cn/simplesearch?field=1,7,2026-05-21T07:21:51+00:00
AUSTRALIAN JOURNAL OF GRAPE AND WINE RESEARCH,https://www.oaj.com.cn/Journal/australian-journal-of-grape-and-wine-research,1322-7130,1755-0238,Wiley,English,USA,Gold OA,Frontier Science Journal,,OAJ,https://www.oaj.com.cn/simplesearch?field=1,7,2026-05-21T07:21:51+00:00
ATMOSPHERIC SCIENCE LETTERS,https://www.oaj.com.cn/Journal/atmospheric-science-letters,,1530-261X,Wiley,English,USA,Gold OA,Frontier Science Journal,4区,OAJ,https://www.oaj.com.cn/simplesearch?field=1,7,2026-05-21T07:21:51+00:00
Atmospheric Environment: X,https://www.oaj.com.cn/Journal/atmospheric-environment-x,,2590-1621,Elsevier,English,United Kingdom,Gold OA,Frontier Science Journal,3区,OAJ,https://www.oaj.com.cn/simplesearch?field=1,7,2026-05-21T07:21:51+00:00
BIOACTIVE MATERIALS,https://www.oaj.com.cn/Journal/bioactive-materials,2097-1192,2452-199X,"KeAi Communications Co., Ltd.",English,China,金色OA,Frontier Science Journal,1区,OAJ,https://www.oaj.com.cn/simplesearch?field=1,8,2026-05-21T07:21:51+00:00
BIOLOGY OF SEX DIFFERENCES,https://www.oaj.com.cn/Journal/biology-of-sex-differences,,2042-6410,BioMed Central,English,United Kingdom,Gold OA,Frontier Science Journal,2区,OAJ,https://www.oaj.com.cn/simplesearch?field=1,8,2026-05-21T07:21:51+00:00
BIOLOGY DIRECT,https://www.oaj.com.cn/Journal/biology-direct,,1745-6150,BioMed Central,English,United Kingdom,Gold OA,Frontier Science Journal,2区,OAJ,https://www.oaj.com.cn/simplesearch?field=1,8,2026-05-21T07:21:51+00:00
BIOMARKER RESEARCH,https://www.oaj.com.cn/Journal/biomarker-research,,2050-7771,BioMed Central,English,United Kingdom,Gold OA,Frontier Science Journal,2区,OAJ,https://www.oaj.com.cn/simplesearch?field=1,8,2026-05-21T07:21:51+00:00
BIOLOGICAL RESEARCH,https://www.oaj.com.cn/Journal/biological-research,,0717-6287,BioMed Central,English,Chile,Gold OA,Frontier Science Journal,2区,OAJ,https://www.oaj.com.cn/simplesearch?field=1,8,2026-05-21T07:21:51+00:00
BIOCHAR,https://www.oaj.com.cn/Journal/biochar,,2524-7867,Springer,English,Singapore,Gold OA,Frontier Science Journal,1区,OAJ,https://www.oaj.com.cn/simplesearch?field=1,8,2026-05-21T07:21:51+00:00
BIOGEOCHEMISTRY,https://www.oaj.com.cn/Journal/biogeochemistry,0168-2563,1573-515X,Springer,English,Netherlands,Gold OA,Frontier Science Journal,2区,OAJ,https://www.oaj.com.cn/simplesearch?field=1,8,2026-05-21T07:21:51+00:00
BIOLOGICAL CONTROL,https://www.oaj.com.cn/Journal/biological-control,1049-9644,1090-2112,Elsevier,English,USA,Gold OA,Frontier Science Journal,2区,OAJ,https://www.oaj.com.cn/simplesearch?field=1,8,2026-05-21T07:21:51+00:00
BIOENGINEERING & TRANSLATIONAL MEDICINE,https://www.oaj.com.cn/Journal/bioengineering-translational-medicine,,2380-6761,Wiley,English,USA,Gold OA,Frontier Science Journal,2区,OAJ,https://www.oaj.com.cn/simplesearch?field=1,8,2026-05-21T07:21:51+00:00
Biofilm,https://www.oaj.com.cn/Journal/biofilm,2590-2075,2590-2075,Elsevier,English,Netherlands,Gold OA,,2区,OAJ,https://www.oaj.com.cn/simplesearch?field=1,8,2026-05-21T07:21:51+00:00
BMC CANCER,https://www.oaj.com.cn/Journal/bmc-cancer,,1471-2407,BioMed Central,English,United Kingdom,,,,OAJ,https://www.oaj.com.cn/simplesearch?field=1,9,2026-05-21T07:21:51+00:00
BMC BIOINFORMATICS,https://www.oaj.com.cn/Journal/bmc-bioinformatics,,1471-2105,BioMed Central,English,United Kingdom,,Sound Science Journal,4区,OAJ,https://www.oaj.com.cn/simplesearch?field=1,9,2026-05-21T07:21:51+00:00
BMC BIOLOGY,https://www.oaj.com.cn/Journal/bmc-biology,,1741-7007,BioMed Central,English,United Kingdom,Gold OA,Frontier Science Journal,2区,OAJ,https://www.oaj.com.cn/simplesearch?field=1,9,2026-05-21T07:21:51+00:00
BIOTECHNOLOGY FOR BIOFUELS AND BIOPRODUCTS,https://www.oaj.com.cn/Journal/biotechnology-for-biofuels-and-bioproducts,,2731-3654,BioMed Central,English,United Kingdom,Gold OA,Frontier Science Journal,2区,OAJ,https://www.oaj.com.cn/simplesearch?field=1,9,2026-05-21T07:21:51+00:00
BMC BIOTECHNOLOGY,https://www.oaj.com.cn/Journal/bmc-biotechnology,,1472-6750,BioMed Central,English,United Kingdom,Gold OA,Sound Science Journal,2区,OAJ,https://www.oaj.com.cn/simplesearch?field=1,9,2026-05-21T07:21:51+00:00
BLOOD CANCER JOURNAL,https://www.oaj.com.cn/Journal/blood-cancer-journal,,2044-5385,Springer Nature,English,United Kingdom,Gold OA,Frontier Science Journal,1区,OAJ,https://www.oaj.com.cn/simplesearch?field=1,9,2026-05-21T07:21:51+00:00
BIOMEDICINES,https://www.oaj.com.cn/Journal/biomedicines,,2227-9059,MDPI,English,Switzerland,Gold OA,Sound Science Journal,3区,OAJ,https://www.oaj.com.cn/simplesearch?field=1,9,2026-05-21T07:21:51+00:00
BLOOD ADVANCES,https://www.oaj.com.cn/Journal/blood-advances,2473-9529,2473-9537,Elsevier,English,Netherlands,Gold OA,Frontier Science Journal,1区,OAJ,https://www.oaj.com.cn/simplesearch?field=1,9,2026-05-21T07:21:51+00:00
Biosafety and Health,https://www.oaj.com.cn/Journal/biosafety-and-health,2096-6962,2590-0536,Elsevier,English,Netherlands,Gold OA,,4区,OAJ,https://www.oaj.com.cn/simplesearch?field=1,9,2026-05-21T07:21:51+00:00
Biomimetic Intelligence and Robotics,https://www.oaj.com.cn/Journal/biomimetic-intelligence-and-robotics,2097-0242,2667-3797,Elsevier,English,Netherlands,Gold OA,Frontier Science Journal,4区,OAJ,https://www.oaj.com.cn/simplesearch?field=1,9,2026-05-21T07:21:51+00:00
BMC ECOLOGY AND EVOLUTION,https://www.oaj.com.cn/Journal/bmc-ecology-and-evolution,,2730-7182,BioMed Central,English,United Kingdom,Gold OA,Sound Science Journal,3区,OAJ,https://www.oaj.com.cn/simplesearch?field=1,10,2026-05-21T07:21:51+00:00
BMC COMPLEMENTARY MEDICINE AND THERAPIES,https://www.oaj.com.cn/Journal/bmc-complementary-medicine-and-therapies,,2662-7671,BioMed Central,English,United Kingdom,,,,OAJ,https://www.oaj.com.cn/simplesearch?field=1,10,2026-05-21T07:21:51+00:00
BMC CARDIOVASCULAR DISORDERS,https://www.oaj.com.cn/Journal/bmc-cardiovascular-disorders,,1471-2261,BioMed Central,English,United Kingdom,,,,OAJ,https://www.oaj.com.cn/simplesearch?field=1,10,2026-05-21T07:21:51+00:00
BMC MEDICAL EDUCATION,https://www.oaj.com.cn/Journal/bmc-medical-education,,1472-6920,BioMed Central,English,United Kingdom,,,,OAJ,https://www.oaj.com.cn/simplesearch?field=1,10,2026-05-21T07:21:51+00:00
BMC ENDOCRINE DISORDERS,https://www.oaj.com.cn/Journal/bmc-endocrine-disorders,,1472-6823,BioMed Central,English,United Kingdom,,,,OAJ,https://www.oaj.com.cn/simplesearch?field=1,10,2026-05-21T07:21:51+00:00
BMC GENOMIC DATA,https://www.oaj.com.cn/Journal/bmc-genomic-data,,2730-6844,BioMed Central,English,United Kingdom,,Sound Science Journal,4区,OAJ,https://www.oaj.com.cn/simplesearch?field=1,10,2026-05-21T07:21:51+00:00
BMC MEDICAL ETHICS,https://www.oaj.com.cn/Journal/bmc-medical-ethics,,1472-6939,BioMed Central,English,United Kingdom,Gold OA,Sound Science Journal,1区,OAJ,https://www.oaj.com.cn/simplesearch?field=1,10,2026-05-21T07:21:51+00:00
BMC GERIATRICS,https://www.oaj.com.cn/Journal/bmc-geriatrics,,1471-2318,BioMed Central,English,United Kingdom,Gold OA,Sound Science Journal,2区,OAJ,https://www.oaj.com.cn/simplesearch?field=1,10,2026-05-21T07:21:51+00:00
BMC HEALTH SERVICES RESEARCH,https://www.oaj.com.cn/Journal/bmc-health-services-research,,1472-6963,BioMed Central,English,United Kingdom,Gold OA,Sound Science Journal,2区,OAJ,https://www.oaj.com.cn/simplesearch?field=1,10,2026-05-21T07:21:51+00:00
BMC GENOMICS,https://www.oaj.com.cn/Journal/bmc-genomics,,1471-2164,BioMed Central,English,United Kingdom,Gold OA,Sound Science Journal,2区,OAJ,https://www.oaj.com.cn/simplesearch?field=1,10,2026-05-21T07:21:51+00:00
BMC ORAL HEALTH,https://www.oaj.com.cn/Journal/bmc-oral-health,,1472-6831,BioMed Central,English,United Kingdom,Gold OA,Sound Science Journal,2区,OAJ,https://www.oaj.com.cn/simplesearch?field=1,11,2026-05-21T07:21:51+00:00
BMC PALLIATIVE CARE,https://www.oaj.com.cn/Journal/bmc-palliative-care,,1472-684X,BioMed Central,English,United Kingdom,Gold OA,Sound Science Journal,2区,OAJ,https://www.oaj.com.cn/simplesearch?field=1,11,2026-05-21T07:21:51+00:00
BMC NURSING,https://www.oaj.com.cn/Journal/bmc-nursing,,1472-6955,BioMed Central,English,United Kingdom,Gold OA,Sound Science Journal,2区,OAJ,https://www.oaj.com.cn/simplesearch?field=1,11,2026-05-21T07:21:51+00:00
BMC MICROBIOLOGY,https://www.oaj.com.cn/Journal/bmc-microbiology,,1471-2180,BioMed Central,English,United Kingdom,Gold OA,Sound Science Journal,2区,OAJ,https://www.oaj.com.cn/simplesearch?field=1,11,2026-05-21T07:21:51+00:00
BMC PREGNANCY AND CHILDBIRTH,https://www.oaj.com.cn/Journal/bmc-pregnancy-and-childbirth,,1471-2393,BioMed Central,English,United Kingdom,Gold OA,Sound Science Journal,2区,OAJ,https://www.oaj.com.cn/simplesearch?field=1,11,2026-05-21T07:21:51+00:00
BMC MEDICAL RESEARCH METHODOLOGY,https://www.oaj.com.cn/Journal/bmc-medical-research-methodology,,1471-2288,BioMed Central,English,United Kingdom,Gold OA,Sound Science Journal,2区,OAJ,https://www.oaj.com.cn/simplesearch?field=1,11,2026-05-21T07:21:51+00:00
BMC MEDICINE,https://www.oaj.com.cn/Journal/bmc-medicine,,1741-7015,BioMed Central,English,United Kingdom,Gold OA,Frontier Science Journal,1区,OAJ,https://www.oaj.com.cn/simplesearch?field=1,11,2026-05-21T07:21:51+00:00
BMC PUBLIC HEALTH,https://www.oaj.com.cn/Journal/bmc-public-health,,1471-2458,BioMed Central,English,United Kingdom,Gold OA,Sound Science Journal,2区,OAJ,https://www.oaj.com.cn/simplesearch?field=1,11,2026-05-21T07:21:51+00:00
BMC PSYCHIATRY,https://www.oaj.com.cn/Journal/bmc-psychiatry,,1471-244X,BioMed Central,English,United Kingdom,Gold OA,Sound Science Journal,2区,OAJ,https://www.oaj.com.cn/simplesearch?field=1,11,2026-05-21T07:21:51+00:00
BMC PEDIATRICS,https://www.oaj.com.cn/Journal/bmc-pediatrics,,1471-2431,BioMed Central,English,United Kingdom,Gold OA,Sound Science Journal,3区,OAJ,https://www.oaj.com.cn/simplesearch?field=1,11,2026-05-21T07:21:51+00:00
BMC VETERINARY RESEARCH,https://www.oaj.com.cn/Journal/bmc-veterinary-research,,1746-6148,BioMed Central,English,United Kingdom,Gold OA,Sound Science Journal,2区,OAJ,https://www.oaj.com.cn/simplesearch?field=1,12,2026-05-21T07:21:51+00:00
BORDERLINE PERSONALITY DISORDER AND EMOTION DYSREGULATION,https://www.oaj.com.cn/Journal/borderline-personality-disorder-and-emotion-dysregulation,,2051-6673,BioMed Central,English,United Kingdom,Gold OA,Frontier Science Journal,2区,OAJ,https://www.oaj.com.cn/simplesearch?field=1,12,2026-05-21T07:21:51+00:00
BREAST CANCER RESEARCH,https://www.oaj.com.cn/Journal/breast-cancer-research,,1465-542X,BioMed Central,English,United Kingdom,Gold OA,Frontier Science Journal,2区,OAJ,https://www.oaj.com.cn/simplesearch?field=1,12,2026-05-21T07:21:51+00:00
BOTANICAL STUDIES,https://www.oaj.com.cn/Journal/botanical-studies,,1999-3110,Springer,Multi-Language,USA,Gold OA,Frontier Science Journal,2区,OAJ,https://www.oaj.com.cn/simplesearch?field=1,12,2026-05-21T07:21:51+00:00
BONE RESEARCH,https://www.oaj.com.cn/Journal/bone-research,,2095-6231,Springer Nature,English,United Kingdom,Gold OA,Frontier Science Journal,1区,OAJ,https://www.oaj.com.cn/simplesearch?field=1,12,2026-05-21T07:21:51+00:00
BRAIN STIMULATION,https://www.oaj.com.cn/Journal/brain-stimulation,1935-861X,1876-4754,Elsevier,English,USA,Gold OA,Frontier Science Journal,1区,OAJ,https://www.oaj.com.cn/simplesearch?field=1,12,2026-05-21T07:21:51+00:00
BORSA ISTANBUL REVIEW,https://www.oaj.com.cn/Journal/borsa-istanbul-review,2214-8450,2214-8469,Elsevier,English,Netherlands,Gold OA,Frontier Science Journal,2区,OAJ,https://www.oaj.com.cn/simplesearch?field=1,12,2026-05-21T07:21:51+00:00
BOREAS,https://www.oaj.com.cn/Journal/boreas,0300-9483,1502-3885,Wiley,English,USA,,,,OAJ,https://www.oaj.com.cn/simplesearch?field=1,12,2026-05-21T07:21:51+00:00
BRAIN PATHOLOGY,https://www.oaj.com.cn/Journal/brain-pathology,1015-6305,1750-3639,Wiley,English,USA,Gold OA,Frontier Science Journal,2区,OAJ,https://www.oaj.com.cn/simplesearch?field=1,12,2026-05-21T07:21:51+00:00
Brain Informatics,https://www.oaj.com.cn/Journal/brain-informatics,2198-4018,2198-4026,Springer Berlin Heidelberg,English,Germany,Gold OA,Frontier Science Journal,,OAJ,https://www.oaj.com.cn/simplesearch?field=1,12,2026-05-21T07:21:51+00:00
CANCER CELL INTERNATIONAL,https://www.oaj.com.cn/Journal/cancer-cell-international,,1475-2867,BioMed Central,English,United Kingdom,,,,OAJ,https://www.oaj.com.cn/simplesearch?field=1,13,2026-05-21T07:21:51+00:00
CANCER IMAGING,https://www.oaj.com.cn/Journal/cancer-imaging,,1470-7330,BioMed Central,English,United Kingdom,Gold OA,Frontier Science Journal,2区,OAJ,https://www.oaj.com.cn/simplesearch?field=1,13,2026-05-21T07:21:51+00:00
CANCER & METABOLISM,https://www.oaj.com.cn/Journal/cancer-metabolism,,2049-3002,BioMed Central,English,United Kingdom,Gold OA,Frontier Science Journal,2区,OAJ,https://www.oaj.com.cn/simplesearch?field=1,13,2026-05-21T07:21:51+00:00
CAMBRIDGE OPERA JOURNAL,https://www.oaj.com.cn/Journal/cambridge-opera-journal,,1474-0621,Cambridge University Press,English,United Kingdom,,,,OAJ,https://www.oaj.com.cn/simplesearch?field=1,13,2026-05-21T07:21:51+00:00
BRITISH JOURNAL OF POLITICAL SCIENCE,https://www.oaj.com.cn/Journal/british-journal-of-political-science,0007-1234,1469-2112,Cambridge University Press,English,USA,Gold OA,Frontier Science Journal,1区,OAJ,https://www.oaj.com.cn/simplesearch?field=1,13,2026-05-21T07:21:51+00:00
BRQ-BUSINESS RESEARCH QUARTERLY,https://www.oaj.com.cn/Journal/brq-business-research-quarterly,2340-9444,2340-9444,Sage,English,USA,Gold OA,Frontier Science Journal,,OAJ,https://www.oaj.com.cn/simplesearch?field=1,13,2026-05-21T07:21:51+00:00
CAAI TRANSACTIONS ON INTELLIGENCE TECHNOLOGY,https://www.oaj.com.cn/Journal/caai-transactions-on-intelligence-technology,2468-6557,2468-2322,Wiley,English,USA,Gold OA,Frontier Science Journal,1区,OAJ,https://www.oaj.com.cn/simplesearch?field=1,13,2026-05-21T07:21:51+00:00
CA-A CANCER JOURNAL FOR CLINICIANS,https://www.oaj.com.cn/Journal/ca-a-cancer-journal-for-clinicians,0007-9235,1542-4863,Wiley,English,USA,Gold OA,Frontier Science Journal,1区,OAJ,https://www.oaj.com.cn/simplesearch?field=1,13,2026-05-21T07:21:51+00:00
CANCER COMMUNICATIONS,https://www.oaj.com.cn/Journal/cancer-communications,,2523-3548,Wiley,English,USA,Gold OA,Frontier Science Journal,1区,OAJ,https://www.oaj.com.cn/simplesearch?field=1,13,2026-05-21T07:21:51+00:00
CANCER BIOLOGY & THERAPY,https://www.oaj.com.cn/Journal/cancer-biology-therapy,,1555-8576,Taylor & Francis,English,United Kingdom,,,2区,OAJ,https://www.oaj.com.cn/simplesearch?field=1,13,2026-05-21T07:21:51+00:00
CELL AND BIOSCIENCE,https://www.oaj.com.cn/Journal/cell-and-bioscience,,2045-3701,BioMed Central,English,United Kingdom,Gold OA,Frontier Science Journal,2区,OAJ,https://www.oaj.com.cn/simplesearch?field=1,14,2026-05-21T07:21:51+00:00
CARDIOVASCULAR DIABETOLOGY,https://www.oaj.com.cn/Journal/cardiovascular-diabetology,,1475-2840,BioMed Central,English,United Kingdom,Gold OA,Frontier Science Journal,1区,OAJ,https://www.oaj.com.cn/simplesearch?field=1,14,2026-05-21T07:21:51+00:00
CARBON BALANCE AND MANAGEMENT,https://www.oaj.com.cn/Journal/carbon-balance-and-management,,1750-0680,BioMed Central,English,United Kingdom,Gold OA,Frontier Science Journal,2区,OAJ,https://www.oaj.com.cn/simplesearch?field=1,14,2026-05-21T07:21:51+00:00
CANCER NANOTECHNOLOGY,https://www.oaj.com.cn/Journal/cancer-nanotechnology,1868-6958,1868-6966,BioMed Central,English,United Kingdom,Gold OA,Frontier Science Journal,3区,OAJ,https://www.oaj.com.cn/simplesearch?field=1,14,2026-05-21T07:21:51+00:00
CANCER IMMUNOLOGY IMMUNOTHERAPY,https://www.oaj.com.cn/Journal/cancer-immunology-immunotherapy,,1432-0851,Springer,English,USA,Gold OA,Frontier Science Journal,3区,OAJ,https://www.oaj.com.cn/simplesearch?field=1,14,2026-05-21T07:21:51+00:00
CARBON ENERGY,https://www.oaj.com.cn/Journal/carbon-energy,2096-9570,2637-9368,Wiley,English,USA,Gold OA,Frontier Science Journal,1区,OAJ,https://www.oaj.com.cn/simplesearch?field=1,14,2026-05-21T07:21:51+00:00
CANCER SCIENCE,https://www.oaj.com.cn/Journal/cancer-science,1347-9032,1349-7006,Wiley,English,USA,Gold OA,Frontier Science Journal,2区,OAJ,https://www.oaj.com.cn/simplesearch?field=1,14,2026-05-21T07:21:51+00:00
CARBON MANAGEMENT,https://www.oaj.com.cn/Journal/carbon-management,,1758-3012,Taylor & Francis,English,United Kingdom,,,,OAJ,https://www.oaj.com.cn/simplesearch?field=1,14,2026-05-21T07:21:51+00:00
Carbon Neutrality,https://www.oaj.com.cn/Journal/carbon-neutrality,2788-8614,2731-3948,Springer Nature Singapore,English,Singapore,Gold OA,Frontier Science Journal,,OAJ,https://www.oaj.com.cn/simplesearch?field=1,14,2026-05-21T07:21:51+00:00
CAPILLARITY,https://www.oaj.com.cn/Journal/capillarity,2709-2119,2652-3310,Yandy Scientific Press,English,"Hong Kong, China",Gold OA,Frontier Science Journal,,OAJ,https://www.oaj.com.cn/simplesearch?field=1,14,2026-05-21T07:21:51+00:00
CELL BIOLOGY AND TOXICOLOGY,https://www.oaj.com.cn/Journal/cell-biology-and-toxicology,,1573-6822,Springer,English,NETHERLANDS,,,,OAJ,https://www.oaj.com.cn/simplesearch?field=1,15,2026-05-21T07:21:51+00:00
CELL COMMUNICATION AND SIGNALING,https://www.oaj.com.cn/Journal/cell-communication-and-signaling,,1478-811X,BioMed Central,English,United Kingdom,Gold OA,Frontier Science Journal,2区,OAJ,https://www.oaj.com.cn/simplesearch?field=1,15,2026-05-21T07:21:51+00:00
CELL DEATH DISCOVERY,https://www.oaj.com.cn/Journal/cell-death-discovery,,2058-7716,Springer Nature,English,United Kingdom,Gold OA,Frontier Science Journal,2区,OAJ,https://www.oaj.com.cn/simplesearch?field=1,15,2026-05-21T07:21:51+00:00
CELL DEATH & DISEASE,https://www.oaj.com.cn/Journal/cell-death-disease,,2041-4889,Springer Nature,English,United Kingdom,Gold OA,Frontier Science Journal,1区,OAJ,https://www.oaj.com.cn/simplesearch?field=1,15,2026-05-21T07:21:51+00:00
CELL DISCOVERY,https://www.oaj.com.cn/Journal/cell-discovery,,2056-5968,Springer Nature,English,United Kingdom,Gold OA,Frontier Science Journal,1区,OAJ,https://www.oaj.com.cn/simplesearch?field=1,15,2026-05-21T07:21:51+00:00
CELL REPORTS,https://www.oaj.com.cn/Journal/cell-reports,2211-1247,2211-1247,Elsevier,English,United Kingdom,Gold OA,Frontier Science Journal,1区,OAJ,https://www.oaj.com.cn/simplesearch?field=1,15,2026-05-21T07:21:51+00:00
CELL REPORTS PHYSICAL SCIENCE,https://www.oaj.com.cn/Journal/cell-reports-physical-science,,2666-3864,Elsevier,English,Netherlands,Gold OA,Frontier Science Journal,2区,OAJ,https://www.oaj.com.cn/simplesearch?field=1,15,2026-05-21T07:21:51+00:00
CELL REPORTS MEDICINE,https://www.oaj.com.cn/Journal/cell-reports-medicine,2666-3791,2666-3791,Elsevier,English,Netherlands,Gold OA,Frontier Science Journal,1区,OAJ,https://www.oaj.com.cn/simplesearch?field=1,15,2026-05-21T07:21:51+00:00
CELL PROLIFERATION,https://www.oaj.com.cn/Journal/cell-proliferation,0960-7722,1365-2184,Wiley,English,USA,Gold OA,Frontier Science Journal,1区,OAJ,https://www.oaj.com.cn/simplesearch?field=1,15,2026-05-21T07:21:51+00:00
Cell Genomics,https://www.oaj.com.cn/Journal/cell-genomics,2666-979X,2666-979X,Elsevier,English,USA,Gold OA,,1区,OAJ,https://www.oaj.com.cn/simplesearch?field=1,15,2026-05-21T07:21:51+00:00
CHILD AND ADOLESCENT PSYCHIATRY AND MENTAL HEALTH,https://www.oaj.com.cn/Journal/child-and-adolescent-psychiatry-and-mental-health,,1753-2000,BioMed Central,English,United Kingdom,Gold OA,Frontier Science Journal,2区,OAJ,https://www.oaj.com.cn/simplesearch?field=1,16,2026-05-21T07:21:51+00:00
CELLULAR & MOLECULAR BIOLOGY LETTERS,https://www.oaj.com.cn/Journal/cellular-molecular-biology-letters,1425-8153,1689-1392,BioMed Central,English,United Kingdom,Gold OA,Frontier Science Journal,1区,OAJ,https://www.oaj.com.cn/simplesearch?field=1,16,2026-05-21T07:21:51+00:00
CHINESE JOURNAL OF MECHANICAL ENGINEERING,https://www.oaj.com.cn/Journal/chinese-journal-of-mechanical-engineering,,2192-8258,Springer,English,USA,Gold OA,Frontier Science Journal,3区,OAJ,https://www.oaj.com.cn/simplesearch?field=1,16,2026-05-21T07:21:51+00:00
CHEMICAL AND BIOLOGICAL TECHNOLOGIES IN AGRICULTURE,https://www.oaj.com.cn/Journal/chemical-and-biological-technologies-in-agriculture,,2196-5641,Springer,English,USA,Gold OA,Frontier Science Journal,2区,OAJ,https://www.oaj.com.cn/simplesearch?field=1,16,2026-05-21T07:21:51+00:00
CELLULAR AND MOLECULAR LIFE SCIENCES,https://www.oaj.com.cn/Journal/cellular-and-molecular-life-sciences,1420-682X,1420-9071,Springer,English,Switzerland,Gold OA,Frontier Science Journal,2区,OAJ,https://www.oaj.com.cn/simplesearch?field=1,16,2026-05-21T07:21:51+00:00
CEPHALALGIA,https://www.oaj.com.cn/Journal/cephalalgia,,1468-2982,Sage,English,United Kingdom,,,,OAJ,https://www.oaj.com.cn/simplesearch?field=1,16,2026-05-21T07:21:51+00:00
CELLULAR AND MOLECULAR GASTROENTEROLOGY AND HEPATOLOGY,https://www.oaj.com.cn/Journal/cellular-and-molecular-gastroenterology-and-hepatology,2352-345X,2352-345X,Elsevier,English,USA,Gold OA,Frontier Science Journal,1区,OAJ,https://www.oaj.com.cn/simplesearch?field=1,16,2026-05-21T07:21:51+00:00
CHINESE JOURNAL OF AERONAUTICS,https://www.oaj.com.cn/Journal/chinese-journal-of-aeronautics,1000-9361,2588-9230,Elsevier,English,USA,Gold OA,Frontier Science Journal,1区,OAJ,https://www.oaj.com.cn/simplesearch?field=1,16,2026-05-21T07:21:51+00:00
CHEMICAL SCIENCE,https://www.oaj.com.cn/Journal/chemical-science,2041-6539,2041-6539,Royal Society of Chemistry,English,United Kingdom,Diamond/Platinum OA,Frontier Science Journal,1区,OAJ,https://www.oaj.com.cn/simplesearch?field=1,16,2026-05-21T07:21:51+00:00
ChemPhysMater（化学物理材料（英文））,https://www.oaj.com.cn/Journal/chemphysmater-%E5%8C%96%E5%AD%A6%E7%89%A9%E7%90%86%E6%9D%90%E6%96%99-%E8%8B%B1%E6%96%87,2097-0323,2772-5715,山东大学出版社有限公司,英文,China,金色OA,Frontier Science Journal,,OAJ,https://www.oaj.com.cn/simplesearch?field=1,16,2026-05-21T07:21:51+00:00
CLINICAL AND TRANSLATIONAL RADIATION ONCOLOGY,https://www.oaj.com.cn/Journal/clinical-and-translational-radiation-oncology,,2405-6308,Elsevier,English,Ireland,Gold OA,Frontier Science Journal,3区,OAJ,https://www.oaj.com.cn/simplesearch?field=1,17,2026-05-21T07:21:51+00:00
CLIMATE SERVICES,https://www.oaj.com.cn/Journal/climate-services,,2405-8807,Elsevier,English,Netherlands,Gold OA,Frontier Science Journal,2区,OAJ,https://www.oaj.com.cn/simplesearch?field=1,17,2026-05-21T07:21:51+00:00
CLIMATE RISK MANAGEMENT,https://www.oaj.com.cn/Journal/climate-risk-management,2212-0963,2212-0963,Elsevier,English,Netherlands,Gold OA,Frontier Science Journal,1区,OAJ,https://www.oaj.com.cn/simplesearch?field=1,17,2026-05-21T07:21:51+00:00
CIRCULAR ECONOMY,https://www.oaj.com.cn/Journal/circular-economy,2773-1685,2773-1677,Tsinghua University Press,英文,China,金色OA,Frontier Science Journal,,OAJ,https://www.oaj.com.cn/simplesearch?field=1,17,2026-05-21T07:21:51+00:00
CLINICAL & TRANSLATIONAL IMMUNOLOGY,https://www.oaj.com.cn/Journal/clinical-translational-immunology,,2050-0068,Wiley,English,USA,Gold OA,Frontier Science Journal,3区,OAJ,https://www.oaj.com.cn/simplesearch?field=1,17,2026-05-21T07:21:51+00:00
CLINICAL AND TRANSLATIONAL ALLERGY,https://www.oaj.com.cn/Journal/clinical-and-translational-allergy,,2045-7022,Wiley,English,USA,Gold OA,Frontier Science Journal,2区,OAJ,https://www.oaj.com.cn/simplesearch?field=1,17,2026-05-21T07:21:51+00:00
CLINICAL AND TRANSLATIONAL MEDICINE,https://www.oaj.com.cn/Journal/clinical-and-translational-medicine,,2001-1326,Wiley,English,United Kingdom,Gold OA,Frontier Science Journal,2区,OAJ,https://www.oaj.com.cn/simplesearch?field=1,17,2026-05-21T07:21:51+00:00
CLINICAL EPIDEMIOLOGY,https://www.oaj.com.cn/Journal/clinical-epidemiology,,1179-1349,Taylor & Francis,English,United Kingdom,,,3区,OAJ,https://www.oaj.com.cn/simplesearch?field=1,17,2026-05-21T07:21:51+00:00
Cleaner Engineering and Technology,https://www.oaj.com.cn/Journal/cleaner-engineering-and-technology,2666-7908,2666-7908,Elsevier,English,United Kingdom,Gold OA,Frontier Science Journal,3区,OAJ,https://www.oaj.com.cn/simplesearch?field=1,17,2026-05-21T07:21:51+00:00
Chronic Diseases and Translational medicine,https://www.oaj.com.cn/Journal/chronic-diseases-and-translational-medicine,2095-882X,2589-0514,《中华医学杂志》社有限责任公司,English,China,钻石OA,Frontier Science Journal,,OAJ,https://www.oaj.com.cn/simplesearch?field=1,17,2026-05-21T07:21:51+00:00
CLINICAL PROTEOMICS,https://www.oaj.com.cn/Journal/clinical-proteomics,,1559-0275,BioMed Central,English,United Kingdom,,,,OAJ,https://www.oaj.com.cn/simplesearch?field=1,18,2026-05-21T07:21:51+00:00
CLINICAL EPIGENETICS,https://www.oaj.com.cn/Journal/clinical-epigenetics,1868-7075,1868-7083,BioMed Central,English,United Kingdom,Gold OA,Frontier Science Journal,2区,OAJ,https://www.oaj.com.cn/simplesearch?field=1,18,2026-05-21T07:21:51+00:00
COMMUNICATIONS EARTH & ENVIRONMENT,https://www.oaj.com.cn/Journal/communications-earth-environment,,2662-4435,Nature Portfolio,English,United Kingdom,Gold OA,Frontier Science Journal,1区,OAJ,https://www.oaj.com.cn/simplesearch?field=1,18,2026-05-21T07:21:51+00:00
COMMUNICATIONS BIOLOGY,https://www.oaj.com.cn/Journal/communications-biology,,2399-3642,Nature Portfolio,English,Germany,Gold OA,Frontier Science Journal,1区,OAJ,https://www.oaj.com.cn/simplesearch?field=1,18,2026-05-21T07:21:51+00:00
COMMUNICATIONS CHEMISTRY,https://www.oaj.com.cn/Journal/communications-chemistry,,2399-3669,Nature Portfolio,English,Germany,Gold OA,Frontier Science Journal,1区,OAJ,https://www.oaj.com.cn/simplesearch?field=1,18,2026-05-21T07:21:51+00:00
COGNITIVE RESEARCH-PRINCIPLES AND IMPLICATIONS,https://www.oaj.com.cn/Journal/cognitive-research-principles-and-implications,,2365-7464,Springer,English,USA,Gold OA,Frontier Science Journal,2区,OAJ,https://www.oaj.com.cn/simplesearch?field=1,18,2026-05-21T07:21:51+00:00
COLLOID AND INTERFACE SCIENCE COMMUNICATIONS,https://www.oaj.com.cn/Journal/colloid-and-interface-science-communications,,2215-0382,Elsevier,English,NETHERLANDS,,,,OAJ,https://www.oaj.com.cn/simplesearch?field=1,18,2026-05-21T07:21:51+00:00
CNS NEUROSCIENCE & THERAPEUTICS,https://www.oaj.com.cn/Journal/cns-neuroscience-therapeutics,1755-5930,1755-5949,Wiley,English,USA,Gold OA,Frontier Science Journal,2区,OAJ,https://www.oaj.com.cn/simplesearch?field=1,18,2026-05-21T07:21:51+00:00
CLINICAL INTERVENTIONS IN AGING,https://www.oaj.com.cn/Journal/clinical-interventions-in-aging,,1178-1998,Taylor & Francis,English,United Kingdom,,,2区,OAJ,https://www.oaj.com.cn/simplesearch?field=1,18,2026-05-21T07:21:51+00:00
Communications in Transportation Research,https://www.oaj.com.cn/Journal/communications-in-transportation-research,2097-5023,2772-4247,Tsinghua University Press,英文,China,Gold OA,Frontier Science Journal,1区,OAJ,https://www.oaj.com.cn/simplesearch?field=1,18,2026-05-21T07:21:51+00:00
CONFLICT AND HEALTH,https://www.oaj.com.cn/Journal/conflict-and-health,,1752-1505,BioMed Central,English,United Kingdom,Gold OA,Frontier Science Journal,2区,OAJ,https://www.oaj.com.cn/simplesearch?field=1,19,2026-05-21T07:21:51+00:00
COMMUNICATIONS PHYSICS,https://www.oaj.com.cn/Journal/communications-physics,,2399-3650,Nature Portfolio,English,Germany,Gold OA,Frontier Science Journal,1区,OAJ,https://www.oaj.com.cn/simplesearch?field=1,19,2026-05-21T07:21:51+00:00
COMPARATIVE MIGRATION STUDIES,https://www.oaj.com.cn/Journal/comparative-migration-studies,,2214-594X,Springer,English,United Kingdom,Gold OA,Frontier Science Journal,1区,OAJ,https://www.oaj.com.cn/simplesearch?field=1,19,2026-05-21T07:21:51+00:00
COMPLEX & INTELLIGENT SYSTEMS,https://www.oaj.com.cn/Journal/complex-intelligent-systems,,2198-6053,Springer,English,Germany,Gold OA,Frontier Science Journal,3区,OAJ,https://www.oaj.com.cn/simplesearch?field=1,19,2026-05-21T07:21:51+00:00
COMPREHENSIVE PSYCHIATRY,https://www.oaj.com.cn/Journal/comprehensive-psychiatry,0010-440X,1532-8384,Elsevier,English,USA,Gold OA,Frontier Science Journal,2区,OAJ,https://www.oaj.com.cn/simplesearch?field=1,19,2026-05-21T07:21:51+00:00
COMPUTATIONAL AND STRUCTURAL BIOTECHNOLOGY JOURNAL,https://www.oaj.com.cn/Journal/computational-and-structural-biotechnology-journal,2001-0370,2001-0370,Elsevier,English,Netherlands,Gold OA,Frontier Science Journal,3区,OAJ,https://www.oaj.com.cn/simplesearch?field=1,19,2026-05-21T07:21:51+00:00
Computational Visual Media,https://www.oaj.com.cn/Journal/computational-visual-media,2096-0433,2096-0662,Tsinghua University Press,English,China,,,,OAJ,https://www.oaj.com.cn/simplesearch?field=1,19,2026-05-21T07:21:51+00:00
CONSERVATION SCIENCE AND PRACTICE,https://www.oaj.com.cn/Journal/conservation-science-and-practice,,2578-4854,Wiley,English,USA,Gold OA,Frontier Science Journal,3区,OAJ,https://www.oaj.com.cn/simplesearch?field=1,19,2026-05-21T07:21:51+00:00
CONSERVATION LETTERS,https://www.oaj.com.cn/Journal/conservation-letters,,1755-263X,Wiley,English,USA,Gold OA,Frontier Science Journal,1区,OAJ,https://www.oaj.com.cn/simplesearch?field=1,19,2026-05-21T07:21:51+00:00
Computers in Human Behavior Reports,https://www.oaj.com.cn/Journal/computers-in-human-behavior-reports,2451-9588,2451-9588,Elsevier,English,United Kingdom,Gold OA,,2区,OAJ,https://www.oaj.com.cn/simplesearch?field=1,19,2026-05-21T07:21:51+00:00
DEFENCE TECHNOLOGY,https://www.oaj.com.cn/Journal/defence-technology,2096-3459,2214-9147,"KeAi Communications Co., Ltd.",English,China,钻石OA,Frontier Science Journal,1区,OAJ,https://www.oaj.com.cn/simplesearch?field=1,20,2026-05-21T07:21:51+00:00
COST EFFECTIVENESS AND RESOURCE ALLOCATION,https://www.oaj.com.cn/Journal/cost-effectiveness-and-resource-allocation,,1478-7547,BioMed Central,English,United Kingdom,,,,OAJ,https://www.oaj.com.cn/simplesearch?field=1,20,2026-05-21T07:21:51+00:00
DERMATOLOGY AND THERAPY,https://www.oaj.com.cn/Journal/dermatology-and-therapy,,2190-9172,Adis,English,NEW ZEALAND,,,,OAJ,https://www.oaj.com.cn/simplesearch?field=1,20,2026-05-21T07:21:51+00:00
CURRENT RESEARCH IN FOOD SCIENCE,https://www.oaj.com.cn/Journal/current-research-in-food-science,2665-9271,2665-9271,Elsevier,English,Netherlands,Gold OA,Frontier Science Journal,1区,OAJ,https://www.oaj.com.cn/simplesearch?field=1,20,2026-05-21T07:21:51+00:00
DEVELOPMENTAL COGNITIVE NEUROSCIENCE,https://www.oaj.com.cn/Journal/developmental-cognitive-neuroscience,1878-9293,1878-9307,Elsevier,English,United Kingdom,Gold OA,Frontier Science Journal,2区,OAJ,https://www.oaj.com.cn/simplesearch?field=1,20,2026-05-21T07:21:51+00:00
DEPRESSION AND ANXIETY,https://www.oaj.com.cn/Journal/depression-and-anxiety,1091-4269,1520-6394,Wiley,English,USA,Gold OA,Frontier Science Journal,2区,OAJ,https://www.oaj.com.cn/simplesearch?field=1,20,2026-05-21T07:21:51+00:00
CULTURAL ANTHROPOLOGY,https://www.oaj.com.cn/Journal/cultural-anthropology,0886-7356,1548-1360,Wiley,English,USA,Gold OA,Frontier Science Journal,1区,OAJ,https://www.oaj.com.cn/simplesearch?field=1,20,2026-05-21T07:21:51+00:00
Cyborg and Bionic Systems,https://www.oaj.com.cn/Journal/cyborg-and-bionic-systems,2097-1087,2692-7632,AAAS/Science,English,USA,Gold OA,Frontier Science Journal,1区,OAJ,https://www.oaj.com.cn/simplesearch?field=1,20,2026-05-21T07:21:51+00:00
Data Science and Engineering,https://www.oaj.com.cn/Journal/data-science-and-engineering,2364-1185,2364-1541,Springer Nature Singapore,English,Singapore,Gold OA,Frontier Science Journal,,OAJ,https://www.oaj.com.cn/simplesearch?field=1,20,2026-05-21T07:21:51+00:00
Critical Care,https://www.oaj.com.cn/Journal/critical-care,,1364-8535,BioMed Central,English,,,,,OAJ,https://www.oaj.com.cn/simplesearch?field=1,20,2026-05-21T07:21:51+00:00
DIGITAL COMMUNICATIONS AND NETWORKS,https://www.oaj.com.cn/Journal/digital-communications-and-networks,2468-5925,2352-8648,"KeAi Communications Co., Ltd.",English,China,钻石OA,Frontier Science Journal,2区,OAJ,https://www.oaj.com.cn/simplesearch?field=1,21,2026-05-21T07:21:51+00:00
DRONES,https://www.oaj.com.cn/Journal/drones,,2504-446X,MDPI,English,SWITZERLAND,,,,OAJ,https://www.oaj.com.cn/simplesearch?field=1,21,2026-05-21T07:21:51+00:00
EBIOMEDICINE,https://www.oaj.com.cn/Journal/ebiomedicine,2352-3964,2352-3964,Elsevier,English,Netherlands,Gold OA,Frontier Science Journal,1区,OAJ,https://www.oaj.com.cn/simplesearch?field=1,21,2026-05-21T07:21:51+00:00
DEVELOPMENTS IN THE BUILT ENVIRONMENT,https://www.oaj.com.cn/Journal/developments-in-the-built-environment,2666-1659,2666-1659,Elsevier,English,Netherlands,Gold OA,Frontier Science Journal,2区,OAJ,https://www.oaj.com.cn/simplesearch?field=1,21,2026-05-21T07:21:51+00:00
DIGITAL DISCOVERY,https://www.oaj.com.cn/Journal/digital-discovery,,2635-098X,Royal Society of Chemistry,English,United Kingdom,Gold OA,,,OAJ,https://www.oaj.com.cn/simplesearch?field=1,21,2026-05-21T07:21:51+00:00
EARTH AND SPACE SCIENCE,https://www.oaj.com.cn/Journal/earth-and-space-science,,2333-5084,Wiley,English,USA,,,,OAJ,https://www.oaj.com.cn/simplesearch?field=1,21,2026-05-21T07:21:51+00:00
DIVERSITY AND DISTRIBUTIONS,https://www.oaj.com.cn/Journal/diversity-and-distributions,1366-9516,1472-4642,Wiley,English,USA,Gold OA,Frontier Science Journal,1区,OAJ,https://www.oaj.com.cn/simplesearch?field=1,21,2026-05-21T07:21:51+00:00
EARTH'S FUTURE,https://www.oaj.com.cn/Journal/earth-s-future,,2328-4277,Wiley,English,USA,Gold OA,Frontier Science Journal,1区,OAJ,https://www.oaj.com.cn/simplesearch?field=1,21,2026-05-21T07:21:51+00:00
DRUG DELIVERY,https://www.oaj.com.cn/Journal/drug-delivery,,1521-0464,Taylor & Francis,English,United Kingdom,,,2区,OAJ,https://www.oaj.com.cn/simplesearch?field=1,21,2026-05-21T07:21:51+00:00
Earth System Governance,https://www.oaj.com.cn/Journal/earth-system-governance,2589-8116,2589-8116,Elsevier,English,Netherlands,Gold OA,,1区,OAJ,https://www.oaj.com.cn/simplesearch?field=1,21,2026-05-21T07:21:51+00:00
ECOLOGICAL PROCESSES,https://www.oaj.com.cn/Journal/ecological-processes,,2192-1709,Springer,English,USA,Gold OA,Frontier Science Journal,2区,OAJ,https://www.oaj.com.cn/simplesearch?field=1,22,2026-05-21T07:21:51+00:00
EES CATALYSIS,https://www.oaj.com.cn/Journal/ees-catalysis,2753-801X,2753-801X,Royal Society of Chemistry,English,United Kingdom,Gold OA,,,OAJ,https://www.oaj.com.cn/simplesearch?field=1,22,2026-05-21T07:21:51+00:00
ECONOMICS AND PHILOSOPHY,https://www.oaj.com.cn/Journal/economics-and-philosophy,0266-2671,1474-0028,Cambridge University Press,English,USA,Gold OA,Frontier Science Journal,2区,OAJ,https://www.oaj.com.cn/simplesearch?field=1,22,2026-05-21T07:21:51+00:00
ECOLOGICAL INDICATORS,https://www.oaj.com.cn/Journal/ecological-indicators,1470-160X,1872-7034,Elsevier,English,Netherlands,Gold OA,Frontier Science Journal,1区,OAJ,https://www.oaj.com.cn/simplesearch?field=1,22,2026-05-21T07:21:51+00:00
ECOLOGICAL INFORMATICS,https://www.oaj.com.cn/Journal/ecological-informatics,1574-9541,1878-0512,Elsevier,English,Netherlands,Gold OA,Frontier Science Journal,2区,OAJ,https://www.oaj.com.cn/simplesearch?field=1,22,2026-05-21T07:21:51+00:00
ECLINICALMEDICINE,https://www.oaj.com.cn/Journal/eclinicalmedicine,2589-5370,2589-5370,Elsevier,English,Netherlands,Gold OA,Frontier Science Journal,1区,OAJ,https://www.oaj.com.cn/simplesearch?field=1,22,2026-05-21T07:21:51+00:00
ECOGRAPHY,https://www.oaj.com.cn/Journal/ecography,0906-7590,1600-0587,Wiley,English,USA,Gold OA,Frontier Science Journal,1区,OAJ,https://www.oaj.com.cn/simplesearch?field=1,22,2026-05-21T07:21:51+00:00
ECOLOGY AND EVOLUTION,https://www.oaj.com.cn/Journal/ecology-and-evolution,,2045-7758,Wiley,English,USA,Gold OA,Frontier Science Journal,2区,OAJ,https://www.oaj.com.cn/simplesearch?field=1,22,2026-05-21T07:21:51+00:00
ECOMAT,https://www.oaj.com.cn/Journal/ecomat,,2567-3173,Wiley,English,USA,Gold OA,Frontier Science Journal,2区,OAJ,https://www.oaj.com.cn/simplesearch?field=1,22,2026-05-21T07:21:51+00:00
EFSA JOURNAL,https://www.oaj.com.cn/Journal/efsa-journal,,1831-4732,Wiley,English,USA,Gold OA,Frontier Science Journal,4区,OAJ,https://www.oaj.com.cn/simplesearch?field=1,22,2026-05-21T07:21:51+00:00
ENERGY SUSTAINABILITY AND SOCIETY,https://www.oaj.com.cn/Journal/energy-sustainability-and-society,,2192-0567,Springer,English,United Kingdom,Gold OA,Frontier Science Journal,2区,OAJ,https://www.oaj.com.cn/simplesearch?field=1,23,2026-05-21T07:21:51+00:00
EJNMMI PHYSICS,https://www.oaj.com.cn/Journal/ejnmmi-physics,,2197-7364,Springer,English,USA,Gold OA,Frontier Science Journal,2区,OAJ,https://www.oaj.com.cn/simplesearch?field=1,23,2026-05-21T07:21:51+00:00
EMBO REPORTS,https://www.oaj.com.cn/Journal/embo-reports,,1469-3178,Springer Nature,English,USA,Gold OA,Frontier Science Journal,1区,OAJ,https://www.oaj.com.cn/simplesearch?field=1,23,2026-05-21T07:21:51+00:00
EMBO MOLECULAR MEDICINE,https://www.oaj.com.cn/Journal/embo-molecular-medicine,,1757-4684,Springer Nature,English,USA,Gold OA,Frontier Science Journal,1区,OAJ,https://www.oaj.com.cn/simplesearch?field=1,23,2026-05-21T07:21:51+00:00
ENERGY ADVANCES,https://www.oaj.com.cn/Journal/energy-advances,2753-1457,2753-1457,Royal Society of Chemistry,English,United Kingdom,Gold OA,,,OAJ,https://www.oaj.com.cn/simplesearch?field=1,23,2026-05-21T07:21:51+00:00
ENERGY STRATEGY REVIEWS,https://www.oaj.com.cn/Journal/energy-strategy-reviews,2211-467X,2211-4688,Elsevier,English,Netherlands,Gold OA,Frontier Science Journal,2区,OAJ,https://www.oaj.com.cn/simplesearch?field=1,23,2026-05-21T07:21:51+00:00
ENERGY REPORTS,https://www.oaj.com.cn/Journal/energy-reports,,2352-4847,Elsevier,English,NETHERLANDS,,,3区,OAJ,https://www.oaj.com.cn/simplesearch?field=1,23,2026-05-21T07:21:51+00:00
ENERGY & ENVIRONMENTAL MATERIALS,https://www.oaj.com.cn/Journal/energy-environmental-materials,2575-0348,2575-0356,Wiley,English,USA,Gold OA,Frontier Science Journal,1区,OAJ,https://www.oaj.com.cn/simplesearch?field=1,23,2026-05-21T07:21:51+00:00
ENGINEERED SCIENCE,https://www.oaj.com.cn/Journal/engineered-science,2576-988X,2576-9898,Engineered Science Publisher LLC,English,USA,Gold OA,Frontier Science Journal,1区,OAJ,https://www.oaj.com.cn/simplesearch?field=1,23,2026-05-21T07:21:51+00:00
EMERGING MICROBES & INFECTIONS,https://www.oaj.com.cn/Journal/emerging-microbes-infections,,2222-1751,Taylor & Francis,English,United Kingdom,,,1区,OAJ,https://www.oaj.com.cn/simplesearch?field=1,23,2026-05-21T07:21:51+00:00
ENVIRONMENTAL EVIDENCE,https://www.oaj.com.cn/Journal/environmental-evidence,,2047-2382,BioMed Central,English,United Kingdom,Gold OA,Frontier Science Journal,3区,OAJ,https://www.oaj.com.cn/simplesearch?field=1,24,2026-05-21T07:21:51+00:00
ENVIRONMENTAL HEALTH,https://www.oaj.com.cn/Journal/environmental-health,,1476-069X,BioMed Central,English,United Kingdom,Gold OA,Frontier Science Journal,2区,OAJ,https://www.oaj.com.cn/simplesearch?field=1,24,2026-05-21T07:21:51+00:00
ENGLISH LANGUAGE & LINGUISTICS,https://www.oaj.com.cn/Journal/english-language-linguistics,1360-6743,1469-4379,Cambridge University Press,English,United Kingdom,Gold OA,Frontier Science Journal,2区,OAJ,https://www.oaj.com.cn/simplesearch?field=1,24,2026-05-21T07:21:51+00:00
ENGINEERING SCIENCE AND TECHNOLOGY-AN INTERNATIONAL JOURNAL-JESTECH,https://www.oaj.com.cn/Journal/engineering-science-and-technology-an-international-journal-jestech,2215-0986,2215-0986,Elsevier,English,India,Gold OA,Frontier Science Journal,2区,OAJ,https://www.oaj.com.cn/simplesearch?field=1,24,2026-05-21T07:21:51+00:00
ENGINEERING,https://www.oaj.com.cn/Journal/engineering,2095-8099,2096-0026,Elsevier,English,Netherlands,Gold OA,Frontier Science Journal,2区,OAJ,https://www.oaj.com.cn/simplesearch?field=1,24,2026-05-21T07:21:51+00:00
ENVIRONMENT INTERNATIONAL,https://www.oaj.com.cn/Journal/environment-international,0160-4120,1873-6750,Elsevier,English,United Kingdom,Gold OA,Frontier Science Journal,1区,OAJ,https://www.oaj.com.cn/simplesearch?field=1,24,2026-05-21T07:21:51+00:00
ENVIRONMENTAL MICROBIOLOGY REPORTS,https://www.oaj.com.cn/Journal/environmental-microbiology-reports,,1758-2229,Wiley,English,USA,,Sound Science Journal,,OAJ,https://www.oaj.com.cn/simplesearch?field=1,24,2026-05-21T07:21:51+00:00
ENGINEERING IN LIFE SCIENCES,https://www.oaj.com.cn/Journal/engineering-in-life-sciences,1618-0240,1618-2863,Wiley,English,USA,,Sound Science Journal,,OAJ,https://www.oaj.com.cn/simplesearch?field=1,24,2026-05-21T07:21:51+00:00
ENGINEERING APPLICATIONS OF COMPUTATIONAL FLUID MECHANICS,https://www.oaj.com.cn/Journal/engineering-applications-of-computational-fluid-mechanics,,1997-003X,Taylor & Francis,English,United Kingdom,,,1区,OAJ,https://www.oaj.com.cn/simplesearch?field=1,24,2026-05-21T07:21:51+00:00
Environment & Health,https://www.oaj.com.cn/Journal/environment-health,2097-4817,2833-8278,American Chemical Society,英文,USA,金色OA,Frontier Science Journal,,OAJ,https://www.oaj.com.cn/simplesearch?field=1,24,2026-05-21T07:21:51+00:00
ENVIRONMENTAL SCIENCES EUROPE,https://www.oaj.com.cn/Journal/environmental-sciences-europe,2190-4707,2190-4715,Springer,English,USA,Gold OA,Frontier Science Journal,3区,OAJ,https://www.oaj.com.cn/simplesearch?field=1,25,2026-05-21T07:21:51+00:00
ENVIRONMENTAL MICROBIOME,https://www.oaj.com.cn/Journal/environmental-microbiome,,2524-6372,BioMed Central,English,United Kingdom,Gold OA,Frontier Science Journal,2区,OAJ,https://www.oaj.com.cn/simplesearch?field=1,25,2026-05-21T07:21:51+00:00
EPIGENETICS & CHROMATIN,https://www.oaj.com.cn/Journal/epigenetics-chromatin,,1756-8935,BioMed Central,English,United Kingdom,Gold OA,Frontier Science Journal,2区,OAJ,https://www.oaj.com.cn/simplesearch?field=1,25,2026-05-21T07:21:51+00:00
EPJ DATA SCIENCE,https://www.oaj.com.cn/Journal/epj-data-science,,2193-1127,Springer,English,USA,Gold OA,Frontier Science Journal,2区,OAJ,https://www.oaj.com.cn/simplesearch?field=1,25,2026-05-21T07:21:51+00:00
EPIDEMIOLOGY AND PSYCHIATRIC SCIENCES,https://www.oaj.com.cn/Journal/epidemiology-and-psychiatric-sciences,2045-7960,2045-7979,Cambridge University Press,English,United Kingdom,Gold OA,Frontier Science Journal,2区,OAJ,https://www.oaj.com.cn/simplesearch?field=1,25,2026-05-21T07:21:51+00:00
EPILEPSY CURRENTS,https://www.oaj.com.cn/Journal/epilepsy-currents,1535-7597,1535-7511,Sage,English,USA,Gold OA,Frontier Science Journal,3区,OAJ,https://www.oaj.com.cn/simplesearch?field=1,25,2026-05-21T07:21:51+00:00
ENVIRONMENTAL SCIENCE AND ECOTECHNOLOGY,https://www.oaj.com.cn/Journal/environmental-science-and-ecotechnology,2666-4984,2666-4984,Elsevier,English,Netherlands,Gold OA,Frontier Science Journal,1区,OAJ,https://www.oaj.com.cn/simplesearch?field=1,25,2026-05-21T07:21:51+00:00
ENVIRONMENTAL TECHNOLOGY & INNOVATION,https://www.oaj.com.cn/Journal/environmental-technology-innovation,2352-1864,2352-1864,Elsevier,English,Netherlands,Gold OA,Frontier Science Journal,2区,OAJ,https://www.oaj.com.cn/simplesearch?field=1,25,2026-05-21T07:21:51+00:00
ENVIRONMENTAL SCIENCE-ATMOSPHERES,https://www.oaj.com.cn/Journal/environmental-science-atmospheres,2634-3606,2634-3606,Royal Society of Chemistry,English,United Kingdom,,,3区,OAJ,https://www.oaj.com.cn/simplesearch?field=1,25,2026-05-21T07:21:51+00:00
ENVIRONMENTAL POLLUTANTS AND BIOAVAILABILITY,https://www.oaj.com.cn/Journal/environmental-pollutants-and-bioavailability,,2639-5940,Taylor & Francis,English,United Kingdom,,,,OAJ,https://www.oaj.com.cn/simplesearch?field=1,25,2026-05-21T07:21:51+00:00
EPJ QUANTUM TECHNOLOGY,https://www.oaj.com.cn/Journal/epj-quantum-technology,,2196-0763,Springer,English,USA,Gold OA,Frontier Science Journal,2区,OAJ,https://www.oaj.com.cn/simplesearch?field=1,26,2026-05-21T07:21:51+00:00
EUROPEAN JOURNAL OF AGEING,https://www.oaj.com.cn/Journal/european-journal-of-ageing,,1613-9380,Springer,English,USA,Gold OA,Frontier Science Journal,2区,OAJ,https://www.oaj.com.cn/simplesearch?field=1,26,2026-05-21T07:21:51+00:00
EUROPEAN CONSTITUTIONAL LAW REVIEW,https://www.oaj.com.cn/Journal/european-constitutional-law-review,1574-0196,1744-5515,Cambridge University Press,English,United Kingdom,Gold OA,Frontier Science Journal,2区,OAJ,https://www.oaj.com.cn/simplesearch?field=1,26,2026-05-21T07:21:51+00:00
ESMO OPEN,https://www.oaj.com.cn/Journal/esmo-open,2059-7029,2059-7029,Elsevier,English,Netherlands,Gold OA,Frontier Science Journal,1区,OAJ,https://www.oaj.com.cn/simplesearch?field=1,26,2026-05-21T07:21:51+00:00
ES FOOD & AGROFORESTRY,https://www.oaj.com.cn/Journal/es-food-agroforestry,2678-7295,2687-7309,Engineered Science Publisher LLC,English,USA,Gold OA,Frontier Science Journal,2区,OAJ,https://www.oaj.com.cn/simplesearch?field=1,26,2026-05-21T07:21:51+00:00
ES MATERIALS & MANUFACTURING,https://www.oaj.com.cn/Journal/es-materials-manufacturing,2578-0611,2578-062X,Engineered Science Publisher LLC,English,USA,Gold OA,Frontier Science Journal,2区,OAJ,https://www.oaj.com.cn/simplesearch?field=1,26,2026-05-21T07:21:51+00:00
ESC HEART FAILURE,https://www.oaj.com.cn/Journal/esc-heart-failure,,2055-5822,Wiley,English,USA,Gold OA,Frontier Science Journal,3区,OAJ,https://www.oaj.com.cn/simplesearch?field=1,26,2026-05-21T07:21:51+00:00
EUROPEAN CELLS & MATERIALS,https://www.oaj.com.cn/Journal/european-cells-materials,,1473-2262,"FORUM MULTIMEDIA PUBLISHING, LLC",English,,,,,OAJ,https://www.oaj.com.cn/simplesearch?field=1,26,2026-05-21T07:21:51+00:00
eScience,https://www.oaj.com.cn/Journal/escience,2097-2431,2667-1417,"KeAi Communications Co., Ltd.",English,,,,1区,OAJ,https://www.oaj.com.cn/simplesearch?field=1,26,2026-05-21T07:21:51+00:00
ES ENERGY & ENVIRONMENT,https://www.oaj.com.cn/Journal/es-energy-environment,2578-0646,2578-0654,Engineered Science Publisher LLC,English,USA,Gold OA,Frontier Science Journal,,OAJ,https://www.oaj.com.cn/simplesearch?field=1,26,2026-05-21T07:21:51+00:00
EUROPEAN JOURNAL OF POPULATION-REVUE EUROPEENNE DE DEMOGRAPHIE,https://www.oaj.com.cn/Journal/european-journal-of-population-revue-europeenne-de-demographie,,1572-9885,Springer,Multi-Language,Netherlands,Gold OA,Frontier Science Journal,2区,OAJ,https://www.oaj.com.cn/simplesearch?field=1,27,2026-05-21T07:21:51+00:00
EUROPEAN JOURNAL OF APPLIED MATHEMATICS,https://www.oaj.com.cn/Journal/european-journal-of-applied-mathematics,0956-7925,1469-4425,Cambridge University Press,English,USA,Gold OA,Frontier Science Journal,4区,OAJ,https://www.oaj.com.cn/simplesearch?field=1,27,2026-05-21T07:21:51+00:00
EUROPEAN POLITICAL SCIENCE REVIEW,https://www.oaj.com.cn/Journal/european-political-science-review,1755-7739,1755-7747,Cambridge University Press,English,USA,Gold OA,Frontier Science Journal,1区,OAJ,https://www.oaj.com.cn/simplesearch?field=1,27,2026-05-21T07:21:51+00:00
EUROPEAN PSYCHIATRY,https://www.oaj.com.cn/Journal/european-psychiatry,0924-9338,1778-3585,Cambridge University Press,English,United Kingdom,Gold OA,Frontier Science Journal,2区,OAJ,https://www.oaj.com.cn/simplesearch?field=1,27,2026-05-21T07:21:51+00:00
EUROPEAN JOURNAL OF CELL BIOLOGY,https://www.oaj.com.cn/Journal/european-journal-of-cell-biology,0171-9335,1618-1298,Elsevier,Multi-Language,Germany,Gold OA,Frontier Science Journal,2区,OAJ,https://www.oaj.com.cn/simplesearch?field=1,27,2026-05-21T07:21:51+00:00
EUROPEAN JOURNAL OF PHARMACEUTICAL SCIENCES,https://www.oaj.com.cn/Journal/european-journal-of-pharmaceutical-sciences,,0928-0987,Elsevier,English,Netherlands,Gold OA,Frontier Science Journal,3区,OAJ,https://www.oaj.com.cn/simplesearch?field=1,27,2026-05-21T07:21:51+00:00
EUROPEAN JOURNAL OF NEUROLOGY,https://www.oaj.com.cn/Journal/european-journal-of-neurology,1351-5101,1468-1331,Wiley,English,USA,Gold OA,Frontier Science Journal,2区,OAJ,https://www.oaj.com.cn/simplesearch?field=1,27,2026-05-21T07:21:51+00:00
EUROPEAN JOURNAL OF SPORT SCIENCE,https://www.oaj.com.cn/Journal/european-journal-of-sport-science,1746-1391,1536-7290,Wiley-VCH,English,United Kingdom,Gold OA,Frontier Science Journal,3区,OAJ,https://www.oaj.com.cn/simplesearch?field=1,27,2026-05-21T07:21:51+00:00
EUROPEAN JOURNAL OF PSYCHOTRAUMATOLOGY,https://www.oaj.com.cn/Journal/european-journal-of-psychotraumatology,,2000-8066,Taylor & Francis,English,United Kingdom,,,2区,OAJ,https://www.oaj.com.cn/simplesearch?field=1,27,2026-05-21T07:21:51+00:00
EUROPEAN JOURNAL OF INTERNATIONAL SECURITY,https://www.oaj.com.cn/Journal/european-journal-of-international-security,2057-5637,2057-5645,Cambridge University Press,English,United Kingdom,Gold OA,Frontier Science Journal,1区,OAJ,https://www.oaj.com.cn/simplesearch?field=1,27,2026-05-21T07:21:51+00:00
FIRE ECOLOGY,https://www.oaj.com.cn/Journal/fire-ecology,,1933-9747,Springer,English,USA,,,,OAJ,https://www.oaj.com.cn/simplesearch?field=1,28,2026-05-21T07:21:51+00:00
EXPERIMENTAL HEMATOLOGY & ONCOLOGY,https://www.oaj.com.cn/Journal/experimental-hematology-oncology,,2162-3619,BioMed Central,English,United Kingdom,Gold OA,Frontier Science Journal,2区,OAJ,https://www.oaj.com.cn/simplesearch?field=1,28,2026-05-21T07:21:51+00:00
FLUIDS AND BARRIERS OF THE CNS,https://www.oaj.com.cn/Journal/fluids-and-barriers-of-the-cns,,2045-8118,BioMed Central,English,United Kingdom,Gold OA,Frontier Science Journal,2区,OAJ,https://www.oaj.com.cn/simplesearch?field=1,28,2026-05-21T07:21:51+00:00
EYE AND VISION,https://www.oaj.com.cn/Journal/eye-and-vision,,2326-0254,BioMed Central,English,United Kingdom,Gold OA,Frontier Science Journal,2区,OAJ,https://www.oaj.com.cn/simplesearch?field=1,28,2026-05-21T07:21:51+00:00
EUROPEAN TRANSPORT RESEARCH REVIEW,https://www.oaj.com.cn/Journal/european-transport-research-review,1867-0717,1866-8887,Springer,English,USA,Gold OA,Frontier Science Journal,2区,OAJ,https://www.oaj.com.cn/simplesearch?field=1,28,2026-05-21T07:21:51+00:00
FINANCIAL INNOVATION,https://www.oaj.com.cn/Journal/financial-innovation,,2199-4730,Springer,English,USA,Gold OA,Frontier Science Journal,1区,OAJ,https://www.oaj.com.cn/simplesearch?field=1,28,2026-05-21T07:21:51+00:00
EUROPEAN UROLOGY OPEN SCIENCE,https://www.oaj.com.cn/Journal/european-urology-open-science,,2666-1683,Elsevier,English,Netherlands,Gold OA,Frontier Science Journal,2区,OAJ,https://www.oaj.com.cn/simplesearch?field=1,28,2026-05-21T07:21:51+00:00
EVOLUTIONARY APPLICATIONS,https://www.oaj.com.cn/Journal/evolutionary-applications,,1752-4571,Wiley,English,USA,Gold OA,Frontier Science Journal,2区,OAJ,https://www.oaj.com.cn/simplesearch?field=1,28,2026-05-21T07:21:51+00:00
EXPERT REVIEW OF VACCINES,https://www.oaj.com.cn/Journal/expert-review-of-vaccines,,1744-8395,Taylor & Francis,English,United Kingdom,,,2区,OAJ,https://www.oaj.com.cn/simplesearch?field=1,28,2026-05-21T07:21:51+00:00
Extracellular Vesicles and Circulating Nucleic Acids,https://www.oaj.com.cn/Journal/extracellular-vesicles-and-circulating-nucleic-acids,,2767-6641,OAE Publishing Inc.,English,USA,金色OA,Frontier Science Journal,,OAJ,https://www.oaj.com.cn/simplesearch?field=1,28,2026-05-21T07:21:51+00:00
FOREST ECOSYSTEMS,https://www.oaj.com.cn/Journal/forest-ecosystems,2095-6355,2197-5620,"KeAi Communications Co., Ltd.",English,China,金色OA,Frontier Science Journal,1区,OAJ,https://www.oaj.com.cn/simplesearch?field=1,29,2026-05-21T07:21:51+00:00
FRONTIERS IN CELL AND DEVELOPMENTAL BIOLOGY,https://www.oaj.com.cn/Journal/frontiers-in-cell-and-developmental-biology,,2296-634X,Frontiers Media S.A.,English,Switzerland,Gold OA,Sound Science Journal,2区,OAJ,https://www.oaj.com.cn/simplesearch?field=1,29,2026-05-21T07:21:51+00:00
FRONTIERS IN IMMUNOLOGY,https://www.oaj.com.cn/Journal/frontiers-in-immunology,,1664-3224,Frontiers Media S.A.,English,Switzerland,Gold OA,Sound Science Journal,2区,OAJ,https://www.oaj.com.cn/simplesearch?field=1,29,2026-05-21T07:21:51+00:00
FRONTIERS IN CARDIOVASCULAR MEDICINE,https://www.oaj.com.cn/Journal/frontiers-in-cardiovascular-medicine,,2297-055X,Frontiers Media S.A.,English,Switzerland,Gold OA,Sound Science Journal,3区,OAJ,https://www.oaj.com.cn/simplesearch?field=1,29,2026-05-21T07:21:51+00:00
FOOD SCIENCE AND HUMAN WELLNESS,https://www.oaj.com.cn/Journal/food-science-and-human-wellness,2097-0765,2213-4530,清华大学出版社,English,China,金色OA,Frontier Science Journal,1区,OAJ,https://www.oaj.com.cn/simplesearch?field=1,29,2026-05-21T07:21:51+00:00
"FORUM OF MATHEMATICS, SIGMA",https://www.oaj.com.cn/Journal/forum-of-mathematics-sigma,,2050-5094,Cambridge University Press,English,United Kingdom,Gold OA,Frontier Science Journal,2区,OAJ,https://www.oaj.com.cn/simplesearch?field=1,29,2026-05-21T07:21:51+00:00
"FORUM OF MATHEMATICS, PI",https://www.oaj.com.cn/Journal/forum-of-mathematics-pi,,2050-5086,Cambridge University Press,English,United Kingdom,Gold OA,Frontier Science Journal,1区,OAJ,https://www.oaj.com.cn/simplesearch?field=1,29,2026-05-21T07:21:51+00:00
Friction,https://www.oaj.com.cn/Journal/friction,2223-7690,2223-7704,Tsinghua University Press,英文,China,,,1区,OAJ,https://www.oaj.com.cn/simplesearch?field=1,29,2026-05-21T07:21:51+00:00
FOOD AND ENERGY SECURITY,https://www.oaj.com.cn/Journal/food-and-energy-security,,2048-3694,Wiley,English,USA,Gold OA,Frontier Science Journal,2区,OAJ,https://www.oaj.com.cn/simplesearch?field=1,29,2026-05-21T07:21:51+00:00
FOOD SCIENCE & NUTRITION,https://www.oaj.com.cn/Journal/food-science-nutrition,,2048-7177,Wiley,English,USA,Gold OA,Frontier Science Journal,2区,OAJ,https://www.oaj.com.cn/simplesearch?field=1,29,2026-05-21T07:21:51+00:00
FRONTIERS OF ARCHITECTURAL RESEARCH,https://www.oaj.com.cn/Journal/frontiers-of-architectural-research,2095-2635,2095-2643,"KeAi Communications Co., Ltd.",English,China,,,,OAJ,https://www.oaj.com.cn/simplesearch?field=1,30,2026-05-21T07:21:51+00:00
GENES & DISEASES,https://www.oaj.com.cn/Journal/genes-diseases,2352-4820,2352-3042,"KeAi Communications Co., Ltd.",English,Netherlands,金色OA,Frontier Science Journal,2区,OAJ,https://www.oaj.com.cn/simplesearch?field=1,30,2026-05-21T07:21:51+00:00
FRONTIERS IN NUTRITION,https://www.oaj.com.cn/Journal/frontiers-in-nutrition,,2296-861X,Frontiers Media S.A.,English,Switzerland,Gold OA,Sound Science Journal,2区,OAJ,https://www.oaj.com.cn/simplesearch?field=1,30,2026-05-21T07:21:51+00:00
GENETICS SELECTION EVOLUTION,https://www.oaj.com.cn/Journal/genetics-selection-evolution,,1297-9686,BioMed Central,Multi-Language,United Kingdom,Gold OA,Frontier Science Journal,1区,OAJ,https://www.oaj.com.cn/simplesearch?field=1,30,2026-05-21T07:21:51+00:00
GENOME MEDICINE,https://www.oaj.com.cn/Journal/genome-medicine,,1756-994X,BioMed Central,English,United Kingdom,Gold OA,Frontier Science Journal,1区,OAJ,https://www.oaj.com.cn/simplesearch?field=1,30,2026-05-21T07:21:51+00:00
GENOME BIOLOGY,https://www.oaj.com.cn/Journal/genome-biology,,1474-760X,BioMed Central,English,United Kingdom,Gold OA,Frontier Science Journal,1区,OAJ,https://www.oaj.com.cn/simplesearch?field=1,30,2026-05-21T07:21:51+00:00
FRONTIERS IN ZOOLOGY,https://www.oaj.com.cn/Journal/frontiers-in-zoology,,1742-9994,BioMed Central,English,United Kingdom,Gold OA,Frontier Science Journal,2区,OAJ,https://www.oaj.com.cn/simplesearch?field=1,30,2026-05-21T07:21:51+00:00
FUEL PROCESSING TECHNOLOGY,https://www.oaj.com.cn/Journal/fuel-processing-technology,0378-3820,1873-7188,Elsevier,English,Netherlands,Gold OA,Frontier Science Journal,2区,OAJ,https://www.oaj.com.cn/simplesearch?field=1,30,2026-05-21T07:21:51+00:00
GENES BRAIN AND BEHAVIOR,https://www.oaj.com.cn/Journal/genes-brain-and-behavior,1601-1848,1601-183X,Wiley,English,USA,Gold OA,Frontier Science Journal,3区,OAJ,https://www.oaj.com.cn/simplesearch?field=1,30,2026-05-21T07:21:51+00:00
Future Foods,https://www.oaj.com.cn/Journal/future-foods,2666-8335,2666-8335,Elsevier,English,Netherlands,Gold OA,,2区,OAJ,https://www.oaj.com.cn/simplesearch?field=1,30,2026-05-21T07:21:51+00:00
GEOSCIENCE FRONTIERS,https://www.oaj.com.cn/Journal/geoscience-frontiers,1674-9871,2588-9192,Elsevier,English,China,Gold OA,Frontier Science Journal,1区,OAJ,https://www.oaj.com.cn/simplesearch?field=1,31,2026-05-21T07:21:51+00:00
GEOMECHANICS AND GEOPHYSICS FOR GEO-ENERGY AND GEO-RESOURCES,https://www.oaj.com.cn/Journal/geomechanics-and-geophysics-for-geo-energy-and-geo-resources,,2363-8427,Springer,English,Germany,Gold OA,Frontier Science Journal,2区,OAJ,https://www.oaj.com.cn/simplesearch?field=1,31,2026-05-21T07:21:51+00:00
GEOLOGICAL MAGAZINE,https://www.oaj.com.cn/Journal/geological-magazine,0016-7568,1469-5081,Cambridge University Press,English,USA,Gold OA,Frontier Science Journal,3区,OAJ,https://www.oaj.com.cn/simplesearch?field=1,31,2026-05-21T07:21:51+00:00
GENOMICS,https://www.oaj.com.cn/Journal/genomics,0888-7543,1089-8646,Elsevier,English,USA,Gold OA,Frontier Science Journal,2区,OAJ,https://www.oaj.com.cn/simplesearch?field=1,31,2026-05-21T07:21:51+00:00
GENOMICS PROTEOMICS & BIOINFORMATICS,https://www.oaj.com.cn/Journal/genomics-proteomics-bioinformatics,1672-0229,2210-3244,Elsevier,English,Netherlands,Gold OA,Frontier Science Journal,2区,OAJ,https://www.oaj.com.cn/simplesearch?field=1,31,2026-05-21T07:21:51+00:00
GEODERMA,https://www.oaj.com.cn/Journal/geoderma,0016-7061,1872-6259,Elsevier,Multi-Language,Netherlands,Gold OA,Frontier Science Journal,1区,OAJ,https://www.oaj.com.cn/simplesearch?field=1,31,2026-05-21T07:21:51+00:00
GEOCHEMISTRY GEOPHYSICS GEOSYSTEMS,https://www.oaj.com.cn/Journal/geochemistry-geophysics-geosystems,,1525-2027,Wiley,English,USA,Gold OA,Frontier Science Journal,2区,OAJ,https://www.oaj.com.cn/simplesearch?field=1,31,2026-05-21T07:21:51+00:00
GEOPHYSICAL RESEARCH LETTERS,https://www.oaj.com.cn/Journal/geophysical-research-letters,0094-8276,1944-8007,Wiley,English,USA,Gold OA,Frontier Science Journal,2区,OAJ,https://www.oaj.com.cn/simplesearch?field=1,31,2026-05-21T07:21:51+00:00
GEOHEALTH,https://www.oaj.com.cn/Journal/geohealth,,2471-1403,Wiley,English,USA,Gold OA,Frontier Science Journal,3区,OAJ,https://www.oaj.com.cn/simplesearch?field=1,31,2026-05-21T07:21:51+00:00
GEO-SPATIAL INFORMATION SCIENCE,https://www.oaj.com.cn/Journal/geo-spatial-information-science,,1993-5153,Taylor & Francis,English,United Kingdom,,,2区,OAJ,https://www.oaj.com.cn/simplesearch?field=1,31,2026-05-21T07:21:51+00:00
GREEN ENERGY & ENVIRONMENT,https://www.oaj.com.cn/Journal/green-energy-environment,2096-2797,2468-0257,"KeAi Communications Co., Ltd.",English,China,钻石OA,Frontier Science Journal,1区,OAJ,https://www.oaj.com.cn/simplesearch?field=1,32,2026-05-21T07:21:51+00:00
GLOBALIZATION AND HEALTH,https://www.oaj.com.cn/Journal/globalization-and-health,,1744-8603,BioMed Central,English,United Kingdom,Gold OA,Frontier Science Journal,2区,OAJ,https://www.oaj.com.cn/simplesearch?field=1,32,2026-05-21T07:21:51+00:00
GOVERNMENT AND OPPOSITION,https://www.oaj.com.cn/Journal/government-and-opposition,0017-257X,1477-7053,Cambridge University Press,English,United Kingdom,Gold OA,Frontier Science Journal,1区,OAJ,https://www.oaj.com.cn/simplesearch?field=1,32,2026-05-21T07:21:51+00:00
GLOBAL ECOLOGY AND CONSERVATION,https://www.oaj.com.cn/Journal/global-ecology-and-conservation,2351-9894,2351-9894,Elsevier,English,Netherlands,Gold OA,Frontier Science Journal,2区,OAJ,https://www.oaj.com.cn/simplesearch?field=1,32,2026-05-21T07:21:51+00:00
GRAPHICAL MODELS,https://www.oaj.com.cn/Journal/graphical-models,,1524-0711,Elsevier,English,USA,,,,OAJ,https://www.oaj.com.cn/simplesearch?field=1,32,2026-05-21T07:21:51+00:00
GLOBAL CHANGE BIOLOGY BIOENERGY/GCB BIOENERGY,https://www.oaj.com.cn/Journal/global-change-biology-bioenergy-gcb-bioenergy,2766-8479,1757-1707,Wiley,English,USA,Gold OA,Frontier Science Journal,2区,OAJ,https://www.oaj.com.cn/simplesearch?field=1,32,2026-05-21T07:21:51+00:00
GREEN CHEMISTRY LETTERS AND REVIEWS,https://www.oaj.com.cn/Journal/green-chemistry-letters-and-reviews,,1751-7192,Taylor & Francis,English,United Kingdom,,,2区,OAJ,https://www.oaj.com.cn/simplesearch?field=1,32,2026-05-21T07:21:51+00:00
GM CROPS & FOOD,https://www.oaj.com.cn/Journal/gm-crops-food,,2164-5701,Taylor & Francis,English,United Kingdom,,,2区,OAJ,https://www.oaj.com.cn/simplesearch?field=1,32,2026-05-21T07:21:51+00:00
GISCIENCE & REMOTE SENSING,https://www.oaj.com.cn/Journal/giscience-remote-sensing,,1943-7226,Taylor & Francis,English,United Kingdom,,,1区,OAJ,https://www.oaj.com.cn/simplesearch?field=1,32,2026-05-21T07:21:51+00:00
German Law Journal,https://www.oaj.com.cn/Journal/german-law-journal,,2071-8322,Cambridge University Press,English,United Kingdom,Gold OA,Frontier Science Journal,2区,OAJ,https://www.oaj.com.cn/simplesearch?field=1,32,2026-05-21T07:21:51+00:00
HEPATOBILIARY SURGERY AND NUTRITION,https://www.oaj.com.cn/Journal/hepatobiliary-surgery-and-nutrition,,2304-389X,AME Publishing Company,English,"Hong Kong, China",,,1区,OAJ,https://www.oaj.com.cn/simplesearch?field=1,33,2026-05-21T07:21:51+00:00
HEALTH RESEARCH POLICY AND SYSTEMS,https://www.oaj.com.cn/Journal/health-research-policy-and-systems,,1478-4505,BioMed Central,English,United Kingdom,Gold OA,Frontier Science Journal,2区,OAJ,https://www.oaj.com.cn/simplesearch?field=1,33,2026-05-21T07:21:51+00:00
HEALTH AND QUALITY OF LIFE OUTCOMES,https://www.oaj.com.cn/Journal/health-and-quality-of-life-outcomes,,1477-7525,BioMed Central,English,United Kingdom,Gold OA,Frontier Science Journal,2区,OAJ,https://www.oaj.com.cn/simplesearch?field=1,33,2026-05-21T07:21:51+00:00
HARM REDUCTION JOURNAL,https://www.oaj.com.cn/Journal/harm-reduction-journal,,1477-7517,BioMed Central,English,United Kingdom,Gold OA,Frontier Science Journal,2区,OAJ,https://www.oaj.com.cn/simplesearch?field=1,33,2026-05-21T07:21:51+00:00
HEAD & FACE MEDICINE,https://www.oaj.com.cn/Journal/head-face-medicine,,1746-160X,BioMed Central,English,United Kingdom,Gold OA,Frontier Science Journal,2区,OAJ,https://www.oaj.com.cn/simplesearch?field=1,33,2026-05-21T07:21:51+00:00
GUT PATHOGENS,https://www.oaj.com.cn/Journal/gut-pathogens,,1757-4749,BioMed Central,English,United Kingdom,Gold OA,Frontier Science Journal,3区,OAJ,https://www.oaj.com.cn/simplesearch?field=1,33,2026-05-21T07:21:51+00:00
HIGH POWER LASER SCIENCE AND ENGINEERING,https://www.oaj.com.cn/Journal/high-power-laser-science-and-engineering,2095-4719,2052-3289,Cambridge University Press,English,China,Gold OA,Frontier Science Journal,1区,OAJ,https://www.oaj.com.cn/simplesearch?field=1,33,2026-05-21T07:21:51+00:00
HEALTH EXPECTATIONS,https://www.oaj.com.cn/Journal/health-expectations,1757-1693,1369-7625,Wiley,English,USA,Gold OA,Frontier Science Journal,2区,OAJ,https://www.oaj.com.cn/simplesearch?field=1,33,2026-05-21T07:21:51+00:00
HEMASPHERE,https://www.oaj.com.cn/Journal/hemasphere,,2572-9241,Wiley,English,USA,Gold OA,Frontier Science Journal,3区,OAJ,https://www.oaj.com.cn/simplesearch?field=1,33,2026-05-21T07:21:51+00:00
GUT MICROBES,https://www.oaj.com.cn/Journal/gut-microbes,,1949-0984,Taylor & Francis,English,United Kingdom,,,1区,OAJ,https://www.oaj.com.cn/simplesearch?field=1,33,2026-05-21T07:21:51+00:00
HORTICULTURAL PLANT JOURNAL,https://www.oaj.com.cn/Journal/horticultural-plant-journal,2095-9885,2468-0141,"KeAi Communications Co., Ltd.",English,China,金色OA,Frontier Science Journal,1区,OAJ,https://www.oaj.com.cn/simplesearch?field=1,34,2026-05-21T07:21:51+00:00
HUMAN RESOURCES FOR HEALTH,https://www.oaj.com.cn/Journal/human-resources-for-health,,1478-4491,BioMed Central,English,United Kingdom,Gold OA,Frontier Science Journal,2区,OAJ,https://www.oaj.com.cn/simplesearch?field=1,34,2026-05-21T07:21:51+00:00
HUMAN GENOMICS,https://www.oaj.com.cn/Journal/human-genomics,,1479-7364,BioMed Central,English,United Kingdom,Gold OA,Frontier Science Journal,2区,OAJ,https://www.oaj.com.cn/simplesearch?field=1,34,2026-05-21T07:21:51+00:00
HUMANITIES & SOCIAL SCIENCES COMMUNICATIONS,https://www.oaj.com.cn/Journal/humanities-social-sciences-communications,,2662-9992,Palgrave Macmillan,English,United Kingdom,Gold OA,Frontier Science Journal,2区,OAJ,https://www.oaj.com.cn/simplesearch?field=1,34,2026-05-21T07:21:51+00:00
IET POWER ELECTRONICS,https://www.oaj.com.cn/Journal/iet-power-electronics,1755-4535,1755-4543,Wiley,English,USA,,,,OAJ,https://www.oaj.com.cn/simplesearch?field=1,34,2026-05-21T07:21:51+00:00
IET INTELLIGENT TRANSPORT SYSTEMS,https://www.oaj.com.cn/Journal/iet-intelligent-transport-systems,1751-956X,1751-9578,Wiley,English,USA,,,,OAJ,https://www.oaj.com.cn/simplesearch?field=1,34,2026-05-21T07:21:51+00:00
HIGH VOLTAGE,https://www.oaj.com.cn/Journal/high-voltage,2096-9813,2397-7264,Wiley,English,USA,Gold OA,Frontier Science Journal,2区,OAJ,https://www.oaj.com.cn/simplesearch?field=1,34,2026-05-21T07:21:51+00:00
HUMAN BRAIN MAPPING,https://www.oaj.com.cn/Journal/human-brain-mapping,1065-9471,1097-0193,Wiley,English,USA,Gold OA,Frontier Science Journal,2区,OAJ,https://www.oaj.com.cn/simplesearch?field=1,34,2026-05-21T07:21:51+00:00
HUMAN MUTATION,https://www.oaj.com.cn/Journal/human-mutation,1059-7794,1098-1004,Wiley,English,United Kingdom,Gold OA,Frontier Science Journal,2区,OAJ,https://www.oaj.com.cn/simplesearch?field=1,34,2026-05-21T07:21:51+00:00
IATSS Research,https://www.oaj.com.cn/Journal/iatss-research,0386-1112,2210-4240,Elsevier,English,United Kingdom,Gold OA,Frontier Science Journal,2区,OAJ,https://www.oaj.com.cn/simplesearch?field=1,34,2026-05-21T07:21:51+00:00
INFECTIOUS DISEASES AND THERAPY,https://www.oaj.com.cn/Journal/infectious-diseases-and-therapy,2193-8229,2193-6382,Adis,English,United Kingdom,Gold OA,Frontier Science Journal,2区,OAJ,https://www.oaj.com.cn/simplesearch?field=1,35,2026-05-21T07:21:51+00:00
IMPLEMENTATION SCIENCE,https://www.oaj.com.cn/Journal/implementation-science,,1748-5908,BioMed Central,English,United Kingdom,Gold OA,Frontier Science Journal,1区,OAJ,https://www.oaj.com.cn/simplesearch?field=1,35,2026-05-21T07:21:51+00:00
IMMUNITY & AGEING,https://www.oaj.com.cn/Journal/immunity-ageing,,1742-4933,BioMed Central,English,United Kingdom,Gold OA,Frontier Science Journal,2区,OAJ,https://www.oaj.com.cn/simplesearch?field=1,35,2026-05-21T07:21:51+00:00
INFECTIOUS DISEASES OF POVERTY,https://www.oaj.com.cn/Journal/infectious-diseases-of-poverty,,2049-9957,BioMed Central,English,United Kingdom,Gold OA,Frontier Science Journal,1区,OAJ,https://www.oaj.com.cn/simplesearch?field=1,35,2026-05-21T07:21:51+00:00
IMMUNOBIOLOGY,https://www.oaj.com.cn/Journal/immunobiology,,0171-2985,Elsevier,Multi-Language,Germany,Gold OA,Frontier Science Journal,4区,OAJ,https://www.oaj.com.cn/simplesearch?field=1,35,2026-05-21T07:21:51+00:00
IET RADAR SONAR AND NAVIGATION,https://www.oaj.com.cn/Journal/iet-radar-sonar-and-navigation,1751-8784,1751-8792,Wiley,English,USA,,,,OAJ,https://www.oaj.com.cn/simplesearch?field=1,35,2026-05-21T07:21:51+00:00
IET SYSTEMS BIOLOGY,https://www.oaj.com.cn/Journal/iet-systems-biology,1751-8849,1751-8857,Wiley,English,United Kingdom,Gold OA,Frontier Science Journal,,OAJ,https://www.oaj.com.cn/simplesearch?field=1,35,2026-05-21T07:21:51+00:00
IMETA,https://www.oaj.com.cn/Journal/imeta,1740-8695,2770-596X,Wiley,English,Australia,Gold OA,Frontier Science Journal,1区,OAJ,https://www.oaj.com.cn/simplesearch?field=1,35,2026-05-21T07:21:51+00:00
INFOMAT,https://www.oaj.com.cn/Journal/infomat,0380-0547,2567-3165,Wiley,English,USA,Gold OA,Frontier Science Journal,1区,OAJ,https://www.oaj.com.cn/simplesearch?field=1,35,2026-05-21T07:21:51+00:00
INDOOR AIR,https://www.oaj.com.cn/Journal/indoor-air,0905-6947,1600-0668,Wiley,English,United Kingdom,Gold OA,Frontier Science Journal,3区,OAJ,https://www.oaj.com.cn/simplesearch?field=1,35,2026-05-21T07:21:51+00:00
INTERDISCIPLINARY MEDICINE,https://www.oaj.com.cn/Journal/interdisciplinary-medicine,2832-6237,2832-6245,Wiley,English,Germany,Gold OA,Frontier Science Journal,,OAJ,https://www.oaj.com.cn/simplesearch?field=1,36,2026-05-21T07:21:51+00:00
INTERNATIONAL JOURNAL FOR EQUITY IN HEALTH,https://www.oaj.com.cn/Journal/international-journal-for-equity-in-health,,1475-9276,BioMed Central,English,United Kingdom,Gold OA,Frontier Science Journal,2区,OAJ,https://www.oaj.com.cn/simplesearch?field=1,36,2026-05-21T07:21:51+00:00
INTERNATIONAL BREASTFEEDING JOURNAL,https://www.oaj.com.cn/Journal/international-breastfeeding-journal,,1746-4358,BioMed Central,English,United Kingdom,Gold OA,Frontier Science Journal,2区,OAJ,https://www.oaj.com.cn/simplesearch?field=1,36,2026-05-21T07:21:51+00:00
INSIGHTS INTO IMAGING,https://www.oaj.com.cn/Journal/insights-into-imaging,,1869-4101,Springer,English,USA,Gold OA,Frontier Science Journal,2区,OAJ,https://www.oaj.com.cn/simplesearch?field=1,36,2026-05-21T07:21:51+00:00
INTERNATIONAL JOURNAL OF APPLIED EARTH OBSERVATION AND GEOINFORMATION,https://www.oaj.com.cn/Journal/international-journal-of-applied-earth-observation-and-geoinformation,1569-8432,1872-826X,Elsevier,English,Netherlands,Gold OA,Frontier Science Journal,1区,OAJ,https://www.oaj.com.cn/simplesearch?field=1,36,2026-05-21T07:21:51+00:00
INTERNATIONAL DENTAL JOURNAL,https://www.oaj.com.cn/Journal/international-dental-journal,0020-6539,1875-595X,Elsevier,English,Netherlands,Gold OA,Frontier Science Journal,2区,OAJ,https://www.oaj.com.cn/simplesearch?field=1,36,2026-05-21T07:21:51+00:00
INTERNATIONAL JOURNAL FOR PARASITOLOGY-DRUGS AND DRUG RESISTANCE,https://www.oaj.com.cn/Journal/international-journal-for-parasitology-drugs-and-drug-resistance,2211-3207,2211-3207,Elsevier,English,United Kingdom,Gold OA,Frontier Science Journal,2区,OAJ,https://www.oaj.com.cn/simplesearch?field=1,36,2026-05-21T07:21:51+00:00
INTERNATIONAL JOURNAL OF AGRICULTURAL SUSTAINABILITY,https://www.oaj.com.cn/Journal/international-journal-of-agricultural-sustainability,,1747-762X,Taylor & Francis,English,United Kingdom,,,2区,OAJ,https://www.oaj.com.cn/simplesearch?field=1,36,2026-05-21T07:21:51+00:00
Intelligent Pharmacy,https://www.oaj.com.cn/Journal/intelligent-pharmacy,,2949-866X,"KeAi Communications Co., Ltd.",English,China,Gold OA,Frontier Science Journal,,OAJ,https://www.oaj.com.cn/simplesearch?field=1,36,2026-05-21T07:21:51+00:00
Intelligent Oncology,https://www.oaj.com.cn/Journal/intelligent-oncology,2097-7131,2950-2616,"KeAi Communications Co., Ltd.",English,China,Gold OA,Sound Science Journal,,OAJ,https://www.oaj.com.cn/simplesearch?field=1,36,2026-05-21T07:21:51+00:00
INTERNATIONAL JOURNAL OF CONCRETE STRUCTURES AND MATERIALS,https://www.oaj.com.cn/Journal/international-journal-of-concrete-structures-and-materials,,2234-1315,Springer,English,USA,,,,OAJ,https://www.oaj.com.cn/simplesearch?field=1,37,2026-05-21T07:21:51+00:00
INTERNATIONAL JOURNAL OF DISASTER RISK SCIENCE,https://www.oaj.com.cn/Journal/international-journal-of-disaster-risk-science,,2192-6395,"Beijing Normal University Press, co-published with Springer",English,USA,Gold OA,Frontier Science Journal,2区,OAJ,https://www.oaj.com.cn/simplesearch?field=1,37,2026-05-21T07:21:51+00:00
INTERNATIONAL JOURNAL OF BEHAVIORAL NUTRITION AND PHYSICAL ACTIVITY,https://www.oaj.com.cn/Journal/international-journal-of-behavioral-nutrition-and-physical-activity,,1479-5868,BioMed Central,English,United Kingdom,Gold OA,Frontier Science Journal,1区,OAJ,https://www.oaj.com.cn/simplesearch?field=1,37,2026-05-21T07:21:51+00:00
INTERNATIONAL JOURNAL OF EDUCATIONAL TECHNOLOGY IN HIGHER EDUCATION,https://www.oaj.com.cn/Journal/international-journal-of-educational-technology-in-higher-education,,2365-9440,Springer,English,USA,Gold OA,Frontier Science Journal,1区,OAJ,https://www.oaj.com.cn/simplesearch?field=1,37,2026-05-21T07:21:51+00:00
INTERNATIONAL JOURNAL OF BIPOLAR DISORDERS,https://www.oaj.com.cn/Journal/international-journal-of-bipolar-disorders,,2194-7511,Springer,English,USA,Gold OA,Frontier Science Journal,3区,OAJ,https://www.oaj.com.cn/simplesearch?field=1,37,2026-05-21T07:21:51+00:00
INTERNATIONAL JOURNAL OF ELECTRICAL POWER & ENERGY SYSTEMS,https://www.oaj.com.cn/Journal/international-journal-of-electrical-power-energy-systems,0142-0615,1879-3517,Elsevier,English,United Kingdom,Gold OA,Frontier Science Journal,2区,OAJ,https://www.oaj.com.cn/simplesearch?field=1,37,2026-05-21T07:21:51+00:00
INTERNATIONAL JOURNAL OF CLINICAL AND HEALTH PSYCHOLOGY,https://www.oaj.com.cn/Journal/international-journal-of-clinical-and-health-psychology,1697-2600,1576-7329,Elsevier,Multi-Language,USA,Gold OA,Frontier Science Journal,2区,OAJ,https://www.oaj.com.cn/simplesearch?field=1,37,2026-05-21T07:21:51+00:00
INTERNATIONAL JOURNAL OF DIGITAL EARTH,https://www.oaj.com.cn/Journal/international-journal-of-digital-earth,,1753-8955,Taylor & Francis,English,United Kingdom,,,2区,OAJ,https://www.oaj.com.cn/simplesearch?field=1,37,2026-05-21T07:21:51+00:00
INTERNATIONAL JOURNAL OF BIOPRINTING,https://www.oaj.com.cn/Journal/international-journal-of-bioprinting,,2424-8002,AccScience Publishing,English,Singapore,,,2区,OAJ,https://www.oaj.com.cn/simplesearch?field=1,37,2026-05-21T07:21:51+00:00
International Journal of Coal Science & Technology,https://www.oaj.com.cn/Journal/international-journal-of-coal-science-technology,2095-8293,2198-7823,Springer Nature Singapore,English,Singapore,Gold OA,Frontier Science Journal,1区,OAJ,https://www.oaj.com.cn/simplesearch?field=1,37,2026-05-21T07:21:51+00:00
INTERNATIONAL JOURNAL OF MENTAL HEALTH SYSTEMS,https://www.oaj.com.cn/Journal/international-journal-of-mental-health-systems,,1752-4458,BioMed Central,English,United Kingdom,Gold OA,Frontier Science Journal,2区,OAJ,https://www.oaj.com.cn/simplesearch?field=1,38,2026-05-21T07:21:51+00:00
INTERNATIONAL JOURNAL OF IMPLANT DENTISTRY,https://www.oaj.com.cn/Journal/international-journal-of-implant-dentistry,,2198-4034,Springer,English,Japan,Gold OA,Frontier Science Journal,2区,OAJ,https://www.oaj.com.cn/simplesearch?field=1,38,2026-05-21T07:21:51+00:00
INTERNATIONAL JOURNAL OF ORAL SCIENCE,https://www.oaj.com.cn/Journal/international-journal-of-oral-science,,2049-3169,Springer Nature,English,United Kingdom,Gold OA,Frontier Science Journal,1区,OAJ,https://www.oaj.com.cn/simplesearch?field=1,38,2026-05-21T07:21:51+00:00
INTERNATIONAL JOURNAL OF MEDICAL MICROBIOLOGY,https://www.oaj.com.cn/Journal/international-journal-of-medical-microbiology,1438-4221,1618-0607,Elsevier,English,Germany,Gold OA,Frontier Science Journal,2区,OAJ,https://www.oaj.com.cn/simplesearch?field=1,38,2026-05-21T07:21:51+00:00
INTERNATIONAL JOURNAL OF MINING SCIENCE AND TECHNOLOGY,https://www.oaj.com.cn/Journal/international-journal-of-mining-science-and-technology,2095-2686,2212-6066,Elsevier,English,Netherlands,Gold OA,Frontier Science Journal,1区,OAJ,https://www.oaj.com.cn/simplesearch?field=1,38,2026-05-21T07:21:51+00:00
INTERNATIONAL JOURNAL OF INFECTIOUS DISEASES,https://www.oaj.com.cn/Journal/international-journal-of-infectious-diseases,1201-9712,1878-3511,Elsevier,English,United Kingdom,Gold OA,Frontier Science Journal,2区,OAJ,https://www.oaj.com.cn/simplesearch?field=1,38,2026-05-21T07:21:51+00:00
INTERNATIONAL JOURNAL OF ENERGY RESEARCH,https://www.oaj.com.cn/Journal/international-journal-of-energy-research,0363-907X,1099-114X,Wiley,English,United Kingdom,,,,OAJ,https://www.oaj.com.cn/simplesearch?field=1,38,2026-05-21T07:21:51+00:00
INTERNATIONAL JOURNAL OF INTELLIGENT SYSTEMS,https://www.oaj.com.cn/Journal/international-journal-of-intelligent-systems,0884-8173,1098-111X,Wiley,English,USA,Gold OA,Frontier Science Journal,3区,OAJ,https://www.oaj.com.cn/simplesearch?field=1,38,2026-05-21T07:21:51+00:00
INTERNATIONAL JOURNAL OF OPTOMECHATRONICS,https://www.oaj.com.cn/Journal/international-journal-of-optomechatronics,,1559-9620,Taylor & Francis,English,United Kingdom,,,,OAJ,https://www.oaj.com.cn/simplesearch?field=1,38,2026-05-21T07:21:51+00:00
INTERNATIONAL JOURNAL OF FRUIT SCIENCE,https://www.oaj.com.cn/Journal/international-journal-of-fruit-science,,1553-8621,Taylor & Francis,English,United Kingdom,,,,OAJ,https://www.oaj.com.cn/simplesearch?field=1,38,2026-05-21T07:21:51+00:00
INTERNATIONAL SOIL AND WATER CONSERVATION RESEARCH,https://www.oaj.com.cn/Journal/international-soil-and-water-conservation-research,2095-6339,2589-059X,"KeAi Communications Co., Ltd.",English,China,金色OA,Frontier Science Journal,1区,OAJ,https://www.oaj.com.cn/simplesearch?field=1,39,2026-05-21T07:21:51+00:00
INTERNATIONAL JOURNAL OF SEDIMENT RESEARCH,https://www.oaj.com.cn/Journal/international-journal-of-sediment-research,2589-7284,1001-6279,"KeAi Communications Co., Ltd.",English,China,金色OA,Frontier Science Journal,2区,OAJ,https://www.oaj.com.cn/simplesearch?field=1,39,2026-05-21T07:21:51+00:00
IRISH VETERINARY JOURNAL,https://www.oaj.com.cn/Journal/irish-veterinary-journal,,2046-0481,BioMed Central,English,United Kingdom,Gold OA,Frontier Science Journal,2区,OAJ,https://www.oaj.com.cn/simplesearch?field=1,39,2026-05-21T07:21:51+00:00
INTERNATIONAL JOURNAL OF STEM EDUCATION,https://www.oaj.com.cn/Journal/international-journal-of-stem-education,,2196-7822,Springer,English,USA,Gold OA,Frontier Science Journal,1区,OAJ,https://www.oaj.com.cn/simplesearch?field=1,39,2026-05-21T07:21:51+00:00
INTERNATIONAL THEORY,https://www.oaj.com.cn/Journal/international-theory,1752-9719,1752-9727,Cambridge University Press,English,United Kingdom,Gold OA,Frontier Science Journal,2区,OAJ,https://www.oaj.com.cn/simplesearch?field=1,39,2026-05-21T07:21:51+00:00
INTERNATIONAL JOURNAL OF QUALITATIVE METHODS,https://www.oaj.com.cn/Journal/international-journal-of-qualitative-methods,1609-4069,1609-4069,Sage,English,USA,Gold OA,Frontier Science Journal,2区,OAJ,https://www.oaj.com.cn/simplesearch?field=1,39,2026-05-21T07:21:51+00:00
INTERNET INTERVENTIONS-THE APPLICATION OF INFORMATION TECHNOLOGY IN MENTAL AND BEHAVIOURAL HEALTH,https://www.oaj.com.cn/Journal/internet-interventions-the-application-of-information-technology-in-mental-and-behavioural-health,2214-7829,2214-7829,Elsevier,English,Netherlands,Gold OA,Frontier Science Journal,2区,OAJ,https://www.oaj.com.cn/simplesearch?field=1,39,2026-05-21T07:21:51+00:00
INTERNATIONAL JOURNAL OF PHARMACEUTICS-X,https://www.oaj.com.cn/Journal/international-journal-of-pharmaceutics-x,2590-1567,2590-1567,Elsevier,English,Netherlands,Gold OA,Frontier Science Journal,2区,OAJ,https://www.oaj.com.cn/simplesearch?field=1,39,2026-05-21T07:21:51+00:00
INTERNATIONAL JOURNAL OF POPULATION STUDIES,https://www.oaj.com.cn/Journal/international-journal-of-population-studies,2424-8606,2424-8150,AccScience Publishing,English,Singapore,金色OA,Frontier Science Journal,,OAJ,https://www.oaj.com.cn/simplesearch?field=1,39,2026-05-21T07:21:51+00:00
IRADIOLOGY《智能影像学（英文）》,https://www.oaj.com.cn/Journal/iradiology-%E6%99%BA%E8%83%BD%E5%BD%B1%E5%83%8F%E5%AD%A6-%E8%8B%B1%E6%96%87,2834-2860,2834-2879,清华大学出版社,英文,China,金色OA,Frontier Science Journal,,OAJ,https://www.oaj.com.cn/simplesearch?field=1,39,2026-05-21T07:21:51+00:00
JOURNAL OF ANIMAL SCIENCE AND BIOTECHNOLOGY,https://www.oaj.com.cn/Journal/journal-of-animal-science-and-biotechnology,,2049-1891,BioMed Central,English,United Kingdom,Gold OA,Frontier Science Journal,1区,OAJ,https://www.oaj.com.cn/simplesearch?field=1,40,2026-05-21T07:21:51+00:00
ISCIENCE,https://www.oaj.com.cn/Journal/iscience,,2589-0042,Elsevier,English,United Kingdom,Gold OA,Frontier Science Journal,2区,OAJ,https://www.oaj.com.cn/simplesearch?field=1,40,2026-05-21T07:21:51+00:00
JHEP REPORTS,https://www.oaj.com.cn/Journal/jhep-reports,2589-5559,2589-5559,Elsevier,English,Netherlands,Gold OA,Frontier Science Journal,1区,OAJ,https://www.oaj.com.cn/simplesearch?field=1,40,2026-05-21T07:21:51+00:00
JACC-CARDIOONCOLOGY,https://www.oaj.com.cn/Journal/jacc-cardiooncology,2666-0873,2666-0873,Elsevier,English,Netherlands,Gold OA,Frontier Science Journal,1区,OAJ,https://www.oaj.com.cn/simplesearch?field=1,40,2026-05-21T07:21:51+00:00
JACC-BASIC TO TRANSLATIONAL SCIENCE,https://www.oaj.com.cn/Journal/jacc-basic-to-translational-science,2452-302X,2452-302X,Elsevier,English,USA,Gold OA,Frontier Science Journal,1区,OAJ,https://www.oaj.com.cn/simplesearch?field=1,40,2026-05-21T07:21:51+00:00
JAPANESE DENTAL SCIENCE REVIEW,https://www.oaj.com.cn/Journal/japanese-dental-science-review,1882-7616,2213-6851,Elsevier,English,United Kingdom,Gold OA,Frontier Science Journal,2区,OAJ,https://www.oaj.com.cn/simplesearch?field=1,40,2026-05-21T07:21:51+00:00
JOURNAL OF ADVANCES IN MODELING EARTH SYSTEMS,https://www.oaj.com.cn/Journal/journal-of-advances-in-modeling-earth-systems,,1942-2466,Wiley,English,USA,Gold OA,Frontier Science Journal,2区,OAJ,https://www.oaj.com.cn/simplesearch?field=1,40,2026-05-21T07:21:51+00:00
JACS AU,https://www.oaj.com.cn/Journal/jacs-au,,2691-3704,American Chemical Society,English,USA,Gold OA,Frontier Science Journal,1区,OAJ,https://www.oaj.com.cn/simplesearch?field=1,40,2026-05-21T07:21:51+00:00
Journal of Agricultural and Applied Economics,https://www.oaj.com.cn/Journal/journal-of-agricultural-and-applied-economics,1074-0708,2056-7405,Cambridge University Press,English,United Kingdom,Gold OA,Frontier Science Journal,4区,OAJ,https://www.oaj.com.cn/simplesearch?field=1,40,2026-05-21T07:21:51+00:00
Journal of Agriculture and Food Research,https://www.oaj.com.cn/Journal/journal-of-agriculture-and-food-research,2666-1543,2666-1543,Elsevier,English,Netherlands,Gold OA,,2区,OAJ,https://www.oaj.com.cn/simplesearch?field=1,40,2026-05-21T07:21:51+00:00
JOURNAL OF BIOLOGICAL ENGINEERING,https://www.oaj.com.cn/Journal/journal-of-biological-engineering,,1754-1611,BioMed Central,English,United Kingdom,Gold OA,Frontier Science Journal,2区,OAJ,https://www.oaj.com.cn/simplesearch?field=1,41,2026-05-21T07:21:51+00:00
JOURNAL OF CHEMINFORMATICS,https://www.oaj.com.cn/Journal/journal-of-cheminformatics,,1758-2946,BioMed Central,English,United Kingdom,Gold OA,Frontier Science Journal,2区,OAJ,https://www.oaj.com.cn/simplesearch?field=1,41,2026-05-21T07:21:51+00:00
JOURNAL OF BIOMEDICAL SCIENCE,https://www.oaj.com.cn/Journal/journal-of-biomedical-science,,1423-0127,BioMed Central,English,United Kingdom,Gold OA,Frontier Science Journal,1区,OAJ,https://www.oaj.com.cn/simplesearch?field=1,41,2026-05-21T07:21:51+00:00
JOURNAL OF BIG DATA,https://www.oaj.com.cn/Journal/journal-of-big-data,,2196-1115,Springer,English,United Kingdom,Gold OA,Frontier Science Journal,2区,OAJ,https://www.oaj.com.cn/simplesearch?field=1,41,2026-05-21T07:21:51+00:00
JOURNAL OF BRITISH STUDIES,https://www.oaj.com.cn/Journal/journal-of-british-studies,0021-9371,1545-6986,Cambridge University Press,English,USA,Gold OA,Frontier Science Journal,1区,OAJ,https://www.oaj.com.cn/simplesearch?field=1,41,2026-05-21T07:21:51+00:00
JOURNAL OF CARDIOVASCULAR MAGNETIC RESONANCE,https://www.oaj.com.cn/Journal/journal-of-cardiovascular-magnetic-resonance,1097-6647,1532-429X,Elsevier,English,United Kingdom,Gold OA,Frontier Science Journal,2区,OAJ,https://www.oaj.com.cn/simplesearch?field=1,41,2026-05-21T07:21:51+00:00
JOURNAL OF BIOLOGICAL CHEMISTRY,https://www.oaj.com.cn/Journal/journal-of-biological-chemistry,0021-9258,1083-351X,Elsevier,English,Netherlands,Gold OA,Frontier Science Journal,2区,OAJ,https://www.oaj.com.cn/simplesearch?field=1,41,2026-05-21T07:21:51+00:00
JOURNAL OF CACHEXIA SARCOPENIA AND MUSCLE,https://www.oaj.com.cn/Journal/journal-of-cachexia-sarcopenia-and-muscle,2190-5991,2190-6009,Wiley,English,USA,Gold OA,Frontier Science Journal,1区,OAJ,https://www.oaj.com.cn/simplesearch?field=1,41,2026-05-21T07:21:51+00:00
JOURNAL OF BIOLOGICAL DYNAMICS,https://www.oaj.com.cn/Journal/journal-of-biological-dynamics,,1751-3766,Taylor & Francis,English,United Kingdom,,,,OAJ,https://www.oaj.com.cn/simplesearch?field=1,41,2026-05-21T07:21:51+00:00
Journal of Bioresources and Bioproducts,https://www.oaj.com.cn/Journal/journal-of-bioresources-and-bioproducts,2097-2415,2369-9698,"KeAi Communications Co., Ltd.",English,,,,1区,OAJ,https://www.oaj.com.cn/simplesearch?field=1,41,2026-05-21T07:21:51+00:00
JOURNAL OF EATING DISORDERS,https://www.oaj.com.cn/Journal/journal-of-eating-disorders,,2050-2974,BioMed Central,English,United Kingdom,Gold OA,Frontier Science Journal,2区,OAJ,https://www.oaj.com.cn/simplesearch?field=1,42,2026-05-21T07:21:51+00:00
JOURNAL OF CHILD LANGUAGE,https://www.oaj.com.cn/Journal/journal-of-child-language,0305-0009,1469-7602,Cambridge University Press,English,USA,Gold OA,Frontier Science Journal,2区,OAJ,https://www.oaj.com.cn/simplesearch?field=1,42,2026-05-21T07:21:51+00:00
JOURNAL OF ENGINEERED FIBERS AND FABRICS,https://www.oaj.com.cn/Journal/journal-of-engineered-fibers-and-fabrics,,1558-9250,Sage,English,United Kingdom,,,,OAJ,https://www.oaj.com.cn/simplesearch?field=1,42,2026-05-21T07:21:51+00:00
JOURNAL OF CURRENT SOUTHEAST ASIAN AFFAIRS,https://www.oaj.com.cn/Journal/journal-of-current-southeast-asian-affairs,1868-1034,1868-4882,Sage,English,USA,Gold OA,Frontier Science Journal,2区,OAJ,https://www.oaj.com.cn/simplesearch?field=1,42,2026-05-21T07:21:51+00:00
JOURNAL OF DAIRY SCIENCE,https://www.oaj.com.cn/Journal/journal-of-dairy-science,0022-0302,1525-3198,Elsevier,English,USA,Gold OA,Frontier Science Journal,1区,OAJ,https://www.oaj.com.cn/simplesearch?field=1,42,2026-05-21T07:21:51+00:00
JOURNAL OF CO2 UTILIZATION,https://www.oaj.com.cn/Journal/journal-of-co2-utilization,2212-9820,2212-9839,Elsevier,English,United Kingdom,Gold OA,Frontier Science Journal,2区,OAJ,https://www.oaj.com.cn/simplesearch?field=1,42,2026-05-21T07:21:51+00:00
JOURNAL OF DIABETES,https://www.oaj.com.cn/Journal/journal-of-diabetes,1753-0393,1753-0407,Wiley,English,USA,Gold OA,Frontier Science Journal,3区,OAJ,https://www.oaj.com.cn/simplesearch?field=1,42,2026-05-21T07:21:51+00:00
JOURNAL OF ENZYME INHIBITION AND MEDICINAL CHEMISTRY,https://www.oaj.com.cn/Journal/journal-of-enzyme-inhibition-and-medicinal-chemistry,,1475-6374,Taylor & Francis,English,United Kingdom,,,2区,OAJ,https://www.oaj.com.cn/simplesearch?field=1,42,2026-05-21T07:21:51+00:00
JOURNAL OF DEEP SPACE EXPLORATION,https://www.oaj.com.cn/Journal/journal-of-deep-space-exploration,2096-9287,,Beijing Institute of Technology Press,English,China,Gold OA,Frontier Science Journal,,OAJ,https://www.oaj.com.cn/simplesearch?field=1,42,2026-05-21T07:21:51+00:00
JOURNAL OF DATA AND INFORMATION SCIENCE,https://www.oaj.com.cn/Journal/journal-of-data-and-information-science,2096-157X,2543-683X,Sciendo,English,Poland,Diamond/Platinum OA,Frontier Science Journal,2区,OAJ,https://www.oaj.com.cn/simplesearch?field=1,42,2026-05-21T07:21:51+00:00
JOURNAL OF EXPERIMENTAL & CLINICAL CANCER RESEARCH,https://www.oaj.com.cn/Journal/journal-of-experimental-clinical-cancer-research,,1756-9966,BioMed Central,English,United Kingdom,Gold OA,Frontier Science Journal,1区,OAJ,https://www.oaj.com.cn/simplesearch?field=1,43,2026-05-21T07:21:51+00:00
JOURNAL OF ETHNOBIOLOGY AND ETHNOMEDICINE,https://www.oaj.com.cn/Journal/journal-of-ethnobiology-and-ethnomedicine,,1746-4269,BioMed Central,English,United Kingdom,Gold OA,Frontier Science Journal,2区,OAJ,https://www.oaj.com.cn/simplesearch?field=1,43,2026-05-21T07:21:51+00:00
JOURNAL OF FUNCTIONAL BIOMATERIALS,https://www.oaj.com.cn/Journal/journal-of-functional-biomaterials,,2079-4983,MDPI,English,Switzerland,Gold OA,Sound Science Journal,3区,OAJ,https://www.oaj.com.cn/simplesearch?field=1,43,2026-05-21T07:21:51+00:00
JOURNAL OF FELINE MEDICINE AND SURGERY,https://www.oaj.com.cn/Journal/journal-of-feline-medicine-and-surgery,1098-612X,1532-2750,Sage,English,United Kingdom,Gold OA,Frontier Science Journal,2区,OAJ,https://www.oaj.com.cn/simplesearch?field=1,43,2026-05-21T07:21:51+00:00
JOURNAL OF EXERCISE SCIENCE & FITNESS,https://www.oaj.com.cn/Journal/journal-of-exercise-science-fitness,1728-869X,1728-869X,Elsevier,English,Singapore,Gold OA,Frontier Science Journal,3区,OAJ,https://www.oaj.com.cn/simplesearch?field=1,43,2026-05-21T07:21:51+00:00
JOURNAL OF FOOD PROTECTION,https://www.oaj.com.cn/Journal/journal-of-food-protection,,0362-028X,Elsevier,Multi-Language,USA,Gold OA,Frontier Science Journal,3区,OAJ,https://www.oaj.com.cn/simplesearch?field=1,43,2026-05-21T07:21:51+00:00
JOURNAL OF FUNCTIONAL FOODS,https://www.oaj.com.cn/Journal/journal-of-functional-foods,1756-4646,2214-9414,Elsevier,English,Netherlands,Gold OA,Frontier Science Journal,2区,OAJ,https://www.oaj.com.cn/simplesearch?field=1,43,2026-05-21T07:21:51+00:00
JOURNAL OF EXTRACELLULAR VESICLES,https://www.oaj.com.cn/Journal/journal-of-extracellular-vesicles,,2001-3078,Wiley,English,USA,Gold OA,Frontier Science Journal,1区,OAJ,https://www.oaj.com.cn/simplesearch?field=1,43,2026-05-21T07:21:51+00:00
JOURNAL OF FOOD BIOCHEMISTRY,https://www.oaj.com.cn/Journal/journal-of-food-biochemistry,0145-8884,1745-4514,Wiley,English,United Kingdom,Gold OA,Frontier Science Journal,3区,OAJ,https://www.oaj.com.cn/simplesearch?field=1,43,2026-05-21T07:21:51+00:00
Journal of Ginseng Research,https://www.oaj.com.cn/Journal/journal-of-ginseng-research,1226-8453,2093-4947,Elsevier,English,Netherlands,Gold OA,Frontier Science Journal,2区,OAJ,https://www.oaj.com.cn/simplesearch?field=1,43,2026-05-21T07:21:51+00:00
JOURNAL OF INTENSIVE CARE,https://www.oaj.com.cn/Journal/journal-of-intensive-care,,2052-0492,BioMed Central,English,United Kingdom,Gold OA,Frontier Science Journal,2区,OAJ,https://www.oaj.com.cn/simplesearch?field=1,44,2026-05-21T07:21:51+00:00
JOURNAL OF HEMATOLOGY & ONCOLOGY,https://www.oaj.com.cn/Journal/journal-of-hematology-oncology,,1756-8722,BioMed Central,English,United Kingdom,Gold OA,Frontier Science Journal,1区,OAJ,https://www.oaj.com.cn/simplesearch?field=1,44,2026-05-21T07:21:51+00:00
JOURNAL OF HIGH ENERGY PHYSICS,https://www.oaj.com.cn/Journal/journal-of-high-energy-physics,,1029-8479,Springer,English,USA,Gold OA,Frontier Science Journal,2区,OAJ,https://www.oaj.com.cn/simplesearch?field=1,44,2026-05-21T07:21:51+00:00
JOURNAL OF INDUSTRIAL TEXTILES,https://www.oaj.com.cn/Journal/journal-of-industrial-textiles,,1530-8057,Sage,English,USA,,,,OAJ,https://www.oaj.com.cn/simplesearch?field=1,44,2026-05-21T07:21:51+00:00
JOURNAL OF INFECTION,https://www.oaj.com.cn/Journal/journal-of-infection,0163-4453,1532-2742,Elsevier,English,United Kingdom,Gold OA,Frontier Science Journal,2区,OAJ,https://www.oaj.com.cn/simplesearch?field=1,44,2026-05-21T07:21:51+00:00
JOURNAL OF HYDROLOGY-REGIONAL STUDIES,https://www.oaj.com.cn/Journal/journal-of-hydrology-regional-studies,2214-5818,2214-5818,Elsevier,English,Netherlands,Gold OA,Frontier Science Journal,2区,OAJ,https://www.oaj.com.cn/simplesearch?field=1,44,2026-05-21T07:21:51+00:00
JOURNAL OF INTEGRATIVE AGRICULTURE,https://www.oaj.com.cn/Journal/journal-of-integrative-agriculture,2095-3119,2352-3425,Elsevier,English,United Kingdom,Gold OA,Frontier Science Journal,1区,OAJ,https://www.oaj.com.cn/simplesearch?field=1,44,2026-05-21T07:21:51+00:00
JOURNAL OF INNOVATION & KNOWLEDGE,https://www.oaj.com.cn/Journal/journal-of-innovation-knowledge,,2444-569X,Elsevier,Multi-Language,Spain,Gold OA,Frontier Science Journal,1区,OAJ,https://www.oaj.com.cn/simplesearch?field=1,44,2026-05-21T07:21:51+00:00
JOURNAL OF HYDROLOGY AND HYDROMECHANICS,https://www.oaj.com.cn/Journal/journal-of-hydrology-and-hydromechanics,,1338-4333,Sciendo,English,POLAND,,,,OAJ,https://www.oaj.com.cn/simplesearch?field=1,44,2026-05-21T07:21:51+00:00
Journal of Hazardous Materials Letters,https://www.oaj.com.cn/Journal/journal-of-hazardous-materials-letters,2666-9110,2666-9110,Elsevier,English,Netherlands,Gold OA,Frontier Science Journal,3区,OAJ,https://www.oaj.com.cn/simplesearch?field=1,44,2026-05-21T07:21:51+00:00
JOURNAL OF MAGNESIUM AND ALLOYS,https://www.oaj.com.cn/Journal/journal-of-magnesium-and-alloys,2213-9567,2213-9567,"KeAi Communications Co., Ltd.",English,China,金色OA,Frontier Science Journal,1区,OAJ,https://www.oaj.com.cn/simplesearch?field=1,45,2026-05-21T07:21:51+00:00
JOURNAL OF MATERIALS SCIENCE-MATERIALS IN MEDICINE,https://www.oaj.com.cn/Journal/journal-of-materials-science-materials-in-medicine,,1573-4838,Springer,English,NETHERLANDS,,Sound Science Journal,,OAJ,https://www.oaj.com.cn/simplesearch?field=1,45,2026-05-21T07:21:51+00:00
JOURNAL OF NEUROINFLAMMATION,https://www.oaj.com.cn/Journal/journal-of-neuroinflammation,,1742-2094,BioMed Central,English,United Kingdom,Gold OA,Frontier Science Journal,1区,OAJ,https://www.oaj.com.cn/simplesearch?field=1,45,2026-05-21T07:21:51+00:00
JOURNAL OF NEURODEVELOPMENTAL DISORDERS,https://www.oaj.com.cn/Journal/journal-of-neurodevelopmental-disorders,1866-1947,1866-1955,BioMed Central,English,United Kingdom,Gold OA,Frontier Science Journal,2区,OAJ,https://www.oaj.com.cn/simplesearch?field=1,45,2026-05-21T07:21:51+00:00
JOURNAL OF NEUROENGINEERING AND REHABILITATION,https://www.oaj.com.cn/Journal/journal-of-neuroengineering-and-rehabilitation,,1743-0003,BioMed Central,English,United Kingdom,Gold OA,Frontier Science Journal,1区,OAJ,https://www.oaj.com.cn/simplesearch?field=1,45,2026-05-21T07:21:51+00:00
JOURNAL OF LINGUISTICS,https://www.oaj.com.cn/Journal/journal-of-linguistics,0022-2267,1469-7742,Cambridge University Press,English,USA,Gold OA,Frontier Science Journal,2区,OAJ,https://www.oaj.com.cn/simplesearch?field=1,45,2026-05-21T07:21:51+00:00
JOURNAL OF MASS SPECTROMETRY AND ADVANCES IN THE CLINICAL LAB,https://www.oaj.com.cn/Journal/journal-of-mass-spectrometry-and-advances-in-the-clinical-lab,,2667-145X,Elsevier,English,Netherlands,Gold OA,Frontier Science Journal,2区,OAJ,https://www.oaj.com.cn/simplesearch?field=1,45,2026-05-21T07:21:51+00:00
JOURNAL OF MATERIOMICS,https://www.oaj.com.cn/Journal/journal-of-materiomics,2352-8478,2352-8478,Elsevier,English,Netherlands,Gold OA,Frontier Science Journal,2区,OAJ,https://www.oaj.com.cn/simplesearch?field=1,45,2026-05-21T07:21:51+00:00
JOURNAL OF LIPID RESEARCH,https://www.oaj.com.cn/Journal/journal-of-lipid-research,0022-2275,1539-7262,Elsevier,English,Netherlands,Gold OA,Frontier Science Journal,2区,OAJ,https://www.oaj.com.cn/simplesearch?field=1,45,2026-05-21T07:21:51+00:00
JOURNAL OF MICROBIOLOGY IMMUNOLOGY AND INFECTION,https://www.oaj.com.cn/Journal/journal-of-microbiology-immunology-and-infection,1684-1182,1995-9133,Elsevier,English,"Taiwan, Province of China",Gold OA,Frontier Science Journal,3区,OAJ,https://www.oaj.com.cn/simplesearch?field=1,45,2026-05-21T07:21:51+00:00
JOURNAL OF OVARIAN RESEARCH,https://www.oaj.com.cn/Journal/journal-of-ovarian-research,,1757-2215,BioMed Central,English,United Kingdom,Gold OA,Frontier Science Journal,2区,OAJ,https://www.oaj.com.cn/simplesearch?field=1,46,2026-05-21T07:21:51+00:00
JOURNAL OF ORTHOPAEDICS AND TRAUMATOLOGY,https://www.oaj.com.cn/Journal/journal-of-orthopaedics-and-traumatology,,1590-9999,Springer,English,USA,Gold OA,Frontier Science Journal,2区,OAJ,https://www.oaj.com.cn/simplesearch?field=1,46,2026-05-21T07:21:51+00:00
JOURNAL OF PUBLIC POLICY,https://www.oaj.com.cn/Journal/journal-of-public-policy,0143-814X,1469-7815,Cambridge University Press,English,United Kingdom,Gold OA,Frontier Science Journal,3区,OAJ,https://www.oaj.com.cn/simplesearch?field=1,46,2026-05-21T07:21:51+00:00
JOURNAL OF PHYSIOTHERAPY,https://www.oaj.com.cn/Journal/journal-of-physiotherapy,1836-9553,1836-9561,Elsevier,English,Australia,Gold OA,Frontier Science Journal,1区,OAJ,https://www.oaj.com.cn/simplesearch?field=1,46,2026-05-21T07:21:51+00:00
JOURNAL OF OCEAN ENGINEERING AND SCIENCE,https://www.oaj.com.cn/Journal/journal-of-ocean-engineering-and-science,2468-0133,2468-0133,Elsevier,English,Netherlands,Gold OA,Frontier Science Journal,1区,OAJ,https://www.oaj.com.cn/simplesearch?field=1,46,2026-05-21T07:21:51+00:00
JOURNAL OF PHARMACEUTICAL ANALYSIS,https://www.oaj.com.cn/Journal/journal-of-pharmaceutical-analysis,2095-1779,2214-0883,Elsevier,English,Netherlands,Gold OA,Frontier Science Journal,1区,OAJ,https://www.oaj.com.cn/simplesearch?field=1,46,2026-05-21T07:21:51+00:00
JOURNAL OF ORTHOPAEDIC TRANSLATION,https://www.oaj.com.cn/Journal/journal-of-orthopaedic-translation,2214-031X,2214-031X,Elsevier,English,Netherlands,Gold OA,Frontier Science Journal,1区,OAJ,https://www.oaj.com.cn/simplesearch?field=1,46,2026-05-21T07:21:51+00:00
JOURNAL OF PALAEOGEOGRAPHY-ENGLISH,https://www.oaj.com.cn/Journal/journal-of-palaeogeography-english,2095-3836,2524-4507,Elsevier,English,USA,Gold OA,Frontier Science Journal,2区,OAJ,https://www.oaj.com.cn/simplesearch?field=1,46,2026-05-21T07:21:51+00:00
JOURNAL OF NURSING MANAGEMENT,https://www.oaj.com.cn/Journal/journal-of-nursing-management,0966-0429,1365-2834,Wiley,English,USA,Gold OA,Frontier Science Journal,2区,OAJ,https://www.oaj.com.cn/simplesearch?field=1,46,2026-05-21T07:21:51+00:00
JOURNAL OF ORAL MICROBIOLOGY,https://www.oaj.com.cn/Journal/journal-of-oral-microbiology,,2000-2297,Taylor & Francis,English,United Kingdom,,,2区,OAJ,https://www.oaj.com.cn/simplesearch?field=1,46,2026-05-21T07:21:51+00:00
JOURNAL OF THEORETICAL AND APPLIED ELECTRONIC COMMERCE RESEARCH,https://www.oaj.com.cn/Journal/journal-of-theoretical-and-applied-electronic-commerce-research,,0718-1876,MDPI,English,SWITZERLAND,Gold OA,Sound Science Journal,,OAJ,https://www.oaj.com.cn/simplesearch?field=1,47,2026-05-21T07:21:51+00:00
JOURNAL OF SPORT AND HEALTH SCIENCE,https://www.oaj.com.cn/Journal/journal-of-sport-and-health-science,2095-2546,2213-2961,Elsevier,English,China,Gold OA,Frontier Science Journal,1区,OAJ,https://www.oaj.com.cn/simplesearch?field=1,47,2026-05-21T07:21:51+00:00
JOURNAL OF SAUDI CHEMICAL SOCIETY,https://www.oaj.com.cn/Journal/journal-of-saudi-chemical-society,1319-6103,2212-4640,Elsevier,English,Netherlands,Gold OA,Frontier Science Journal,2区,OAJ,https://www.oaj.com.cn/simplesearch?field=1,47,2026-05-21T07:21:51+00:00
Journal of Social Computing,https://www.oaj.com.cn/Journal/journal-of-social-computing,,2688-5255,Tsinghua University Press,English,China,Diamond/Platinum OA,Frontier Science Journal,,OAJ,https://www.oaj.com.cn/simplesearch?field=1,47,2026-05-21T07:21:51+00:00
JOURNAL OF THE AMERICAN HEART ASSOCIATION,https://www.oaj.com.cn/Journal/journal-of-the-american-heart-association,,2047-9980,Wiley,English,USA,Gold OA,Frontier Science Journal,1区,OAJ,https://www.oaj.com.cn/simplesearch?field=1,47,2026-05-21T07:21:51+00:00
JOURNAL OF THE WORLD AQUACULTURE SOCIETY,https://www.oaj.com.cn/Journal/journal-of-the-world-aquaculture-society,0893-8849,1749-7345,Wiley,English,USA,Gold OA,Frontier Science Journal,3区,OAJ,https://www.oaj.com.cn/simplesearch?field=1,47,2026-05-21T07:21:51+00:00
JOURNAL OF THE INTERNATIONAL AIDS SOCIETY,https://www.oaj.com.cn/Journal/journal-of-the-international-aids-society,,1758-2652,Wiley,English,United Kingdom,Gold OA,Frontier Science Journal,2区,OAJ,https://www.oaj.com.cn/simplesearch?field=1,47,2026-05-21T07:21:51+00:00
JOURNAL OF RESPONSIBLE INNOVATION,https://www.oaj.com.cn/Journal/journal-of-responsible-innovation,,2329-9037,Taylor & Francis,English,United Kingdom,,,1区,OAJ,https://www.oaj.com.cn/simplesearch?field=1,47,2026-05-21T07:21:51+00:00
JOURNAL OF THE INTERNATIONAL SOCIETY OF SPORTS NUTRITION,https://www.oaj.com.cn/Journal/journal-of-the-international-society-of-sports-nutrition,,1550-2783,Taylor & Francis,English,United Kingdom,,,2区,OAJ,https://www.oaj.com.cn/simplesearch?field=1,47,2026-05-21T07:21:51+00:00
Journal of South Architecture,https://www.oaj.com.cn/Journal/journal-of-south-architecture,3029-2336,3029-2263,Viser Technology Pte. Ltd.,English,Singapore,Gold OA,Frontier Science Journal,,OAJ,https://www.oaj.com.cn/simplesearch?field=1,47,2026-05-21T07:21:51+00:00
JOURNAL OF THORACIC DISEASE,https://www.oaj.com.cn/Journal/journal-of-thoracic-disease,,2077-6624,AME Publishing Company,English,"Hong Kong, China",,,4区,OAJ,https://www.oaj.com.cn/simplesearch?field=1,48,2026-05-21T07:21:51+00:00
JOURNAL OF WOOD SCIENCE,https://www.oaj.com.cn/Journal/journal-of-wood-science,,1611-4663,Springer,English,JAPAN,,,,OAJ,https://www.oaj.com.cn/simplesearch?field=1,48,2026-05-21T07:21:51+00:00
LANDSCAPE ECOLOGY,https://www.oaj.com.cn/Journal/landscape-ecology,,1572-9761,Springer,English,Netherlands,Gold OA,Frontier Science Journal,2区,OAJ,https://www.oaj.com.cn/simplesearch?field=1,48,2026-05-21T07:21:51+00:00
LIGHT-SCIENCE & APPLICATIONS,https://www.oaj.com.cn/Journal/light-science-applications,,2047-7538,Springer Nature,English,United Kingdom,Gold OA,Frontier Science Journal,1区,OAJ,https://www.oaj.com.cn/simplesearch?field=1,48,2026-05-21T07:21:51+00:00
LEIDEN JOURNAL OF INTERNATIONAL LAW,https://www.oaj.com.cn/Journal/leiden-journal-of-international-law,0922-1565,1478-9698,Cambridge University Press,English,United Kingdom,Gold OA,Frontier Science Journal,2区,OAJ,https://www.oaj.com.cn/simplesearch?field=1,48,2026-05-21T07:21:51+00:00
JOURNAL OF TISSUE ENGINEERING,https://www.oaj.com.cn/Journal/journal-of-tissue-engineering,2041-7314,2041-7314,Sage,English,USA,Gold OA,Frontier Science Journal,2区,OAJ,https://www.oaj.com.cn/simplesearch?field=1,48,2026-05-21T07:21:51+00:00
JOURNAL OF VASCULAR SURGERY-VENOUS AND LYMPHATIC DISORDERS,https://www.oaj.com.cn/Journal/journal-of-vascular-surgery-venous-and-lymphatic-disorders,2213-333X,2213-333X,Elsevier,English,Netherlands,Gold OA,Frontier Science Journal,2区,OAJ,https://www.oaj.com.cn/simplesearch?field=1,48,2026-05-21T07:21:51+00:00
KIDNEY INTERNATIONAL REPORTS,https://www.oaj.com.cn/Journal/kidney-international-reports,2468-0249,2468-0249,Elsevier,English,USA,Gold OA,Frontier Science Journal,2区,OAJ,https://www.oaj.com.cn/simplesearch?field=1,48,2026-05-21T07:21:51+00:00
JOURNAL OF WEB SEMANTICS,https://www.oaj.com.cn/Journal/journal-of-web-semantics,,1873-7749,Elsevier,English,NETHERLANDS,,,,OAJ,https://www.oaj.com.cn/simplesearch?field=1,48,2026-05-21T07:21:51+00:00
JOURNAL OF VETERINARY INTERNAL MEDICINE,https://www.oaj.com.cn/Journal/journal-of-veterinary-internal-medicine,0891-6640,1939-1676,Wiley,English,USA,Gold OA,Frontier Science Journal,2区,OAJ,https://www.oaj.com.cn/simplesearch?field=1,48,2026-05-21T07:21:51+00:00
MALARIA JOURNAL,https://www.oaj.com.cn/Journal/malaria-journal,,1475-2875,BioMed Central,English,United Kingdom,,,,OAJ,https://www.oaj.com.cn/simplesearch?field=1,49,2026-05-21T07:21:51+00:00
MARINE DRUGS,https://www.oaj.com.cn/Journal/marine-drugs,,1660-3397,MDPI,English,Switzerland,Gold OA,Sound Science Journal,2区,OAJ,https://www.oaj.com.cn/simplesearch?field=1,49,2026-05-21T07:21:51+00:00
LWT-FOOD SCIENCE AND TECHNOLOGY,https://www.oaj.com.cn/Journal/lwt-food-science-and-technology,0023-6438,1096-1127,Elsevier,English,Netherlands,Gold OA,Frontier Science Journal,1区,OAJ,https://www.oaj.com.cn/simplesearch?field=1,49,2026-05-21T07:21:51+00:00
MATERIALS & DESIGN,https://www.oaj.com.cn/Journal/materials-design,0264-1275,1873-4197,Elsevier,English,United Kingdom,Gold OA,Frontier Science Journal,2区,OAJ,https://www.oaj.com.cn/simplesearch?field=1,49,2026-05-21T07:21:51+00:00
MACROMOLECULAR MATERIALS AND ENGINEERING,https://www.oaj.com.cn/Journal/macromolecular-materials-and-engineering,1438-7492,1439-2054,Wiley-VCH,English,Germany,,,,OAJ,https://www.oaj.com.cn/simplesearch?field=1,49,2026-05-21T07:21:51+00:00
LIMNOLOGY AND OCEANOGRAPHY LETTERS,https://www.oaj.com.cn/Journal/limnology-and-oceanography-letters,,2378-2242,Wiley,English,USA,Gold OA,Frontier Science Journal,1区,OAJ,https://www.oaj.com.cn/simplesearch?field=1,49,2026-05-21T07:21:51+00:00
MATERIALS RESEARCH LETTERS,https://www.oaj.com.cn/Journal/materials-research-letters,,2166-3831,Taylor & Francis,English,United Kingdom,,,1区,OAJ,https://www.oaj.com.cn/simplesearch?field=1,49,2026-05-21T07:21:51+00:00
MABS,https://www.oaj.com.cn/Journal/mabs,,1942-0862,Taylor & Francis,English,United Kingdom,,,2区,OAJ,https://www.oaj.com.cn/simplesearch?field=1,49,2026-05-21T07:21:51+00:00
LIVING REVIEWS IN SOLAR PHYSICS,https://www.oaj.com.cn/Journal/living-reviews-in-solar-physics,,1614-4961,Springer,English,SWITZERLAND,,,0区,OAJ,https://www.oaj.com.cn/simplesearch?field=1,49,2026-05-21T07:21:51+00:00
LIVING REVIEWS IN RELATIVITY,https://www.oaj.com.cn/Journal/living-reviews-in-relativity,,1433-8351,Springer,English,SWITZERLAND,,,0区,OAJ,https://www.oaj.com.cn/simplesearch?field=1,49,2026-05-21T07:21:51+00:00
MICROBIOME,https://www.oaj.com.cn/Journal/microbiome,,2049-2618,BioMed Central,English,United Kingdom,Gold OA,Frontier Science Journal,1区,OAJ,https://www.oaj.com.cn/simplesearch?field=1,50,2026-05-21T07:21:51+00:00
MICROBIAL CELL FACTORIES,https://www.oaj.com.cn/Journal/microbial-cell-factories,,1475-2859,BioMed Central,English,United Kingdom,Gold OA,Frontier Science Journal,2区,OAJ,https://www.oaj.com.cn/simplesearch?field=1,50,2026-05-21T07:21:51+00:00
MICROBIAL ECOLOGY,https://www.oaj.com.cn/Journal/microbial-ecology,0095-3628,1432-184X,Springer,English,USA,Gold OA,Frontier Science Journal,3区,OAJ,https://www.oaj.com.cn/simplesearch?field=1,50,2026-05-21T07:21:51+00:00
MATERIALS TODAY BIO,https://www.oaj.com.cn/Journal/materials-today-bio,2590-0064,2590-0064,Elsevier,English,Netherlands,Gold OA,Frontier Science Journal,1区,OAJ,https://www.oaj.com.cn/simplesearch?field=1,50,2026-05-21T07:21:51+00:00
MATERIALS TODAY ADVANCES,https://www.oaj.com.cn/Journal/materials-today-advances,2590-0498,2590-0498,Elsevier,English,Netherlands,Gold OA,Frontier Science Journal,2区,OAJ,https://www.oaj.com.cn/simplesearch?field=1,50,2026-05-21T07:21:51+00:00
MICROBIOLOGYOPEN,https://www.oaj.com.cn/Journal/microbiologyopen,,2045-8827,Wiley,English,USA,Gold OA,Frontier Science Journal,,OAJ,https://www.oaj.com.cn/simplesearch?field=1,50,2026-05-21T07:21:51+00:00
MATERNAL AND CHILD NUTRITION,https://www.oaj.com.cn/Journal/maternal-and-child-nutrition,2770-5986,1740-8709,Wiley,English,USA,Gold OA,Frontier Science Journal,2区,OAJ,https://www.oaj.com.cn/simplesearch?field=1,50,2026-05-21T07:21:51+00:00
METHODS IN ECOLOGY AND EVOLUTION,https://www.oaj.com.cn/Journal/methods-in-ecology-and-evolution,2041-210X,2041-210X,Wiley,English,USA,Gold OA,Frontier Science Journal,2区,OAJ,https://www.oaj.com.cn/simplesearch?field=1,50,2026-05-21T07:21:51+00:00
MICROBIAL BIOTECHNOLOGY,https://www.oaj.com.cn/Journal/microbial-biotechnology,0964-7562,1751-7915,Wiley,English,USA,Gold OA,Frontier Science Journal,2区,OAJ,https://www.oaj.com.cn/simplesearch?field=1,50,2026-05-21T07:21:51+00:00
Microbiome Research Reports,https://www.oaj.com.cn/Journal/microbiome-research-reports,,2771-5965,OAE Publishing Inc.,English,USA,金色OA,Frontier Science Journal,,OAJ,https://www.oaj.com.cn/simplesearch?field=1,50,2026-05-21T07:21:51+00:00
MOLECULAR NEURODEGENERATION,https://www.oaj.com.cn/Journal/molecular-neurodegeneration,,1750-1326,BioMed Central,English,United Kingdom,Gold OA,Frontier Science Journal,1区,OAJ,https://www.oaj.com.cn/simplesearch?field=1,51,2026-05-21T07:21:51+00:00
MOLECULAR AUTISM,https://www.oaj.com.cn/Journal/molecular-autism,,2040-2392,BioMed Central,English,United Kingdom,Gold OA,Frontier Science Journal,1区,OAJ,https://www.oaj.com.cn/simplesearch?field=1,51,2026-05-21T07:21:51+00:00
MOLECULAR CANCER,https://www.oaj.com.cn/Journal/molecular-cancer,,1476-4598,BioMed Central,English,United Kingdom,Gold OA,Frontier Science Journal,1区,OAJ,https://www.oaj.com.cn/simplesearch?field=1,51,2026-05-21T07:21:51+00:00
MOLECULAR MEDICINE,https://www.oaj.com.cn/Journal/molecular-medicine,1076-1551,1528-3658,BioMed Central,English,USA,Gold OA,Frontier Science Journal,2区,OAJ,https://www.oaj.com.cn/simplesearch?field=1,51,2026-05-21T07:21:51+00:00
MICROSYSTEMS & NANOENGINEERING,https://www.oaj.com.cn/Journal/microsystems-nanoengineering,,2055-7434,Springer Nature,English,United Kingdom,Gold OA,Frontier Science Journal,1区,OAJ,https://www.oaj.com.cn/simplesearch?field=1,51,2026-05-21T07:21:51+00:00
MODERN INTELLECTUAL HISTORY,https://www.oaj.com.cn/Journal/modern-intellectual-history,1479-2443,1479-2451,Cambridge University Press,English,United Kingdom,Gold OA,Frontier Science Journal,2区,OAJ,https://www.oaj.com.cn/simplesearch?field=1,51,2026-05-21T07:21:51+00:00
MOLECULAR & CELLULAR PROTEOMICS,https://www.oaj.com.cn/Journal/molecular-cellular-proteomics,1535-9476,1535-9484,Elsevier,English,Netherlands,Gold OA,Frontier Science Journal,2区,OAJ,https://www.oaj.com.cn/simplesearch?field=1,51,2026-05-21T07:21:51+00:00
MOLECULAR METABOLISM,https://www.oaj.com.cn/Journal/molecular-metabolism,2212-8778,2212-8778,Elsevier,English,Netherlands,Gold OA,Frontier Science Journal,2区,OAJ,https://www.oaj.com.cn/simplesearch?field=1,51,2026-05-21T07:21:51+00:00
MILITARY MEDICAL RESEARCH,https://www.oaj.com.cn/Journal/military-medical-research,,2054-9369,BioMed Central,English,United Kingdom,Gold OA,Frontier Science Journal,1区,OAJ,https://www.oaj.com.cn/simplesearch?field=1,51,2026-05-21T07:21:51+00:00
Molecular Biomedicine,https://www.oaj.com.cn/Journal/molecular-biomedicine,,2662-8651,Springer Nature Singapore,English,Singapore,Gold OA,Frontier Science Journal,,OAJ,https://www.oaj.com.cn/simplesearch?field=1,51,2026-05-21T07:21:51+00:00
MOVEMENT ECOLOGY,https://www.oaj.com.cn/Journal/movement-ecology,,2051-3933,BioMed Central,English,United Kingdom,Gold OA,Frontier Science Journal,1区,OAJ,https://www.oaj.com.cn/simplesearch?field=1,52,2026-05-21T07:21:51+00:00
NANO CONVERGENCE,https://www.oaj.com.cn/Journal/nano-convergence,,2196-5404,"Korea Nano Technology Research Society, co-published with Springer",English,USA,Gold OA,Frontier Science Journal,2区,OAJ,https://www.oaj.com.cn/simplesearch?field=1,52,2026-05-21T07:21:51+00:00
MOLECULAR SYSTEMS BIOLOGY,https://www.oaj.com.cn/Journal/molecular-systems-biology,,1744-4292,Springer Nature,English,USA,Gold OA,Frontier Science Journal,1区,OAJ,https://www.oaj.com.cn/simplesearch?field=1,52,2026-05-21T07:21:51+00:00
MOLECULAR THERAPY METHODS & CLINICAL DEVELOPMENT,https://www.oaj.com.cn/Journal/molecular-therapy-methods-clinical-development,2329-0501,2329-0501,Elsevier,English,Netherlands,Gold OA,Frontier Science Journal,2区,OAJ,https://www.oaj.com.cn/simplesearch?field=1,52,2026-05-21T07:21:51+00:00
MOLECULAR THERAPY NUCLEIC ACIDS,https://www.oaj.com.cn/Journal/molecular-therapy-nucleic-acids,2162-2531,2162-2531,Elsevier,English,Netherlands,Gold OA,Frontier Science Journal,2区,OAJ,https://www.oaj.com.cn/simplesearch?field=1,52,2026-05-21T07:21:51+00:00
MUCOSAL IMMUNOLOGY,https://www.oaj.com.cn/Journal/mucosal-immunology,1933-0219,1935-3456,Elsevier,English,USA,Gold OA,Frontier Science Journal,2区,OAJ,https://www.oaj.com.cn/simplesearch?field=1,52,2026-05-21T07:21:51+00:00
MORAVIAN GEOGRAPHICAL REPORTS,https://www.oaj.com.cn/Journal/moravian-geographical-reports,1210-8812,2199-6202,Sciendo,English,Poland,Diamond/Platinum OA,Frontier Science Journal,3区,OAJ,https://www.oaj.com.cn/simplesearch?field=1,52,2026-05-21T07:21:51+00:00
MOLECULAR PLANT PATHOLOGY,https://www.oaj.com.cn/Journal/molecular-plant-pathology,1464-6722,1364-3703,Wiley,English,USA,Gold OA,Frontier Science Journal,1区,OAJ,https://www.oaj.com.cn/simplesearch?field=1,52,2026-05-21T07:21:51+00:00
MOLECULAR ONCOLOGY,https://www.oaj.com.cn/Journal/molecular-oncology,1574-7891,1878-0261,Wiley,English,USA,Gold OA,Frontier Science Journal,2区,OAJ,https://www.oaj.com.cn/simplesearch?field=1,52,2026-05-21T07:21:51+00:00
mSystems,https://www.oaj.com.cn/Journal/msystems,,2379-5077,American Society for Microbiology,English,USA,,,2区,OAJ,https://www.oaj.com.cn/simplesearch?field=1,52,2026-05-21T07:21:51+00:00
NATURE COMMUNICATIONS,https://www.oaj.com.cn/Journal/nature-communications,,2041-1723,Nature Portfolio,English,United Kingdom,Gold OA,Frontier Science Journal,1区,OAJ,https://www.oaj.com.cn/simplesearch?field=1,53,2026-05-21T07:21:51+00:00
NANO-MICRO LETTERS,https://www.oaj.com.cn/Journal/nano-micro-letters,,2150-5551,Springer,English,China,Gold OA,Frontier Science Journal,1区,OAJ,https://www.oaj.com.cn/simplesearch?field=1,53,2026-05-21T07:21:51+00:00
NEUROBIOLOGY OF DISEASE,https://www.oaj.com.cn/Journal/neurobiology-of-disease,0969-9961,1095-953X,Elsevier,English,USA,Gold OA,Frontier Science Journal,2区,OAJ,https://www.oaj.com.cn/simplesearch?field=1,53,2026-05-21T07:21:51+00:00
NEUROBIOLOGY OF STRESS,https://www.oaj.com.cn/Journal/neurobiology-of-stress,2352-2895,2352-2895,Elsevier,English,USA,Gold OA,Frontier Science Journal,2区,OAJ,https://www.oaj.com.cn/simplesearch?field=1,53,2026-05-21T07:21:51+00:00
NEOPLASIA,https://www.oaj.com.cn/Journal/neoplasia,1476-5586,1476-5586,Elsevier,English,USA,Gold OA,Frontier Science Journal,2区,OAJ,https://www.oaj.com.cn/simplesearch?field=1,53,2026-05-21T07:21:51+00:00
NANOSCALE ADVANCES,https://www.oaj.com.cn/Journal/nanoscale-advances,2516-0230,2516-0230,Royal Society of Chemistry,English,United Kingdom,Gold OA,Frontier Science Journal,3区,OAJ,https://www.oaj.com.cn/simplesearch?field=1,53,2026-05-21T07:21:51+00:00
Nano Research,https://www.oaj.com.cn/Journal/nano-research,1998-0124,1998-0000,清华大学出版社,English,China,,,1区,OAJ,https://www.oaj.com.cn/simplesearch?field=1,53,2026-05-21T07:21:51+00:00
Nano Research Energy,https://www.oaj.com.cn/Journal/nano-research-energy,2791-0091,2790-8119,清华大学出版社,English,China,Gold OA,Frontier Science Journal,1区,OAJ,https://www.oaj.com.cn/simplesearch?field=1,53,2026-05-21T07:21:51+00:00
Netherlands Quarterly of Human Rights,https://www.oaj.com.cn/Journal/netherlands-quarterly-of-human-rights,0924-0519,2214-7357,Sage,English,,,,2区,OAJ,https://www.oaj.com.cn/simplesearch?field=1,53,2026-05-21T07:21:51+00:00
Neural Regeneration Research,https://www.oaj.com.cn/Journal/neural-regeneration-research,1673-5374,1876-7958,Wolters Kluwer India Pvt. Ltd. (Medknow),English,,,,2区,OAJ,https://www.oaj.com.cn/simplesearch?field=1,53,2026-05-21T07:21:51+00:00
NEUROLOGY AND THERAPY,https://www.oaj.com.cn/Journal/neurology-and-therapy,,2193-6536,Adis,English,United Kingdom,,,,OAJ,https://www.oaj.com.cn/simplesearch?field=1,54,2026-05-21T07:21:51+00:00
NPJ 2D MATERIALS AND APPLICATIONS,https://www.oaj.com.cn/Journal/npj-2d-materials-and-applications,,2397-7132,Nature Portfolio,English,Germany,Gold OA,Frontier Science Journal,2区,OAJ,https://www.oaj.com.cn/simplesearch?field=1,54,2026-05-21T07:21:51+00:00
NPJ BIOFILMS AND MICROBIOMES,https://www.oaj.com.cn/Journal/npj-biofilms-and-microbiomes,,2055-5008,Nature Portfolio,English,Germany,Gold OA,Frontier Science Journal,1区,OAJ,https://www.oaj.com.cn/simplesearch?field=1,54,2026-05-21T07:21:51+00:00
NPG ASIA MATERIALS,https://www.oaj.com.cn/Journal/npg-asia-materials,,1884-4057,Nature Portfolio,English,Germany,Gold OA,Frontier Science Journal,2区,OAJ,https://www.oaj.com.cn/simplesearch?field=1,54,2026-05-21T07:21:51+00:00
NINETEENTH-CENTURY MUSIC REVIEW,https://www.oaj.com.cn/Journal/nineteenth-century-music-review,,2044-8414,Cambridge University Press,English,USA,,,,OAJ,https://www.oaj.com.cn/simplesearch?field=1,54,2026-05-21T07:21:51+00:00
NEUROIMAGE,https://www.oaj.com.cn/Journal/neuroimage,1053-8119,1095-9572,Elsevier,English,USA,Gold OA,Frontier Science Journal,2区,OAJ,https://www.oaj.com.cn/simplesearch?field=1,54,2026-05-21T07:21:51+00:00
NEW BIOTECHNOLOGY,https://www.oaj.com.cn/Journal/new-biotechnology,1871-6784,1876-4347,Elsevier,English,Netherlands,Gold OA,Frontier Science Journal,2区,OAJ,https://www.oaj.com.cn/simplesearch?field=1,54,2026-05-21T07:21:51+00:00
NEUROIMAGE-CLINICAL,https://www.oaj.com.cn/Journal/neuroimage-clinical,2213-1582,2213-1582,Elsevier,English,United Kingdom,Gold OA,Frontier Science Journal,2区,OAJ,https://www.oaj.com.cn/simplesearch?field=1,54,2026-05-21T07:21:51+00:00
Neuroprotection,https://www.oaj.com.cn/Journal/neuroprotection,2770-7296,2770-730X,Chinese Medical Journals Publishing House Co. Ltd. & Wiley,English,China,Gold OA,Frontier Science Journal,,OAJ,https://www.oaj.com.cn/simplesearch?field=1,54,2026-05-21T07:21:51+00:00
Neurotherapeutics,https://www.oaj.com.cn/Journal/neurotherapeutics,1878-7479,1878-7479,Elsevier,English,USA,Gold OA,Frontier Science Journal,2区,OAJ,https://www.oaj.com.cn/simplesearch?field=1,54,2026-05-21T07:21:51+00:00
NPJ COMPUTATIONAL MATERIALS,https://www.oaj.com.cn/Journal/npj-computational-materials,,2057-3960,Nature Portfolio,English,Germany,Gold OA,Frontier Science Journal,1区,OAJ,https://www.oaj.com.cn/simplesearch?field=1,55,2026-05-21T07:21:51+00:00
NPJ PARKINSONS DISEASE,https://www.oaj.com.cn/Journal/npj-parkinsons-disease,,2373-8057,Nature Portfolio,English,Germany,Gold OA,Frontier Science Journal,1区,OAJ,https://www.oaj.com.cn/simplesearch?field=1,55,2026-05-21T07:21:51+00:00
NPJ MICROGRAVITY,https://www.oaj.com.cn/Journal/npj-microgravity,,2373-8065,Nature Portfolio,English,Germany,Gold OA,Frontier Science Journal,2区,OAJ,https://www.oaj.com.cn/simplesearch?field=1,55,2026-05-21T07:21:51+00:00
NPJ FLEXIBLE ELECTRONICS,https://www.oaj.com.cn/Journal/npj-flexible-electronics,,2397-4621,Nature Portfolio,English,Germany,Gold OA,Frontier Science Journal,1区,OAJ,https://www.oaj.com.cn/simplesearch?field=1,55,2026-05-21T07:21:51+00:00
NPJ MATERIALS DEGRADATION,https://www.oaj.com.cn/Journal/npj-materials-degradation,,2397-2106,Nature Portfolio,English,Germany,Gold OA,Frontier Science Journal,2区,OAJ,https://www.oaj.com.cn/simplesearch?field=1,55,2026-05-21T07:21:51+00:00
NPJ GENOMIC MEDICINE,https://www.oaj.com.cn/Journal/npj-genomic-medicine,,2056-7944,Nature Portfolio,English,Germany,Gold OA,Frontier Science Journal,2区,OAJ,https://www.oaj.com.cn/simplesearch?field=1,55,2026-05-21T07:21:51+00:00
NPJ CLEAN WATER,https://www.oaj.com.cn/Journal/npj-clean-water,,2059-7037,Nature Portfolio,English,Germany,Gold OA,Frontier Science Journal,2区,OAJ,https://www.oaj.com.cn/simplesearch?field=1,55,2026-05-21T07:21:51+00:00
NPJ CLIMATE AND ATMOSPHERIC SCIENCE,https://www.oaj.com.cn/Journal/npj-climate-and-atmospheric-science,,2397-3722,Nature Portfolio,English,Germany,Gold OA,Frontier Science Journal,1区,OAJ,https://www.oaj.com.cn/simplesearch?field=1,55,2026-05-21T07:21:51+00:00
NPJ DIGITAL MEDICINE,https://www.oaj.com.cn/Journal/npj-digital-medicine,,2398-6352,Nature Portfolio,English,Germany,Gold OA,Frontier Science Journal,1区,OAJ,https://www.oaj.com.cn/simplesearch?field=1,55,2026-05-21T07:21:51+00:00
NPJ BREAST CANCER,https://www.oaj.com.cn/Journal/npj-breast-cancer,,2374-4677,Nature Portfolio,English,Germany,Gold OA,Frontier Science Journal,2区,OAJ,https://www.oaj.com.cn/simplesearch?field=1,55,2026-05-21T07:21:51+00:00
NPJ PRECISION ONCOLOGY,https://www.oaj.com.cn/Journal/npj-precision-oncology,,2397-768X,Nature Portfolio,English,Germany,Gold OA,Frontier Science Journal,1区,OAJ,https://www.oaj.com.cn/simplesearch?field=1,56,2026-05-21T07:21:51+00:00
NPJ PRIMARY CARE RESPIRATORY MEDICINE,https://www.oaj.com.cn/Journal/npj-primary-care-respiratory-medicine,,2055-1010,Nature Portfolio,English,Germany,Gold OA,Frontier Science Journal,2区,OAJ,https://www.oaj.com.cn/simplesearch?field=1,56,2026-05-21T07:21:51+00:00
NPJ SCIENCE OF FOOD,https://www.oaj.com.cn/Journal/npj-science-of-food,,2396-8370,Nature Portfolio,English,Germany,Gold OA,Frontier Science Journal,1区,OAJ,https://www.oaj.com.cn/simplesearch?field=1,56,2026-05-21T07:21:51+00:00
NPJ SYSTEMS BIOLOGY AND APPLICATIONS,https://www.oaj.com.cn/Journal/npj-systems-biology-and-applications,,2056-7189,Nature Portfolio,English,Germany,Gold OA,Frontier Science Journal,2区,OAJ,https://www.oaj.com.cn/simplesearch?field=1,56,2026-05-21T07:21:51+00:00
NPJ SCIENCE OF LEARNING,https://www.oaj.com.cn/Journal/npj-science-of-learning,,2056-7936,Nature Portfolio,English,Germany,Gold OA,Frontier Science Journal,2区,OAJ,https://www.oaj.com.cn/simplesearch?field=1,56,2026-05-21T07:21:51+00:00
NPJ QUANTUM INFORMATION,https://www.oaj.com.cn/Journal/npj-quantum-information,,2056-6387,Nature Portfolio,English,Germany,Gold OA,Frontier Science Journal,1区,OAJ,https://www.oaj.com.cn/simplesearch?field=1,56,2026-05-21T07:21:51+00:00
NPJ QUANTUM MATERIALS,https://www.oaj.com.cn/Journal/npj-quantum-materials,,2397-4648,Nature Portfolio,English,Germany,Gold OA,Frontier Science Journal,1区,OAJ,https://www.oaj.com.cn/simplesearch?field=1,56,2026-05-21T07:21:51+00:00
NPJ VACCINES,https://www.oaj.com.cn/Journal/npj-vaccines,,2059-0105,Nature Portfolio,English,Germany,Gold OA,Frontier Science Journal,2区,OAJ,https://www.oaj.com.cn/simplesearch?field=1,56,2026-05-21T07:21:51+00:00
NPJ REGENERATIVE MEDICINE,https://www.oaj.com.cn/Journal/npj-regenerative-medicine,,2057-3995,Nature Portfolio,English,Germany,Gold OA,Frontier Science Journal,1区,OAJ,https://www.oaj.com.cn/simplesearch?field=1,56,2026-05-21T07:21:51+00:00
npj Urban Sustainability,https://www.oaj.com.cn/Journal/npj-urban-sustainability,,2661-8001,Nature Publishing Group UK,English,United Kingdom,Gold OA,Frontier Science Journal,1区,OAJ,https://www.oaj.com.cn/simplesearch?field=1,56,2026-05-21T07:21:51+00:00
ONCOLOGY RESEARCH,https://www.oaj.com.cn/Journal/oncology-research,0965-0407,1555-3906,Tech Science Press,English,USA,,,,OAJ,https://www.oaj.com.cn/simplesearch?field=1,57,2026-05-21T07:21:51+00:00
NUTRITION JOURNAL,https://www.oaj.com.cn/Journal/nutrition-journal,,1475-2891,BioMed Central,English,United Kingdom,Gold OA,Frontier Science Journal,2区,OAJ,https://www.oaj.com.cn/simplesearch?field=1,57,2026-05-21T07:21:51+00:00
NUTRITION & METABOLISM,https://www.oaj.com.cn/Journal/nutrition-metabolism,,1743-7075,BioMed Central,English,United Kingdom,Gold OA,Frontier Science Journal,2区,OAJ,https://www.oaj.com.cn/simplesearch?field=1,57,2026-05-21T07:21:51+00:00
ONCOGENESIS,https://www.oaj.com.cn/Journal/oncogenesis,,2157-9024,Springer Nature,English,United Kingdom,Gold OA,Frontier Science Journal,2区,OAJ,https://www.oaj.com.cn/simplesearch?field=1,57,2026-05-21T07:21:51+00:00
NUTRITION & DIABETES,https://www.oaj.com.cn/Journal/nutrition-diabetes,,2044-4052,Springer Nature,English,United Kingdom,Gold OA,Frontier Science Journal,2区,OAJ,https://www.oaj.com.cn/simplesearch?field=1,57,2026-05-21T07:21:51+00:00
NUCLEAR MATERIALS AND ENERGY,https://www.oaj.com.cn/Journal/nuclear-materials-and-energy,2352-1791,2352-1791,Elsevier,English,Netherlands,Gold OA,Frontier Science Journal,2区,OAJ,https://www.oaj.com.cn/simplesearch?field=1,57,2026-05-21T07:21:51+00:00
ONE HEALTH,https://www.oaj.com.cn/Journal/one-health,2352-7714,2352-7714,Elsevier,English,Netherlands,Gold OA,Frontier Science Journal,2区,OAJ,https://www.oaj.com.cn/simplesearch?field=1,57,2026-05-21T07:21:51+00:00
NUCLEAR PHYSICS B,https://www.oaj.com.cn/Journal/nuclear-physics-b,,1873-1562,Elsevier,English,NETHERLANDS,,,3区,OAJ,https://www.oaj.com.cn/simplesearch?field=1,57,2026-05-21T07:21:51+00:00
ONCOIMMUNOLOGY,https://www.oaj.com.cn/Journal/oncoimmunology,,2162-402X,Taylor & Francis,English,United Kingdom,,,2区,OAJ,https://www.oaj.com.cn/simplesearch?field=1,57,2026-05-21T07:21:51+00:00
Ocean-Land-Atmosphere Research,https://www.oaj.com.cn/Journal/ocean-land-atmosphere-research,,2771-0378,American Association for the Advancement of Science,English,USA,Diamond/Platinum OA,Frontier Science Journal,,OAJ,https://www.oaj.com.cn/simplesearch?field=1,57,2026-05-21T07:21:51+00:00
Opto-Electronic Advances,https://www.oaj.com.cn/Journal/opto-electronic-advances,2096-4579,2096-4579,"CAS, INST OPTICS & ELECTRONICS, ED OFF OPTO-ELECTRONIC JOURNALS",英文,China,,,1区,OAJ,https://www.oaj.com.cn/simplesearch?field=1,58,2026-05-21T07:21:51+00:00
PAIN AND THERAPY,https://www.oaj.com.cn/Journal/pain-and-therapy,,2193-651X,Adis,English,Switzerland,Gold OA,Frontier Science Journal,2区,OAJ,https://www.oaj.com.cn/simplesearch?field=1,58,2026-05-21T07:21:51+00:00
ORPHANET JOURNAL OF RARE DISEASES,https://www.oaj.com.cn/Journal/orphanet-journal-of-rare-diseases,,1750-1172,BioMed Central,English,United Kingdom,Gold OA,Frontier Science Journal,2区,OAJ,https://www.oaj.com.cn/simplesearch?field=1,58,2026-05-21T07:21:51+00:00
PARTICLE AND FIBRE TOXICOLOGY,https://www.oaj.com.cn/Journal/particle-and-fibre-toxicology,,1743-8977,BioMed Central,English,United Kingdom,Gold OA,Frontier Science Journal,1区,OAJ,https://www.oaj.com.cn/simplesearch?field=1,58,2026-05-21T07:21:51+00:00
PARASITES & VECTORS,https://www.oaj.com.cn/Journal/parasites-vectors,,1756-3305,BioMed Central,English,United Kingdom,Gold OA,Frontier Science Journal,2区,OAJ,https://www.oaj.com.cn/simplesearch?field=1,58,2026-05-21T07:21:51+00:00
PALEOBIOLOGY,https://www.oaj.com.cn/Journal/paleobiology,0094-8373,1938-5331,Cambridge University Press,English,USA,Gold OA,Frontier Science Journal,2区,OAJ,https://www.oaj.com.cn/simplesearch?field=1,58,2026-05-21T07:21:51+00:00
ORE GEOLOGY REVIEWS,https://www.oaj.com.cn/Journal/ore-geology-reviews,0169-1368,1872-7360,Elsevier,English,Netherlands,Gold OA,Frontier Science Journal,2区,OAJ,https://www.oaj.com.cn/simplesearch?field=1,58,2026-05-21T07:21:51+00:00
OPERATIONS RESEARCH PERSPECTIVES,https://www.oaj.com.cn/Journal/operations-research-perspectives,,2214-7160,Elsevier,English,NETHERLANDS,,,,OAJ,https://www.oaj.com.cn/simplesearch?field=1,58,2026-05-21T07:21:51+00:00
PEDIATRIC DIABETES,https://www.oaj.com.cn/Journal/pediatric-diabetes,1399-543X,1399-5448,Wiley,English,United Kingdom,Gold OA,Frontier Science Journal,2区,OAJ,https://www.oaj.com.cn/simplesearch?field=1,58,2026-05-21T07:21:51+00:00
Patterns,https://www.oaj.com.cn/Journal/patterns,2666-3899,2666-3899,Elsevier,English,USA,Gold OA,,2区,OAJ,https://www.oaj.com.cn/simplesearch?field=1,58,2026-05-21T07:21:51+00:00
PETROLEUM EXPLORATION AND DEVELOPMENT,https://www.oaj.com.cn/Journal/petroleum-exploration-and-development,2096-4803,1876-3804,"KeAi Communications Co., Ltd.",English,China,钻石OA,Frontier Science Journal,1区,OAJ,https://www.oaj.com.cn/simplesearch?field=1,59,2026-05-21T07:21:51+00:00
PETROLEUM SCIENCE,https://www.oaj.com.cn/Journal/petroleum-science,1672-5107,1995-8226,"KeAi Communications Co., Ltd.",English,China,金色OA,Frontier Science Journal,1区,OAJ,https://www.oaj.com.cn/simplesearch?field=1,59,2026-05-21T07:21:51+00:00
PERIOPERATIVE MEDICINE,https://www.oaj.com.cn/Journal/perioperative-medicine,,2047-0525,BioMed Central,English,United Kingdom,Gold OA,Frontier Science Journal,3区,OAJ,https://www.oaj.com.cn/simplesearch?field=1,59,2026-05-21T07:21:51+00:00
PHOTONIX,https://www.oaj.com.cn/Journal/photonix,,2662-1991,Springer,English,United Kingdom,Gold OA,Frontier Science Journal,1区,OAJ,https://www.oaj.com.cn/simplesearch?field=1,59,2026-05-21T07:21:51+00:00
PHOTONIC SENSORS,https://www.oaj.com.cn/Journal/photonic-sensors,,2190-7439,Springer,English,USA,Gold OA,Frontier Science Journal,1区,OAJ,https://www.oaj.com.cn/simplesearch?field=1,59,2026-05-21T07:21:51+00:00
PHARMACOLOGICAL RESEARCH,https://www.oaj.com.cn/Journal/pharmacological-research,1043-6618,1096-1186,Elsevier,English,United Kingdom,Gold OA,Frontier Science Journal,2区,OAJ,https://www.oaj.com.cn/simplesearch?field=1,59,2026-05-21T07:21:51+00:00
PHOTOACOUSTICS,https://www.oaj.com.cn/Journal/photoacoustics,2213-5979,2213-5979,Elsevier,English,Germany,Gold OA,Frontier Science Journal,1区,OAJ,https://www.oaj.com.cn/simplesearch?field=1,59,2026-05-21T07:21:51+00:00
PERSPECTIVES IN ECOLOGY AND CONSERVATION,https://www.oaj.com.cn/Journal/perspectives-in-ecology-and-conservation,2530-0644,2530-0644,Elsevier,English,United Kingdom,Gold OA,Frontier Science Journal,2区,OAJ,https://www.oaj.com.cn/simplesearch?field=1,59,2026-05-21T07:21:51+00:00
PEOPLE AND NATURE,https://www.oaj.com.cn/Journal/people-and-nature,,2575-8314,Wiley,English,USA,Gold OA,Frontier Science Journal,2区,OAJ,https://www.oaj.com.cn/simplesearch?field=1,59,2026-05-21T07:21:51+00:00
Perioperative Precision Medicine,https://www.oaj.com.cn/Journal/perioperative-precision-medicine,2957-5443,,ZENTIME PUBLISHING CORPORATION LIMITED,English,"Hong Kong, China",金色OA,Sound Science Journal,,OAJ,https://www.oaj.com.cn/simplesearch?field=1,59,2026-05-21T07:21:51+00:00
PLANT DIVERSITY,https://www.oaj.com.cn/Journal/plant-diversity,2096-2703,2468-2659,"KeAi Communications Co., Ltd.",English,China,钻石OA,Frontier Science Journal,1区,OAJ,https://www.oaj.com.cn/simplesearch?field=1,60,2026-05-21T07:21:51+00:00
PHYTOPATHOLOGY RESEARCH,https://www.oaj.com.cn/Journal/phytopathology-research,,2524-4167,BioMed Central,English,United Kingdom,Gold OA,Frontier Science Journal,2区,OAJ,https://www.oaj.com.cn/simplesearch?field=1,60,2026-05-21T07:21:51+00:00
PLANT METHODS,https://www.oaj.com.cn/Journal/plant-methods,,1746-4811,BioMed Central,English,United Kingdom,Gold OA,Frontier Science Journal,2区,OAJ,https://www.oaj.com.cn/simplesearch?field=1,60,2026-05-21T07:21:51+00:00
PHYSICS LETTERS B,https://www.oaj.com.cn/Journal/physics-letters-b,0370-2693,1873-2445,Elsevier,English,Netherlands,Gold OA,Frontier Science Journal,2区,OAJ,https://www.oaj.com.cn/simplesearch?field=1,60,2026-05-21T07:21:51+00:00
PLANT COMMUNICATIONS,https://www.oaj.com.cn/Journal/plant-communications,2590-3462,2590-3462,Elsevier,English,Netherlands,Gold OA,Frontier Science Journal,1区,OAJ,https://www.oaj.com.cn/simplesearch?field=1,60,2026-05-21T07:21:51+00:00
PLOS CLIMATE,https://www.oaj.com.cn/Journal/plos-climate,,2767-3200,Public Library of Science (PLOS),English,USA,Gold OA,Sound Science Journal,,OAJ,https://www.oaj.com.cn/simplesearch?field=1,60,2026-05-21T07:21:51+00:00
PLOS BIOLOGY,https://www.oaj.com.cn/Journal/plos-biology,1544-9173,1545-7885,Public Library of Science (PLOS),English,USA,Gold OA,Frontier Science Journal,1区,OAJ,https://www.oaj.com.cn/simplesearch?field=1,60,2026-05-21T07:21:51+00:00
PLANT BIOTECHNOLOGY JOURNAL,https://www.oaj.com.cn/Journal/plant-biotechnology-journal,1467-7644,1467-7652,Wiley,English,USA,Gold OA,Frontier Science Journal,1区,OAJ,https://www.oaj.com.cn/simplesearch?field=1,60,2026-05-21T07:21:51+00:00
PLANTS PEOPLE PLANET,https://www.oaj.com.cn/Journal/plants-people-planet,,2572-2611,Wiley,English,USA,Gold OA,Frontier Science Journal,2区,OAJ,https://www.oaj.com.cn/simplesearch?field=1,60,2026-05-21T07:21:51+00:00
Plant Stress,https://www.oaj.com.cn/Journal/plant-stress,2667-064X,2667-064X,Elsevier,English,Netherlands,Gold OA,,2区,OAJ,https://www.oaj.com.cn/simplesearch?field=1,60,2026-05-21T07:21:51+00:00
POLITICS AND RELIGION,https://www.oaj.com.cn/Journal/politics-and-religion,1755-0483,1755-0491,Cambridge University Press,English,USA,Gold OA,Frontier Science Journal,1区,OAJ,https://www.oaj.com.cn/simplesearch?field=1,61,2026-05-21T07:21:51+00:00
POLITICAL SCIENCE RESEARCH AND METHODS,https://www.oaj.com.cn/Journal/political-science-research-and-methods,2049-8470,2049-8489,Cambridge University Press,English,United Kingdom,Gold OA,Frontier Science Journal,2区,OAJ,https://www.oaj.com.cn/simplesearch?field=1,61,2026-05-21T07:21:51+00:00
POLYMER TESTING,https://www.oaj.com.cn/Journal/polymer-testing,0142-9418,1873-2348,Elsevier,Multi-Language,United Kingdom,Gold OA,Frontier Science Journal,2区,OAJ,https://www.oaj.com.cn/simplesearch?field=1,61,2026-05-21T07:21:51+00:00
PLOS COMPUTATIONAL BIOLOGY,https://www.oaj.com.cn/Journal/plos-computational-biology,1553-734X,1553-7358,Public Library of Science (PLOS),English,USA,Gold OA,Frontier Science Journal,2区,OAJ,https://www.oaj.com.cn/simplesearch?field=1,61,2026-05-21T07:21:51+00:00
PLOS ONE,https://www.oaj.com.cn/Journal/plos-one,,1932-6203,Public Library of Science (PLOS),English,USA,Gold OA,Sound Science Journal,3区,OAJ,https://www.oaj.com.cn/simplesearch?field=1,61,2026-05-21T07:21:51+00:00
PLOS MEDICINE,https://www.oaj.com.cn/Journal/plos-medicine,1549-1277,1549-1676,Public Library of Science (PLOS),English,USA,Gold OA,Frontier Science Journal,1区,OAJ,https://www.oaj.com.cn/simplesearch?field=1,61,2026-05-21T07:21:51+00:00
PLOS PATHOGENS,https://www.oaj.com.cn/Journal/plos-pathogens,1553-7366,1553-7374,Public Library of Science (PLOS),English,USA,Gold OA,Frontier Science Journal,1区,OAJ,https://www.oaj.com.cn/simplesearch?field=1,61,2026-05-21T07:21:51+00:00
PLOS NEGLECTED TROPICAL DISEASES,https://www.oaj.com.cn/Journal/plos-neglected-tropical-diseases,1935-2727,1935-2735,Public Library of Science (PLOS),English,USA,Gold OA,Frontier Science Journal,2区,OAJ,https://www.oaj.com.cn/simplesearch?field=1,61,2026-05-21T07:21:51+00:00
PLOS GENETICS,https://www.oaj.com.cn/Journal/plos-genetics,1553-7390,1553-7404,Public Library of Science (PLOS),English,USA,Gold OA,Frontier Science Journal,2区,OAJ,https://www.oaj.com.cn/simplesearch?field=1,61,2026-05-21T07:21:51+00:00
Polyoxometalates,https://www.oaj.com.cn/Journal/polyoxometalates,2957-9821,2957-9503,Tsinghua University Press,English,China,Gold OA,Frontier Science Journal,,OAJ,https://www.oaj.com.cn/simplesearch?field=1,61,2026-05-21T07:21:51+00:00
PROPULSION AND POWER RESEARCH,https://www.oaj.com.cn/Journal/propulsion-and-power-research,2097-3454,2212-540X,"KeAi Communications Co., Ltd.",English,China,金色OA,Frontier Science Journal,2区,OAJ,https://www.oaj.com.cn/simplesearch?field=1,62,2026-05-21T07:21:51+00:00
PROGRESS IN EARTH AND PLANETARY SCIENCE,https://www.oaj.com.cn/Journal/progress-in-earth-and-planetary-science,,2197-4284,Springer,English,USA,Gold OA,Frontier Science Journal,3区,OAJ,https://www.oaj.com.cn/simplesearch?field=1,62,2026-05-21T07:21:51+00:00
POPULATION HEALTH METRICS,https://www.oaj.com.cn/Journal/population-health-metrics,,1478-7954,BioMed Central,English,United Kingdom,Gold OA,Frontier Science Journal,2区,OAJ,https://www.oaj.com.cn/simplesearch?field=1,62,2026-05-21T07:21:51+00:00
PORCINE HEALTH MANAGEMENT,https://www.oaj.com.cn/Journal/porcine-health-management,,2055-5660,BioMed Central,English,United Kingdom,Gold OA,Frontier Science Journal,2区,OAJ,https://www.oaj.com.cn/simplesearch?field=1,62,2026-05-21T07:21:51+00:00
PROGRESS IN ORTHODONTICS,https://www.oaj.com.cn/Journal/progress-in-orthodontics,,2196-1042,Springer,English,USA,Gold OA,Frontier Science Journal,2区,OAJ,https://www.oaj.com.cn/simplesearch?field=1,62,2026-05-21T07:21:51+00:00
PSYCHOLOGICAL MEDICINE,https://www.oaj.com.cn/Journal/psychological-medicine,0033-2917,1469-8978,Cambridge University Press,English,USA,Gold OA,Frontier Science Journal,2区,OAJ,https://www.oaj.com.cn/simplesearch?field=1,62,2026-05-21T07:21:51+00:00
PROSTATE INTERNATIONAL,https://www.oaj.com.cn/Journal/prostate-international,2287-8882,2287-903X,Elsevier,English,USA,Gold OA,Frontier Science Journal,3区,OAJ,https://www.oaj.com.cn/simplesearch?field=1,62,2026-05-21T07:21:51+00:00
POULTRY SCIENCE,https://www.oaj.com.cn/Journal/poultry-science,0032-5791,1525-3171,Elsevier,English,Netherlands,Gold OA,Frontier Science Journal,2区,OAJ,https://www.oaj.com.cn/simplesearch?field=1,62,2026-05-21T07:21:51+00:00
Protein & Cell,https://www.oaj.com.cn/Journal/protein-cell,1674-800X,1674-8018,OXFORD UNIV PRESS,English,United Kingdom,金色OA,Frontier Science Journal,,OAJ,https://www.oaj.com.cn/simplesearch?field=1,62,2026-05-21T07:21:51+00:00
Progress in Medical Devices,https://www.oaj.com.cn/Journal/progress-in-medical-devices,2957-5478,,ZENTIME PUBLISHING CORPORATION LIMITED,English,"Hong Kong, China",金色OA,Sound Science Journal,,OAJ,https://www.oaj.com.cn/simplesearch?field=1,62,2026-05-21T07:21:51+00:00
QUANTITATIVE IMAGING IN MEDICINE AND SURGERY,https://www.oaj.com.cn/Journal/quantitative-imaging-in-medicine-and-surgery,,2223-4306,AME Publishing Company,English,"Hong Kong, China",,,3区,OAJ,https://www.oaj.com.cn/simplesearch?field=1,63,2026-05-21T07:21:51+00:00
REPRODUCTIVE BIOLOGY AND ENDOCRINOLOGY,https://www.oaj.com.cn/Journal/reproductive-biology-and-endocrinology,,1477-7827,BioMed Central,English,United Kingdom,Gold OA,Frontier Science Journal,2区,OAJ,https://www.oaj.com.cn/simplesearch?field=1,63,2026-05-21T07:21:51+00:00
REPRODUCTIVE HEALTH,https://www.oaj.com.cn/Journal/reproductive-health,,1742-4755,BioMed Central,English,United Kingdom,Gold OA,Frontier Science Journal,2区,OAJ,https://www.oaj.com.cn/simplesearch?field=1,63,2026-05-21T07:21:51+00:00
RADIATION ONCOLOGY,https://www.oaj.com.cn/Journal/radiation-oncology,,1748-717X,BioMed Central,English,United Kingdom,Gold OA,Frontier Science Journal,2区,OAJ,https://www.oaj.com.cn/simplesearch?field=1,63,2026-05-21T07:21:51+00:00
RENEWABLE AGRICULTURE AND FOOD SYSTEMS,https://www.oaj.com.cn/Journal/renewable-agriculture-and-food-systems,,1742-1713,Cambridge University Press,English,United Kingdom,,,,OAJ,https://www.oaj.com.cn/simplesearch?field=1,63,2026-05-21T07:21:51+00:00
RECALL,https://www.oaj.com.cn/Journal/recall,0958-3440,1474-0109,Cambridge University Press,English,United Kingdom,Gold OA,Frontier Science Journal,1区,OAJ,https://www.oaj.com.cn/simplesearch?field=1,63,2026-05-21T07:21:51+00:00
REDOX BIOLOGY,https://www.oaj.com.cn/Journal/redox-biology,2213-2317,2213-2317,Elsevier,English,Netherlands,Gold OA,Frontier Science Journal,1区,OAJ,https://www.oaj.com.cn/simplesearch?field=1,63,2026-05-21T07:21:51+00:00
PULMONOLOGY,https://www.oaj.com.cn/Journal/pulmonology,2531-0437,2531-0437,Elsevier,English,Netherlands,Gold OA,Frontier Science Journal,2区,OAJ,https://www.oaj.com.cn/simplesearch?field=1,63,2026-05-21T07:21:51+00:00
REMOTE SENSING IN ECOLOGY AND CONSERVATION,https://www.oaj.com.cn/Journal/remote-sensing-in-ecology-and-conservation,,2056-3485,Wiley,English,USA,Gold OA,Frontier Science Journal,2区,OAJ,https://www.oaj.com.cn/simplesearch?field=1,63,2026-05-21T07:21:51+00:00
REGENERATIVE BIOMATERIALS,https://www.oaj.com.cn/Journal/regenerative-biomaterials,2056-3418,2056-3426,Oxford University Press,English,United Kingdom,,Frontier Science Journal,2区,OAJ,https://www.oaj.com.cn/simplesearch?field=1,63,2026-05-21T07:21:51+00:00
RESPIRATORY RESEARCH,https://www.oaj.com.cn/Journal/respiratory-research,,1465-993X,BioMed Central,English,United Kingdom,Gold OA,Frontier Science Journal,2区,OAJ,https://www.oaj.com.cn/simplesearch?field=1,64,2026-05-21T07:21:51+00:00
SCANDINAVIAN JOURNAL OF TRAUMA RESUSCITATION & EMERGENCY MEDICINE,https://www.oaj.com.cn/Journal/scandinavian-journal-of-trauma-resuscitation-emergency-medicine,,1757-7241,BioMed Central,English,United Kingdom,Gold OA,Frontier Science Journal,2区,OAJ,https://www.oaj.com.cn/simplesearch?field=1,64,2026-05-21T07:21:51+00:00
SATELLITE NAVIGATION,https://www.oaj.com.cn/Journal/satellite-navigation,2662-9291,2662-1363,Springer,English,United Kingdom,Gold OA,Frontier Science Journal,1区,OAJ,https://www.oaj.com.cn/simplesearch?field=1,64,2026-05-21T07:21:51+00:00
RICE,https://www.oaj.com.cn/Journal/rice,,1939-8433,Springer,English,USA,Gold OA,Frontier Science Journal,1区,OAJ,https://www.oaj.com.cn/simplesearch?field=1,64,2026-05-21T07:21:51+00:00
SCIENCE AND ENGINEERING ETHICS,https://www.oaj.com.cn/Journal/science-and-engineering-ethics,,1471-5546,Springer,English,Netherlands,Gold OA,Frontier Science Journal,3区,OAJ,https://www.oaj.com.cn/simplesearch?field=1,64,2026-05-21T07:21:51+00:00
SCHIZOPHRENIA,https://www.oaj.com.cn/Journal/schizophrenia,,2754-6993,Springer Nature,English,Germany,Gold OA,Frontier Science Journal,2区,OAJ,https://www.oaj.com.cn/simplesearch?field=1,64,2026-05-21T07:21:51+00:00
RESEARCH & POLITICS,https://www.oaj.com.cn/Journal/research-politics,2053-1680,2053-1680,Sage,English,USA,Gold OA,Frontier Science Journal,,OAJ,https://www.oaj.com.cn/simplesearch?field=1,64,2026-05-21T07:21:51+00:00
RICE SCIENCE,https://www.oaj.com.cn/Journal/rice-science,1672-6308,1876-4762,Elsevier,English,Netherlands,Gold OA,Frontier Science Journal,2区,OAJ,https://www.oaj.com.cn/simplesearch?field=1,64,2026-05-21T07:21:51+00:00
REPRODUCTIVE MEDICINE AND BIOLOGY,https://www.oaj.com.cn/Journal/reproductive-medicine-and-biology,1445-5781,1447-0578,Wiley,English,USA,Gold OA,Frontier Science Journal,3区,OAJ,https://www.oaj.com.cn/simplesearch?field=1,64,2026-05-21T07:21:51+00:00
Research Synthesis Methods,https://www.oaj.com.cn/Journal/research-synthesis-methods,1759-2879,1759-2887,Cambridge University Press,English,United Kingdom,Gold OA,Frontier Science Journal,2区,OAJ,https://www.oaj.com.cn/simplesearch?field=1,64,2026-05-21T07:21:51+00:00
SKELETAL MUSCLE,https://www.oaj.com.cn/Journal/skeletal-muscle,,2044-5040,BioMed Central,English,United Kingdom,Gold OA,Frontier Science Journal,2区,OAJ,https://www.oaj.com.cn/simplesearch?field=1,65,2026-05-21T07:21:51+00:00
SCIENTIFIC DATA,https://www.oaj.com.cn/Journal/scientific-data,,2052-4463,Nature Portfolio,English,Germany,Gold OA,Frontier Science Journal,2区,OAJ,https://www.oaj.com.cn/simplesearch?field=1,65,2026-05-21T07:21:51+00:00
SIGNAL TRANSDUCTION AND TARGETED THERAPY,https://www.oaj.com.cn/Journal/signal-transduction-and-targeted-therapy,,2059-3635,Springer Nature,English,United Kingdom,Gold OA,Frontier Science Journal,1区,OAJ,https://www.oaj.com.cn/simplesearch?field=1,65,2026-05-21T07:21:51+00:00
SOCIAL MEDIA + SOCIETY,https://www.oaj.com.cn/Journal/social-media-society,2056-3051,2056-3051,Sage,English,United Kingdom,Gold OA,Frontier Science Journal,1区,OAJ,https://www.oaj.com.cn/simplesearch?field=1,65,2026-05-21T07:21:51+00:00
SOILS AND FOUNDATIONS,https://www.oaj.com.cn/Journal/soils-and-foundations,0038-0806,2524-1788,Elsevier,English,Netherlands,Gold OA,Frontier Science Journal,2区,OAJ,https://www.oaj.com.cn/simplesearch?field=1,65,2026-05-21T07:21:51+00:00
SMALL STRUCTURES,https://www.oaj.com.cn/Journal/small-structures,,2688-4062,Wiley-VCH,English,USA,Gold OA,Frontier Science Journal,2区,OAJ,https://www.oaj.com.cn/simplesearch?field=1,65,2026-05-21T07:21:51+00:00
SCIENCE AND TECHNOLOGY OF ADVANCED MATERIALS,https://www.oaj.com.cn/Journal/science-and-technology-of-advanced-materials,,1878-5514,Taylor & Francis,English,United Kingdom,,,,OAJ,https://www.oaj.com.cn/simplesearch?field=1,65,2026-05-21T07:21:51+00:00
SMART AGRICULTURE,https://www.oaj.com.cn/Journal/smart-agriculture,2096-8094,2097-485X,Editorial Office of Smart Agriculture,English,China,Gold OA,Frontier Science Journal,,OAJ,https://www.oaj.com.cn/simplesearch?field=1,65,2026-05-21T07:21:51+00:00
Science of Remote Sensing,https://www.oaj.com.cn/Journal/science-of-remote-sensing,2666-0172,2666-0172,Elsevier,English,Netherlands,Gold OA,Frontier Science Journal,2区,OAJ,https://www.oaj.com.cn/simplesearch?field=1,65,2026-05-21T07:21:51+00:00
Smart Energy,https://www.oaj.com.cn/Journal/smart-energy,2666-9552,2666-9552,Elsevier,English,United Kingdom,Gold OA,Frontier Science Journal,3区,OAJ,https://www.oaj.com.cn/simplesearch?field=1,65,2026-05-21T07:21:51+00:00
SUSTAINABLE ENVIRONMENT RESEARCH,https://www.oaj.com.cn/Journal/sustainable-environment-research,,2468-2039,BioMed Central,English,United Kingdom,,,,OAJ,https://www.oaj.com.cn/simplesearch?field=1,66,2026-05-21T07:21:51+00:00
STEM CELL RESEARCH & THERAPY,https://www.oaj.com.cn/Journal/stem-cell-research-therapy,,1757-6512,BioMed Central,English,United Kingdom,Gold OA,Frontier Science Journal,2区,OAJ,https://www.oaj.com.cn/simplesearch?field=1,66,2026-05-21T07:21:51+00:00
SPORTS MEDICINE-OPEN,https://www.oaj.com.cn/Journal/sports-medicine-open,,2198-9761,Springer,English,USA,Gold OA,Frontier Science Journal,2区,OAJ,https://www.oaj.com.cn/simplesearch?field=1,66,2026-05-21T07:21:51+00:00
STEM CELL REPORTS,https://www.oaj.com.cn/Journal/stem-cell-reports,2213-6711,2213-6711,Elsevier,English,United Kingdom,Gold OA,Frontier Science Journal,1区,OAJ,https://www.oaj.com.cn/simplesearch?field=1,66,2026-05-21T07:21:51+00:00
SSM-POPULATION HEALTH,https://www.oaj.com.cn/Journal/ssm-population-health,2352-8273,2352-8273,Elsevier,English,United Kingdom,Gold OA,Frontier Science Journal,2区,OAJ,https://www.oaj.com.cn/simplesearch?field=1,66,2026-05-21T07:21:51+00:00
SUSTAINABLE FOOD TECHNOLOGY,https://www.oaj.com.cn/Journal/sustainable-food-technology,2753-8095,2753-8095,Royal Society of Chemistry,English,United Kingdom,Gold OA,,,OAJ,https://www.oaj.com.cn/simplesearch?field=1,66,2026-05-21T07:21:51+00:00
SUSMAT,https://www.oaj.com.cn/Journal/susmat,1369-6513,2692-4552,Wiley,English,USA,Gold OA,Frontier Science Journal,2区,OAJ,https://www.oaj.com.cn/simplesearch?field=1,66,2026-05-21T07:21:51+00:00
SPACE WEATHER-THE INTERNATIONAL JOURNAL OF RESEARCH AND APPLICATIONS,https://www.oaj.com.cn/Journal/space-weather-the-international-journal-of-research-and-applications,1539-4964,1542-7390,Wiley,English,USA,Gold OA,Frontier Science Journal,2区,OAJ,https://www.oaj.com.cn/simplesearch?field=1,66,2026-05-21T07:21:51+00:00
STRUCTURAL CONTROL & HEALTH MONITORING,https://www.oaj.com.cn/Journal/structural-control-health-monitoring,1545-2255,1545-2263,Wiley,English,United Kingdom,Gold OA,Frontier Science Journal,2区,OAJ,https://www.oaj.com.cn/simplesearch?field=1,66,2026-05-21T07:21:51+00:00
Surface Science and Technology,https://www.oaj.com.cn/Journal/surface-science-and-technology,2097-3624,2731-7838,Springer Nature Singapore,English,Singapore,Gold OA,Frontier Science Journal,,OAJ,https://www.oaj.com.cn/simplesearch?field=1,66,2026-05-21T07:21:51+00:00
THE CROP JOURNAL,https://www.oaj.com.cn/Journal/the-crop-journal,2095-5421,2214-5141,"KeAi Communications Co., Ltd.",English,China,金色OA,Frontier Science Journal,1区,OAJ,https://www.oaj.com.cn/simplesearch?field=1,67,2026-05-21T07:21:51+00:00
SYNTHETIC AND SYSTEMS BIOTECHNOLOGY,https://www.oaj.com.cn/Journal/synthetic-and-systems-biotechnology,2097-1206,2405-805X,"KeAi Communications Co., Ltd.",English,China,金色OA,Sound Science Journal,1区,OAJ,https://www.oaj.com.cn/simplesearch?field=1,67,2026-05-21T07:21:51+00:00
SWISS JOURNAL OF GEOSCIENCES,https://www.oaj.com.cn/Journal/swiss-journal-of-geosciences,,1661-8734,Springer,English,Switzerland,Gold OA,Frontier Science Journal,3区,OAJ,https://www.oaj.com.cn/simplesearch?field=1,67,2026-05-21T07:21:51+00:00
SWISS JOURNAL OF PALAEONTOLOGY,https://www.oaj.com.cn/Journal/swiss-journal-of-palaeontology,,1664-2384,Springer,English,Switzerland,Gold OA,Frontier Science Journal,2区,OAJ,https://www.oaj.com.cn/simplesearch?field=1,67,2026-05-21T07:21:51+00:00
THE EUROPEAN PHYSICAL JOURNAL C,https://www.oaj.com.cn/Journal/the-european-physical-journal-c,,1434-6052,Springer,English,USA,Gold OA,Frontier Science Journal,2区,OAJ,https://www.oaj.com.cn/simplesearch?field=1,67,2026-05-21T07:21:51+00:00
THE EMBO JOURNAL,https://www.oaj.com.cn/Journal/the-embo-journal,,1460-2075,Springer Nature,English,USA,Gold OA,Frontier Science Journal,1区,OAJ,https://www.oaj.com.cn/simplesearch?field=1,67,2026-05-21T07:21:51+00:00
THE BRITISH JOURNAL FOR THE HISTORY OF SCIENCE,https://www.oaj.com.cn/Journal/the-british-journal-for-the-history-of-science,0007-0874,1474-001X,Cambridge University Press,English,USA,Gold OA,Frontier Science Journal,1区,OAJ,https://www.oaj.com.cn/simplesearch?field=1,67,2026-05-21T07:21:51+00:00
THE BREAST,https://www.oaj.com.cn/Journal/the-breast,0960-9776,1532-3080,Elsevier,English,United Kingdom,Gold OA,Frontier Science Journal,2区,OAJ,https://www.oaj.com.cn/simplesearch?field=1,67,2026-05-21T07:21:51+00:00
THE INNOVATION LIFE,https://www.oaj.com.cn/Journal/the-innovation-life,2959-8761,,Innovation Press,English,"Hong Kong, China",Gold OA,,,OAJ,https://www.oaj.com.cn/simplesearch?field=1,67,2026-05-21T07:21:51+00:00
The Innovation,https://www.oaj.com.cn/Journal/the-innovation,,2666-6758,Cell Press,English,USA,Gold OA,,,OAJ,https://www.oaj.com.cn/simplesearch?field=1,67,2026-05-21T07:21:51+00:00
THE JOURNAL OF COMPARATIVE GERMANIC LINGUISTICS,https://www.oaj.com.cn/Journal/the-journal-of-comparative-germanic-linguistics,,1572-8552,Springer,English,USA,,,,OAJ,https://www.oaj.com.cn/simplesearch?field=1,68,2026-05-21T07:21:51+00:00
THE JOURNAL OF HEADACHE AND PAIN,https://www.oaj.com.cn/Journal/the-journal-of-headache-and-pain,1129-2369,1129-2377,BioMed Central,English,United Kingdom,Gold OA,Frontier Science Journal,1区,OAJ,https://www.oaj.com.cn/simplesearch?field=1,68,2026-05-21T07:21:51+00:00
THE INNOVATION MEDICINE,https://www.oaj.com.cn/Journal/the-innovation-medicine,2959-8745,,Innovation Press,English,"Hong Kong, China",Gold OA,,,OAJ,https://www.oaj.com.cn/simplesearch?field=1,68,2026-05-21T07:21:51+00:00
THE JOURNAL OF NUTRITION HEALTH AND AGING,https://www.oaj.com.cn/Journal/the-journal-of-nutrition-health-and-aging,1279-7707,1760-4788,Elsevier,English,France,Gold OA,Frontier Science Journal,2区,OAJ,https://www.oaj.com.cn/simplesearch?field=1,68,2026-05-21T07:21:51+00:00
THE LANCET DIGITAL HEALTH,https://www.oaj.com.cn/Journal/the-lancet-digital-health,2589-7500,2589-7500,Elsevier,English,Netherlands,Gold OA,Frontier Science Journal,1区,OAJ,https://www.oaj.com.cn/simplesearch?field=1,68,2026-05-21T07:21:51+00:00
THE LANCET MICROBE,https://www.oaj.com.cn/Journal/the-lancet-microbe,2666-5247,2666-5247,Elsevier,English,Netherlands,Gold OA,Frontier Science Journal,1区,OAJ,https://www.oaj.com.cn/simplesearch?field=1,68,2026-05-21T07:21:51+00:00
THE LANCET GLOBAL HEALTH,https://www.oaj.com.cn/Journal/the-lancet-global-health,2214-109X,2214-109X,Elsevier,English,United Kingdom,Gold OA,Frontier Science Journal,1区,OAJ,https://www.oaj.com.cn/simplesearch?field=1,68,2026-05-21T07:21:51+00:00
THE LANCET PLANETARY HEALTH,https://www.oaj.com.cn/Journal/the-lancet-planetary-health,2542-5196,2542-5196,Elsevier,English,United Kingdom,Gold OA,Frontier Science Journal,1区,OAJ,https://www.oaj.com.cn/simplesearch?field=1,68,2026-05-21T07:21:51+00:00
THE JOURNAL OF PATHOLOGY-CLINICAL RESEARCH,https://www.oaj.com.cn/Journal/the-journal-of-pathology-clinical-research,,2056-4538,Wiley,English,USA,Gold OA,Frontier Science Journal,2区,OAJ,https://www.oaj.com.cn/simplesearch?field=1,68,2026-05-21T07:21:51+00:00
The Lancet Healthy Longevity,https://www.oaj.com.cn/Journal/the-lancet-healthy-longevity,2666-7568,2666-7568,Elsevier,English,United Kingdom,Gold OA,,1区,OAJ,https://www.oaj.com.cn/simplesearch?field=1,68,2026-05-21T07:21:51+00:00
THEORY AND PRACTICE OF LOGIC PROGRAMMING,https://www.oaj.com.cn/Journal/theory-and-practice-of-logic-programming,1471-0684,1475-3081,Cambridge University Press,English,USA,Gold OA,,2区,OAJ,https://www.oaj.com.cn/simplesearch?field=1,69,2026-05-21T07:21:51+00:00
THERAPEUTIC ADVANCES IN MEDICAL ONCOLOGY,https://www.oaj.com.cn/Journal/therapeutic-advances-in-medical-oncology,1758-8359,1758-8359,Sage,English,United Kingdom,Gold OA,Frontier Science Journal,2区,OAJ,https://www.oaj.com.cn/simplesearch?field=1,69,2026-05-21T07:21:51+00:00
THERAPEUTIC ADVANCES IN MUSCULOSKELETAL DISEASE,https://www.oaj.com.cn/Journal/therapeutic-advances-in-musculoskeletal-disease,1759-720X,1759-7218,Sage,English,United Kingdom,Gold OA,Frontier Science Journal,3区,OAJ,https://www.oaj.com.cn/simplesearch?field=1,69,2026-05-21T07:21:51+00:00
THE LANCET REGIONAL HEALTH-EUROPE,https://www.oaj.com.cn/Journal/the-lancet-regional-health-europe,,2666-7762,Elsevier,English,United Kingdom,Gold OA,Frontier Science Journal,1区,OAJ,https://www.oaj.com.cn/simplesearch?field=1,69,2026-05-21T07:21:51+00:00
THE LANCET REGIONAL HEALTH-WESTERN PACIFIC,https://www.oaj.com.cn/Journal/the-lancet-regional-health-western-pacific,2666-6065,2666-6065,Elsevier,English,Netherlands,Gold OA,Frontier Science Journal,1区,OAJ,https://www.oaj.com.cn/simplesearch?field=1,69,2026-05-21T07:21:51+00:00
THE LANCET PUBLIC HEALTH,https://www.oaj.com.cn/Journal/the-lancet-public-health,2468-2667,2468-2667,Elsevier,English,United Kingdom,Gold OA,Frontier Science Journal,1区,OAJ,https://www.oaj.com.cn/simplesearch?field=1,69,2026-05-21T07:21:51+00:00
THEORETICAL ECONOMICS,https://www.oaj.com.cn/Journal/theoretical-economics,1933-6837,1555-7561,Wiley,English,USA,Gold OA,Frontier Science Journal,,OAJ,https://www.oaj.com.cn/simplesearch?field=1,69,2026-05-21T07:21:51+00:00
THE PLANT GENOME,https://www.oaj.com.cn/Journal/the-plant-genome,,1940-3372,Wiley,English,USA,Gold OA,Frontier Science Journal,2区,OAJ,https://www.oaj.com.cn/simplesearch?field=1,69,2026-05-21T07:21:51+00:00
Theoretical and Applied Mechanics Letters,https://www.oaj.com.cn/Journal/theoretical-and-applied-mechanics-letters,2095-0349,2589-0336,Elsevier,English,United Kingdom,Gold OA,Frontier Science Journal,2区,OAJ,https://www.oaj.com.cn/simplesearch?field=1,69,2026-05-21T07:21:51+00:00
The Lancet Regional Health - Americas,https://www.oaj.com.cn/Journal/the-lancet-regional-health-americas,2667-193X,2667-193X,Elsevier,English,United Kingdom,Gold OA,,2区,OAJ,https://www.oaj.com.cn/simplesearch?field=1,69,2026-05-21T07:21:51+00:00
TRANSLATIONAL LUNG CANCER RESEARCH,https://www.oaj.com.cn/Journal/translational-lung-cancer-research,,2226-4477,AME Publishing Company,English,"Hong Kong, China",,,3区,OAJ,https://www.oaj.com.cn/simplesearch?field=1,70,2026-05-21T07:21:51+00:00
TRANSLATIONAL NEURODEGENERATION,https://www.oaj.com.cn/Journal/translational-neurodegeneration,,2047-9158,BioMed Central,English,United Kingdom,Gold OA,Frontier Science Journal,1区,OAJ,https://www.oaj.com.cn/simplesearch?field=1,70,2026-05-21T07:21:51+00:00
TRANSLATIONAL PSYCHIATRY,https://www.oaj.com.cn/Journal/translational-psychiatry,,2158-3188,Springer Nature,English,United Kingdom,Gold OA,Frontier Science Journal,2区,OAJ,https://www.oaj.com.cn/simplesearch?field=1,70,2026-05-21T07:21:51+00:00
TOXINS,https://www.oaj.com.cn/Journal/toxins,,2072-6651,MDPI,English,Switzerland,Gold OA,Sound Science Journal,3区,OAJ,https://www.oaj.com.cn/simplesearch?field=1,70,2026-05-21T07:21:51+00:00
TRANSNATIONAL ENVIRONMENTAL LAW,https://www.oaj.com.cn/Journal/transnational-environmental-law,2047-1025,2047-1033,Cambridge University Press,English,United Kingdom,Gold OA,Frontier Science Journal,2区,OAJ,https://www.oaj.com.cn/simplesearch?field=1,70,2026-05-21T07:21:51+00:00
THERAPEUTIC ADVANCES IN NEUROLOGICAL DISORDERS,https://www.oaj.com.cn/Journal/therapeutic-advances-in-neurological-disorders,1756-2864,1756-2864,Sage,English,United Kingdom,Gold OA,Frontier Science Journal,2区,OAJ,https://www.oaj.com.cn/simplesearch?field=1,70,2026-05-21T07:21:51+00:00
TICKS AND TICK-BORNE DISEASES,https://www.oaj.com.cn/Journal/ticks-and-tick-borne-diseases,1877-959X,1877-9603,Elsevier,English,Germany,Gold OA,Frontier Science Journal,2区,OAJ,https://www.oaj.com.cn/simplesearch?field=1,70,2026-05-21T07:21:51+00:00
TRANSACTIONS OF NONFERROUS METALS SOCIETY OF CHINA,https://www.oaj.com.cn/Journal/transactions-of-nonferrous-metals-society-of-china,1003-6326,2210-3384,Elsevier,English,Netherlands,Gold OA,Frontier Science Journal,2区,OAJ,https://www.oaj.com.cn/simplesearch?field=1,70,2026-05-21T07:21:51+00:00
TRANSBOUNDARY AND EMERGING DISEASES,https://www.oaj.com.cn/Journal/transboundary-and-emerging-diseases,1865-1674,1865-1682,Wiley,English,USA,Gold OA,Frontier Science Journal,2区,OAJ,https://www.oaj.com.cn/simplesearch?field=1,70,2026-05-21T07:21:51+00:00
Transportation Research Interdisciplinary Perspectives,https://www.oaj.com.cn/Journal/transportation-research-interdisciplinary-perspectives,2590-1982,2590-1982,Elsevier,English,United Kingdom,Gold OA,Frontier Science Journal,3区,OAJ,https://www.oaj.com.cn/simplesearch?field=1,70,2026-05-21T07:21:51+00:00
UNDERGROUND SPACE,https://www.oaj.com.cn/Journal/underground-space,2096-2754,2467-9674,"KeAi Communications Co., Ltd.",English,China,钻石OA,Frontier Science Journal,1区,OAJ,https://www.oaj.com.cn/simplesearch?field=1,71,2026-05-21T07:21:51+00:00
TRIALS,https://www.oaj.com.cn/Journal/trials,,1745-6215,BioMed Central,English,United Kingdom,,,,OAJ,https://www.oaj.com.cn/simplesearch?field=1,71,2026-05-21T07:21:51+00:00
TWENTIETH-CENTURY MUSIC,https://www.oaj.com.cn/Journal/twentieth-century-music,,1478-5730,Cambridge University Press,English,United Kingdom,,,,OAJ,https://www.oaj.com.cn/simplesearch?field=1,71,2026-05-21T07:21:51+00:00
TRENDS IN HEARING,https://www.oaj.com.cn/Journal/trends-in-hearing,2331-2165,2331-2165,Sage,English,USA,Gold OA,Frontier Science Journal,2区,OAJ,https://www.oaj.com.cn/simplesearch?field=1,71,2026-05-21T07:21:51+00:00
ULTRASONICS SONOCHEMISTRY,https://www.oaj.com.cn/Journal/ultrasonics-sonochemistry,1350-4177,1873-2828,Elsevier,English,Netherlands,Gold OA,Frontier Science Journal,1区,OAJ,https://www.oaj.com.cn/simplesearch?field=1,71,2026-05-21T07:21:51+00:00
TRAVEL MEDICINE AND INFECTIOUS DISEASE,https://www.oaj.com.cn/Journal/travel-medicine-and-infectious-disease,,1477-8939,Elsevier,English,United Kingdom,Gold OA,Frontier Science Journal,3区,OAJ,https://www.oaj.com.cn/simplesearch?field=1,71,2026-05-21T07:21:51+00:00
VETERINARY MEDICINE AND SCIENCE,https://www.oaj.com.cn/Journal/veterinary-medicine-and-science,,2053-1095,Wiley,English,USA,Gold OA,Frontier Science Journal,,OAJ,https://www.oaj.com.cn/simplesearch?field=1,71,2026-05-21T07:21:51+00:00
UNITED EUROPEAN GASTROENTEROLOGY JOURNAL,https://www.oaj.com.cn/Journal/united-european-gastroenterology-journal,2050-6406,2050-6414,Wiley,English,United Kingdom,Gold OA,Frontier Science Journal,2区,OAJ,https://www.oaj.com.cn/simplesearch?field=1,71,2026-05-21T07:21:51+00:00
Tsinghua Science and Technology,https://www.oaj.com.cn/Journal/tsinghua-science-and-technology,1007-0214,1878-7606,Tsinghua University Press,English,China,,,2区,OAJ,https://www.oaj.com.cn/simplesearch?field=1,71,2026-05-21T07:21:51+00:00
"Trees, Forests and People",https://www.oaj.com.cn/Journal/trees-forests-and-people,,2666-7193,Elsevier,English,Netherlands,Gold OA,,2区,OAJ,https://www.oaj.com.cn/simplesearch?field=1,71,2026-05-21T07:21:51+00:00
VIROLOGICA SINICA,https://www.oaj.com.cn/Journal/virologica-sinica,1674-0769,1995-820X,"KeAi Communications Co., Ltd.",English,China,金色OA,Frontier Science Journal,2区,OAJ,https://www.oaj.com.cn/simplesearch?field=1,72,2026-05-21T07:21:51+00:00
VIROLOGY JOURNAL,https://www.oaj.com.cn/Journal/virology-journal,,1743-422X,BioMed Central,English,United Kingdom,,,,OAJ,https://www.oaj.com.cn/simplesearch?field=1,72,2026-05-21T07:21:51+00:00
VETERINARY RESEARCH,https://www.oaj.com.cn/Journal/veterinary-research,,1297-9716,BioMed Central,English,United Kingdom,Gold OA,Frontier Science Journal,2区,OAJ,https://www.oaj.com.cn/simplesearch?field=1,72,2026-05-21T07:21:51+00:00
VIRTUAL REALITY,https://www.oaj.com.cn/Journal/virtual-reality,1359-4338,1434-9957,Springer,English,United Kingdom,Gold OA,Frontier Science Journal,2区,OAJ,https://www.oaj.com.cn/simplesearch?field=1,72,2026-05-21T07:21:51+00:00
VOCATIONS AND LEARNING,https://www.oaj.com.cn/Journal/vocations-and-learning,,1874-7868,Springer,English,Netherlands,Gold OA,Frontier Science Journal,4区,OAJ,https://www.oaj.com.cn/simplesearch?field=1,72,2026-05-21T07:21:51+00:00
WATER RESEARCH X,https://www.oaj.com.cn/Journal/water-research-x,2589-9147,2589-9147,Elsevier,English,Netherlands,Gold OA,Frontier Science Journal,2区,OAJ,https://www.oaj.com.cn/simplesearch?field=1,72,2026-05-21T07:21:51+00:00
WATER BIOLOGY AND SECURITY,https://www.oaj.com.cn/Journal/water-biology-and-security,2097-4132,2772-7351,"KeAi Communications Co., Ltd.",English,CHINA,Gold OA,Frontier Science Journal,,OAJ,https://www.oaj.com.cn/simplesearch?field=1,72,2026-05-21T07:21:51+00:00
VIRTUAL AND PHYSICAL PROTOTYPING,https://www.oaj.com.cn/Journal/virtual-and-physical-prototyping,,1745-2767,Taylor & Francis,English,United Kingdom,,,1区,OAJ,https://www.oaj.com.cn/simplesearch?field=1,72,2026-05-21T07:21:51+00:00
VETERINARY QUARTERLY,https://www.oaj.com.cn/Journal/veterinary-quarterly,,1875-5941,Taylor & Francis,English,United Kingdom,,,2区,OAJ,https://www.oaj.com.cn/simplesearch?field=1,72,2026-05-21T07:21:51+00:00
VIRULENCE,https://www.oaj.com.cn/Journal/virulence,,2150-5608,Taylor & Francis,English,United Kingdom,,,1区,OAJ,https://www.oaj.com.cn/simplesearch?field=1,72,2026-05-21T07:21:51+00:00
WORLD JOURNAL OF EMERGENCY SURGERY,https://www.oaj.com.cn/Journal/world-journal-of-emergency-surgery,,1749-7922,BioMed Central,English,United Kingdom,Gold OA,Frontier Science Journal,1区,OAJ,https://www.oaj.com.cn/simplesearch?field=1,73,2026-05-21T07:21:51+00:00
WEED TECHNOLOGY,https://www.oaj.com.cn/Journal/weed-technology,,1550-2740,Cambridge University Press,English,USA,,,,OAJ,https://www.oaj.com.cn/simplesearch?field=1,73,2026-05-21T07:21:51+00:00
WEED SCIENCE,https://www.oaj.com.cn/Journal/weed-science,0043-1745,1550-2759,Cambridge University Press,English,USA,Gold OA,Frontier Science Journal,2区,OAJ,https://www.oaj.com.cn/simplesearch?field=1,73,2026-05-21T07:21:51+00:00
YOUNG,https://www.oaj.com.cn/Journal/young,1103-3088,1741-3222,Sage,English,United Kingdom,Gold OA,Frontier Science Journal,2区,OAJ,https://www.oaj.com.cn/simplesearch?field=1,73,2026-05-21T07:21:51+00:00
WEATHER AND CLIMATE EXTREMES,https://www.oaj.com.cn/Journal/weather-and-climate-extremes,2212-0947,2212-0947,Elsevier,English,Netherlands,Gold OA,Frontier Science Journal,1区,OAJ,https://www.oaj.com.cn/simplesearch?field=1,73,2026-05-21T07:21:51+00:00
WORLD ALLERGY ORGANIZATION JOURNAL,https://www.oaj.com.cn/Journal/world-allergy-organization-journal,1939-4551,1939-4551,Elsevier,English,Netherlands,Gold OA,Frontier Science Journal,2区,OAJ,https://www.oaj.com.cn/simplesearch?field=1,73,2026-05-21T07:21:51+00:00
丝绸,https://www.oaj.com.cn/Journal/%E4%B8%9D%E7%BB%B8,1001-7003,2097-4604,杭州《丝绸》杂志社有限公司,Chinese,China,Gold OA,Frontier Science Journal,,OAJ,https://www.oaj.com.cn/simplesearch?field=1,73,2026-05-21T07:21:51+00:00
世界科技研究与发展,https://www.oaj.com.cn/Journal/%E4%B8%96%E7%95%8C%E7%A7%91%E6%8A%80%E7%A0%94%E7%A9%B6%E4%B8%8E%E5%8F%91%E5%B1%95,1006-6055,,科学出版社,Chinese,China,金色OA,Frontier Science Journal,,OAJ,https://www.oaj.com.cn/simplesearch?field=1,73,2026-05-21T07:21:51+00:00
WATER RESOURCES RESEARCH,https://www.oaj.com.cn/Journal/water-resources-research,0043-1397,1944-7973,Wiley,English,USA,Gold OA,Frontier Science Journal,2区,OAJ,https://www.oaj.com.cn/simplesearch?field=1,73,2026-05-21T07:21:51+00:00
上海预防医学,https://www.oaj.com.cn/Journal/%E4%B8%8A%E6%B5%B7%E9%A2%84%E9%98%B2%E5%8C%BB%E5%AD%A6,1004-9231,,《上海预防医学》编辑部,中文,China,金色OA,Frontier Science Journal,,OAJ,https://www.oaj.com.cn/simplesearch?field=1,73,2026-05-21T07:21:51+00:00
农业图书情报学报,https://www.oaj.com.cn/Journal/%E5%86%9C%E4%B8%9A%E5%9B%BE%E4%B9%A6%E6%83%85%E6%8A%A5%E5%AD%A6%E6%8A%A5,1002-1248,,《农业图书情报学报》编辑部,Chinese,China,Gold OA,,,OAJ,https://www.oaj.com.cn/simplesearch?field=1,74,2026-05-21T07:21:51+00:00
中国儿童保健杂志,https://www.oaj.com.cn/Journal/%E4%B8%AD%E5%9B%BD%E5%84%BF%E7%AB%A5%E4%BF%9D%E5%81%A5%E6%9D%82%E5%BF%97,1008-6579,,《中国儿童保健杂志》编辑部,Chinese,China,Gold OA,Frontier Science Journal,,OAJ,https://www.oaj.com.cn/simplesearch?field=1,74,2026-05-21T07:21:51+00:00
临床肝胆病杂志,https://www.oaj.com.cn/Journal/%E4%B8%B4%E5%BA%8A%E8%82%9D%E8%83%86%E7%97%85%E6%9D%82%E5%BF%97,1001-5256,2097-3497,《临床肝胆病杂志》编辑部,Chinese,China,Gold OA,Frontier Science Journal,,OAJ,https://www.oaj.com.cn/simplesearch?field=1,74,2026-05-21T07:21:51+00:00
人民珠江,https://www.oaj.com.cn/Journal/%E4%BA%BA%E6%B0%91%E7%8F%A0%E6%B1%9F,1001-9235,,《人民珠江》编辑部,Chinese,China,Diamond/Platinum OA,Frontier Science Journal,,OAJ,https://www.oaj.com.cn/simplesearch?field=1,74,2026-05-21T07:21:51+00:00
光通信研究,https://www.oaj.com.cn/Journal/%E5%85%89%E9%80%9A%E4%BF%A1%E7%A0%94%E7%A9%B6,1005-8788,,《光通信研究》编辑部,Chinese,China,Gold OA,,,OAJ,https://www.oaj.com.cn/simplesearch?field=1,74,2026-05-21T07:21:51+00:00
中国皮肤性病学杂志,https://www.oaj.com.cn/Journal/%E4%B8%AD%E5%9B%BD%E7%9A%AE%E8%82%A4%E6%80%A7%E7%97%85%E5%AD%A6%E6%9D%82%E5%BF%97,1001-7089,,《中国皮肤性病学杂志》编辑部,Chinese,China,Gold OA,Frontier Science Journal,,OAJ,https://www.oaj.com.cn/simplesearch?field=1,74,2026-05-21T07:21:51+00:00
中国学校卫生,https://www.oaj.com.cn/Journal/%E4%B8%AD%E5%9B%BD%E5%AD%A6%E6%A0%A1%E5%8D%AB%E7%94%9F,1000-9817,,《中国学校卫生》杂志社,中文,China,金色OA,Frontier Science Journal,,OAJ,https://www.oaj.com.cn/simplesearch?field=1,74,2026-05-21T07:21:51+00:00
光：快讯（英文）/eLight,https://www.oaj.com.cn/Journal/%E5%85%89-%E5%BF%AB%E8%AE%AF-%E8%8B%B1%E6%96%87-elight,2097-1710,2662-8643,《光：快讯（英文）》编辑部,英文,China,金色OA,Frontier Science Journal,,OAJ,https://www.oaj.com.cn/simplesearch?field=1,74,2026-05-21T07:21:51+00:00
人工晶体学报,https://www.oaj.com.cn/Journal/%E4%BA%BA%E5%B7%A5%E6%99%B6%E4%BD%93%E5%AD%A6%E6%8A%A5,1000-985X,,《人工晶体学报》编辑部,中文,China,金色OA,Frontier Science Journal,,OAJ,https://www.oaj.com.cn/simplesearch?field=1,74,2026-05-21T07:21:51+00:00
中国无机分析化学,https://www.oaj.com.cn/Journal/%E4%B8%AD%E5%9B%BD%E6%97%A0%E6%9C%BA%E5%88%86%E6%9E%90%E5%8C%96%E5%AD%A6,2095-1035,,《中国无机分析化学》编辑部,中文,China,金色OA,Frontier Science Journal,,OAJ,https://www.oaj.com.cn/simplesearch?field=1,74,2026-05-21T07:21:51+00:00
口腔疾病防治,https://www.oaj.com.cn/Journal/%E5%8F%A3%E8%85%94%E7%96%BE%E7%97%85%E9%98%B2%E6%B2%BB,2096-1456,2097-0234,《口腔疾病防治》编辑部,Chinese,China,Diamond/Platinum OA,Frontier Science Journal,,OAJ,https://www.oaj.com.cn/simplesearch?field=1,75,2026-05-21T07:21:51+00:00
南方能源建设,https://www.oaj.com.cn/Journal/%E5%8D%97%E6%96%B9%E8%83%BD%E6%BA%90%E5%BB%BA%E8%AE%BE,2095-8676,,《南方能源观察》杂志社有限公司,Multi-Language,China,Gold OA,Frontier Science Journal,,OAJ,https://www.oaj.com.cn/simplesearch?field=1,75,2026-05-21T07:21:51+00:00
应用力学学报,https://www.oaj.com.cn/Journal/%E5%BA%94%E7%94%A8%E5%8A%9B%E5%AD%A6%E5%AD%A6%E6%8A%A5,1000-4939,,应用力学学报编辑部,Chinese,China,Gold OA,Frontier Science Journal,,OAJ,https://www.oaj.com.cn/simplesearch?field=1,75,2026-05-21T07:21:51+00:00
发电技术,https://www.oaj.com.cn/Journal/%E5%8F%91%E7%94%B5%E6%8A%80%E6%9C%AF,2096-4528,2096-4528,《发电技术》编辑部,Chinese,China,Gold OA,Frontier Science Journal,,OAJ,https://www.oaj.com.cn/simplesearch?field=1,75,2026-05-21T07:21:51+00:00
气象,https://www.oaj.com.cn/Journal/%E6%B0%94%E8%B1%A1,1000-0526,,气象出版社,Chinese,China,Gold OA,Frontier Science Journal,,OAJ,https://www.oaj.com.cn/simplesearch?field=1,75,2026-05-21T07:21:51+00:00
地球科学,https://www.oaj.com.cn/Journal/%E5%9C%B0%E7%90%83%E7%A7%91%E5%AD%A6,1000-2383,,《地球科学》编辑部,中文,China,金色OA,Frontier Science Journal,,OAJ,https://www.oaj.com.cn/simplesearch?field=1,75,2026-05-21T07:21:51+00:00
振动、测试与诊断,https://www.oaj.com.cn/Journal/%E6%8C%AF%E5%8A%A8-%E6%B5%8B%E8%AF%95%E4%B8%8E%E8%AF%8A%E6%96%AD,1004-6801,,《振动、测试与诊断》编辑部,中文,China,金色OA,Sound Science Journal,,OAJ,https://www.oaj.com.cn/simplesearch?field=1,75,2026-05-21T07:21:51+00:00
地球与行星物理论评（中英文）,https://www.oaj.com.cn/Journal/%E5%9C%B0%E7%90%83%E4%B8%8E%E8%A1%8C%E6%98%9F%E7%89%A9%E7%90%86%E8%AE%BA%E8%AF%84-%E4%B8%AD%E8%8B%B1%E6%96%87,2097-1893,,《地球与行星物理论评（中英文）》编辑部,多语种,China,金色OA,Frontier Science Journal,,OAJ,https://www.oaj.com.cn/simplesearch?field=1,75,2026-05-21T07:21:51+00:00
数据分析与知识发现,https://www.oaj.com.cn/Journal/%E6%95%B0%E6%8D%AE%E5%88%86%E6%9E%90%E4%B8%8E%E7%9F%A5%E8%AF%86%E5%8F%91%E7%8E%B0,2096-3467,无,中国科学院文献情报中心,中文,China,金色OA,Frontier Science Journal,,OAJ,https://www.oaj.com.cn/simplesearch?field=1,75,2026-05-21T07:21:51+00:00
岩矿测试,https://www.oaj.com.cn/Journal/%E5%B2%A9%E7%9F%BF%E6%B5%8B%E8%AF%95,0254-5357,,《岩矿测试》编辑部,中文,China,金色OA,Frontier Science Journal,,OAJ,https://www.oaj.com.cn/simplesearch?field=1,75,2026-05-21T07:21:51+00:00
热带地理,https://www.oaj.com.cn/Journal/%E7%83%AD%E5%B8%A6%E5%9C%B0%E7%90%86,1001-5221,,《热带地理》编辑委员会,Chinese,China,Gold OA,,,OAJ,https://www.oaj.com.cn/simplesearch?field=1,76,2026-05-21T07:21:51+00:00
环境科学研究,https://www.oaj.com.cn/Journal/%E7%8E%AF%E5%A2%83%E7%A7%91%E5%AD%A6%E7%A0%94%E7%A9%B6,1001-6929,,《环境科学研究》编辑部,Chinese,China,Gold OA,,,OAJ,https://www.oaj.com.cn/simplesearch?field=1,76,2026-05-21T07:21:51+00:00
眼科学报,https://www.oaj.com.cn/Journal/%E7%9C%BC%E7%A7%91%E5%AD%A6%E6%8A%A5,1000-4432,,中山大学中山眼科中心《眼科学报》编辑部,Chinese,China,Diamond/Platinum OA,Frontier Science Journal,,OAJ,https://www.oaj.com.cn/simplesearch?field=1,76,2026-05-21T07:21:51+00:00
现代纺织技术,https://www.oaj.com.cn/Journal/%E7%8E%B0%E4%BB%A3%E7%BA%BA%E7%BB%87%E6%8A%80%E6%9C%AF,1009-265X,,《现代纺织技术》编辑部,Chinese,China,Gold OA,Frontier Science Journal,,OAJ,https://www.oaj.com.cn/simplesearch?field=1,76,2026-05-21T07:21:51+00:00
油气藏评价与开发,https://www.oaj.com.cn/Journal/%E6%B2%B9%E6%B0%94%E8%97%8F%E8%AF%84%E4%BB%B7%E4%B8%8E%E5%BC%80%E5%8F%91,2095-1426,,《油气藏评价与开发》编辑部,Chinese,China,Diamond/Platinum OA,Frontier Science Journal,,OAJ,https://www.oaj.com.cn/simplesearch?field=1,76,2026-05-21T07:21:51+00:00
水生生物学报,https://www.oaj.com.cn/Journal/%E6%B0%B4%E7%94%9F%E7%94%9F%E7%89%A9%E5%AD%A6%E6%8A%A5,1000-3207,2097-3373,科学出版社,Chinese,China,金色OA,Frontier Science Journal,,OAJ,https://www.oaj.com.cn/simplesearch?field=1,76,2026-05-21T07:21:51+00:00
电力工程技术,https://www.oaj.com.cn/Journal/%E7%94%B5%E5%8A%9B%E5%B7%A5%E7%A8%8B%E6%8A%80%E6%9C%AF,2096-3203,,《电力工程技术》编辑部,中文,China,钻石OA,Frontier Science Journal,,OAJ,https://www.oaj.com.cn/simplesearch?field=1,76,2026-05-21T07:21:51+00:00
水科学与水工程（英文）,https://www.oaj.com.cn/Journal/%E6%B0%B4%E7%A7%91%E5%AD%A6%E4%B8%8E%E6%B0%B4%E5%B7%A5%E7%A8%8B-%E8%8B%B1%E6%96%87,1674-2370,,Elsevier,英文,Netherlands,金色OA,Frontier Science Journal,,OAJ,https://www.oaj.com.cn/simplesearch?field=1,76,2026-05-21T07:21:51+00:00
环境与职业医学,https://www.oaj.com.cn/Journal/%E7%8E%AF%E5%A2%83%E4%B8%8E%E8%81%8C%E4%B8%9A%E5%8C%BB%E5%AD%A6,2095-9982,,《环境与职业医学》编辑部,中文,China,金色OA,Frontier Science Journal,,OAJ,https://www.oaj.com.cn/simplesearch?field=1,76,2026-05-21T07:21:51+00:00
生物技术通报,https://www.oaj.com.cn/Journal/%E7%94%9F%E7%89%A9%E6%8A%80%E6%9C%AF%E9%80%9A%E6%8A%A5,1002-5464,,《生物技术通报》编辑部,中文,China,金色OA,Frontier Science Journal,,OAJ,https://www.oaj.com.cn/simplesearch?field=1,76,2026-05-21T07:21:51+00:00
空气动力学学报,https://www.oaj.com.cn/Journal/%E7%A9%BA%E6%B0%94%E5%8A%A8%E5%8A%9B%E5%AD%A6%E5%AD%A6%E6%8A%A5,0258-1825,,《空气动力学学报》编辑部,Multi-Language,China,Diamond/Platinum OA,Frontier Science Journal,,OAJ,https://www.oaj.com.cn/simplesearch?field=1,77,2026-05-21T07:21:51+00:00
解放军医学杂志,https://www.oaj.com.cn/Journal/%E8%A7%A3%E6%94%BE%E5%86%9B%E5%8C%BB%E5%AD%A6%E6%9D%82%E5%BF%97,0577-7402,0577-7403,《解放军医学杂志》编辑部,Chinese,China,Diamond/Platinum OA,,,OAJ,https://www.oaj.com.cn/simplesearch?field=1,77,2026-05-21T07:21:51+00:00
航空工程进展,https://www.oaj.com.cn/Journal/%E8%88%AA%E7%A9%BA%E5%B7%A5%E7%A8%8B%E8%BF%9B%E5%B1%95,1674-8190,,《航空工程进展》编辑部,Chinese,China,Gold OA,Frontier Science Journal,,OAJ,https://www.oaj.com.cn/simplesearch?field=1,77,2026-05-21T07:21:51+00:00
西安交通大学学报（医学版）,https://www.oaj.com.cn/Journal/%E8%A5%BF%E5%AE%89%E4%BA%A4%E9%80%9A%E5%A4%A7%E5%AD%A6%E5%AD%A6%E6%8A%A5-%E5%8C%BB%E5%AD%A6%E7%89%88,1671-8259,0258-0659,西安交通大学学报（医学版）编辑部,Chinese,China,Gold OA,Frontier Science Journal,,OAJ,https://www.oaj.com.cn/simplesearch?field=1,77,2026-05-21T07:21:51+00:00
空天技术,https://www.oaj.com.cn/Journal/%E7%A9%BA%E5%A4%A9%E6%8A%80%E6%9C%AF,2097-0714,,《空天技术》编辑部,中文,China,金色OA,Frontier Science Journal,,OAJ,https://www.oaj.com.cn/simplesearch?field=1,77,2026-05-21T07:21:51+00:00
航空兵器,https://www.oaj.com.cn/Journal/%E8%88%AA%E7%A9%BA%E5%85%B5%E5%99%A8,1673-5048,,《航空兵器》编辑部,中文,China,钻石OA,Frontier Science Journal,,OAJ,https://www.oaj.com.cn/simplesearch?field=1,77,2026-05-21T07:21:51+00:00
西北地质,https://www.oaj.com.cn/Journal/%E8%A5%BF%E5%8C%97%E5%9C%B0%E8%B4%A8,1009-6248,,科学出版社,中文,China,金色OA,Frontier Science Journal,,OAJ,https://www.oaj.com.cn/simplesearch?field=1,77,2026-05-21T07:21:51+00:00
采矿与岩层控制工程学报,https://www.oaj.com.cn/Journal/%E9%87%87%E7%9F%BF%E4%B8%8E%E5%B2%A9%E5%B1%82%E6%8E%A7%E5%88%B6%E5%B7%A5%E7%A8%8B%E5%AD%A6%E6%8A%A5,2096-7187,,采矿与岩层控制工程学报,中文,CHINA,金色OA,Frontier Science Journal,,OAJ,https://www.oaj.com.cn/simplesearch?field=1,77,2026-05-21T07:21:51+00:00
眼科新进展,https://www.oaj.com.cn/Journal/%E7%9C%BC%E7%A7%91%E6%96%B0%E8%BF%9B%E5%B1%95,1003-5141,,新乡医学院,中文,China,金色OA,Frontier Science Journal,,OAJ,https://www.oaj.com.cn/simplesearch?field=1,77,2026-05-21T07:21:51+00:00
计算机工程,https://www.oaj.com.cn/Journal/%E8%AE%A1%E7%AE%97%E6%9C%BA%E5%B7%A5%E7%A8%8B,1000-3428,,《计算机工程》编辑部,中文,China,金色OA,Frontier Science Journal,,OAJ,https://www.oaj.com.cn/simplesearch?field=1,77,2026-05-21T07:21:51+00:00
食品与机械,https://www.oaj.com.cn/Journal/%E9%A3%9F%E5%93%81%E4%B8%8E%E6%9C%BA%E6%A2%B0,1003-5788,,《食品与机械》编辑部,Chinese,China,Gold OA,Frontier Science Journal,,OAJ,https://www.oaj.com.cn/simplesearch?field=1,78,2026-05-21T07:21:51+00:00
食品科学,https://www.oaj.com.cn/Journal/%E9%A3%9F%E5%93%81%E7%A7%91%E5%AD%A6,1002-6630,,中国食品杂志社,Chinese,China,金色OA,Frontier Science Journal,,OAJ,https://www.oaj.com.cn/simplesearch?field=1,78,2026-05-21T07:21:51+00:00
风景园林,https://www.oaj.com.cn/Journal/%E9%A3%8E%E6%99%AF%E5%9B%AD%E6%9E%97,1673-1530,,北京《风景园林》杂志社有限公司,中文,China,金色OA,Frontier Science Journal,,OAJ,https://www.oaj.com.cn/simplesearch?field=1,78,2026-05-21T07:21:51+00:00
